نام موسسه,عنوان دوره,مبلغ دوره,بازه سنی,مقطع تحصیلی
"جهاد دانشگاهی اصفهان 20 درصد
(شماره تماس : 03137932073)
آدرس شعب در فایل پیوست",فتوشاپ مقدماتی و پیشرفته,2900000 تومان,6-7-8-9,دبستان1(6 تا 9 سال)
"جهاد دانشگاهی اصفهان 20 درصد
(شماره تماس : 03137932073)
آدرس شعب در فایل پیوست",صداسازی قرآنی و زیباخوانی قرآن و اذان,9000000 تومان,6-7-8-9,دبستان1(6 تا 9 سال)
"جهاد دانشگاهی اصفهان 20 درصد
(شماره تماس : 03137932073)
آدرس شعب در فایل پیوست",مهارت های ارتباطی,1200000 تومان,6-7-8-9,دبستان1(6 تا 9 سال)
"جهاد دانشگاهی اصفهان 20 درصد
(شماره تماس : 03137932073)
آدرس شعب در فایل پیوست",سواد رسانه ای,2400000 تومان,6-7-8-9,دبستان1(6 تا 9 سال)
"جهاد دانشگاهی اصفهان 20 درصد
(شماره تماس : 03137932073)
آدرس شعب در فایل پیوست",خبرنگاری و نشریه,1200000 تومان,6-7-8-9,دبستان1(6 تا 9 سال)
"جهاد دانشگاهی اصفهان 20 درصد
(شماره تماس : 03137932073)
آدرس شعب در فایل پیوست",خوشنویسی و تحریر,1700000 تومان,6-7-8-9,دبستان1(6 تا 9 سال)
"جهاد دانشگاهی اصفهان 20 درصد
(شماره تماس : 03137932073)
آدرس شعب در فایل پیوست",تولید محتوای فرهنگی,1500000 تومان,6-7-8-9,دبستان1(6 تا 9 سال)
"جهاد دانشگاهی اصفهان 20 درصد
(شماره تماس : 03137932073)
آدرس شعب در فایل پیوست",نقاشی,1000000 تومان,6-7-8-9,دبستان1(6 تا 9 سال)
"جهاد دانشگاهی اصفهان 20 درصد
(شماره تماس : 03137932073)
آدرس شعب در فایل پیوست",چرتکه,2900000 تومان,9-10-11-12,دبستان 2(9 تا 12 سال)
"جهاد دانشگاهی اصفهان 20 درصد
(شماره تماس : 03137932073)
آدرس شعب در فایل پیوست",بازی سازی با اسکرچ,2750000 تومان,9-10-11-12,دبستان 2(9 تا 12 سال)
"جهاد دانشگاهی اصفهان 20 درصد
(شماره تماس : 03137932073)
آدرس شعب در فایل پیوست",هوش مالی کودکان,2400000 تومان,9-10-11-12,دبستان 2(9 تا 12 سال)
"جهاد دانشگاهی اصفهان 20 درصد
(شماره تماس : 03137932073)
آدرس شعب در فایل پیوست",رباتیک,3000000 تومان,9-10-11-12,دبستان 2(9 تا 12 سال)
"جهاد دانشگاهی اصفهان 20 درصد
(شماره تماس : 03137932073)
آدرس شعب در فایل پیوست",فتوشاپ مقدماتی و پیشرفته,3500000 تومان,9-10-11-12,دبستان 2(9 تا 12 سال)
"جهاد دانشگاهی اصفهان 20 درصد
(شماره تماس : 03137932073)
آدرس شعب در فایل پیوست",صداسازی قرآنی و زیباخوانی قرآن و اذان,9000000 تومان,9-10-11-12,دبستان 2(9 تا 12 سال)
"جهاد دانشگاهی اصفهان 20 درصد
(شماره تماس : 03137932073)
آدرس شعب در فایل پیوست",مهارت های ارتباطی,1200000 تومان,9-10-11-12,دبستان 2(9 تا 12 سال)
"جهاد دانشگاهی اصفهان 20 درصد
(شماره تماس : 03137932073)
آدرس شعب در فایل پیوست",سواد رسانه ای,2400000 تومان,9-10-11-12,دبستان 2(9 تا 12 سال)
"جهاد دانشگاهی اصفهان 20 درصد
(شماره تماس : 03137932073)
آدرس شعب در فایل پیوست",خبرنگاری و نشریه,1200000 تومان,9-10-11-12,دبستان 2(9 تا 12 سال)
"جهاد دانشگاهی اصفهان 20 درصد
(شماره تماس : 03137932073)
آدرس شعب در فایل پیوست",خوشنویسی و تحریر,1700000 تومان,9-10-11-12,دبستان 2(9 تا 12 سال)
"جهاد دانشگاهی اصفهان 20 درصد
(شماره تماس : 03137932073)
آدرس شعب در فایل پیوست",تولید محتوای فرهنگی,1500000 تومان,9-10-11-12,دبستان 2(9 تا 12 سال)
"جهاد دانشگاهی اصفهان 20 درصد
(شماره تماس : 03137932073)
آدرس شعب در فایل پیوست",نقاشی,1000000 تومان,9-10-11-12,دبستان 2(9 تا 12 سال)
"جهاد دانشگاهی اصفهان 20 درصد
(شماره تماس : 03137932073)
آدرس شعب در فایل پیوست",هوش مصنوعی,2900000 تومان,12-13-14-15,متوسطه 1(12 تا 15 سال)
"جهاد دانشگاهی اصفهان 20 درصد
(شماره تماس : 03137932073)
آدرس شعب در فایل پیوست",ICDL,2400000 تومان,12-13-14-15,متوسطه 1(12 تا 15 سال)
"جهاد دانشگاهی اصفهان 20 درصد
(شماره تماس : 03137932073)
آدرس شعب در فایل پیوست",پایتون نوجوانان,9500000 تومان,12-13-14-15,متوسطه 1(12 تا 15 سال)
"جهاد دانشگاهی اصفهان 20 درصد
(شماره تماس : 03137932073)
آدرس شعب در فایل پیوست",طراحی سایت,4500000 تومان,12-13-14-15,متوسطه 1(12 تا 15 سال)
"جهاد دانشگاهی اصفهان 20 درصد
(شماره تماس : 03137932073)
آدرس شعب در فایل پیوست",فن بیان,4500000 تومان,12-13-14-15,متوسطه 1(12 تا 15 سال)
"جهاد دانشگاهی اصفهان 20 درصد
(شماره تماس : 03137932073)
آدرس شعب در فایل پیوست",فتوشاپ مقدماتی و پیشرفته,2400000 تومان,12-13-14-15,متوسطه 1(12 تا 15 سال)
"جهاد دانشگاهی اصفهان 20 درصد
(شماره تماس : 03137932073)
آدرس شعب در فایل پیوست",صداسازی قرآنی و زیباخوانی قرآن و اذان,9000000 تومان,12-13-14-15,متوسطه 1(12 تا 15 سال)
"جهاد دانشگاهی اصفهان 20 درصد
(شماره تماس : 03137932073)
آدرس شعب در فایل پیوست",مهارت های ارتباطی,1200000 تومان,12-13-14-15,متوسطه 1(12 تا 15 سال)
"جهاد دانشگاهی اصفهان 20 درصد
(شماره تماس : 03137932073)
آدرس شعب در فایل پیوست",سواد رسانه ای,2400000 تومان,12-13-14-15,متوسطه 1(12 تا 15 سال)
"جهاد دانشگاهی اصفهان 20 درصد
(شماره تماس : 03137932073)
آدرس شعب در فایل پیوست",خبرنگاری و نشریه,1200000 تومان,12-13-14-15,متوسطه 1(12 تا 15 سال)
"جهاد دانشگاهی اصفهان 20 درصد
(شماره تماس : 03137932073)
آدرس شعب در فایل پیوست",خوشنویسی و تحریر,1700000 تومان,12-13-14-15,متوسطه 1(12 تا 15 سال)
"جهاد دانشگاهی اصفهان 20 درصد
(شماره تماس : 03137932073)
آدرس شعب در فایل پیوست",تولید محتوای فرهنگی,1500000 تومان,12-13-14-15,متوسطه 1(12 تا 15 سال)
"جهاد دانشگاهی اصفهان 20 درصد
(شماره تماس : 03137932073)
آدرس شعب در فایل پیوست",تئاتر و بازیگری نوجوان,1000000 تومان,12-13-14-15,متوسطه 1(12 تا 15 سال)
"جهاد دانشگاهی اصفهان 20 درصد
(شماره تماس : 03137932073)
آدرس شعب در فایل پیوست",عکاسی با موبایل,1700000 تومان,12-13-14-15,متوسطه 1(12 تا 15 سال)
"جهاد دانشگاهی اصفهان 20 درصد
(شماره تماس : 03137932073)
آدرس شعب در فایل پیوست",نقاشی,2800000 تومان,12-13-14-15,متوسطه 1(12 تا 15 سال)
"جهاد دانشگاهی اصفهان 20 درصد
(شماره تماس : 03137932073)
آدرس شعب در فایل پیوست",هوش مصنوعی,2900000 تومان,15-16-17-18,متوسطه 2(15 تا 18 سال)
"جهاد دانشگاهی اصفهان 20 درصد
(شماره تماس : 03137932073)
آدرس شعب در فایل پیوست",ICDL,2400000 تومان,15-16-17-18,متوسطه 2(15 تا 18 سال)
"جهاد دانشگاهی اصفهان 20 درصد
(شماره تماس : 03137932073)
آدرس شعب در فایل پیوست",پایتون نوجوانان,9500000 تومان,15-16-17-18,متوسطه 2(15 تا 18 سال)
"جهاد دانشگاهی اصفهان 20 درصد
(شماره تماس : 03137932073)
آدرس شعب در فایل پیوست",طراحی سایت,4500000 تومان,15-16-17-18,متوسطه 2(15 تا 18 سال)
"جهاد دانشگاهی اصفهان 20 درصد
(شماره تماس : 03137932073)
آدرس شعب در فایل پیوست",فن بیان,4500000 تومان,15-16-17-18,متوسطه 2(15 تا 18 سال)
"جهاد دانشگاهی اصفهان 20 درصد
(شماره تماس : 03137932073)
آدرس شعب در فایل پیوست",فتوشاپ مقدماتی و پیشرفته,2400000 تومان,15-16-17-18,متوسطه 2(15 تا 18 سال)
"جهاد دانشگاهی اصفهان 20 درصد
(شماره تماس : 03137932073)
آدرس شعب در فایل پیوست",صداسازی قرآنی و زیباخوانی قرآن و اذان,9000000 تومان,15-16-17-18,متوسطه 2(15 تا 18 سال)
"جهاد دانشگاهی اصفهان 20 درصد
(شماره تماس : 03137932073)
آدرس شعب در فایل پیوست",مهارت های ارتباطی,1200000 تومان,15-16-17-18,متوسطه 2(15 تا 18 سال)
"جهاد دانشگاهی اصفهان 20 درصد
(شماره تماس : 03137932073)
آدرس شعب در فایل پیوست",سواد رسانه ای,2400000 تومان,15-16-17-18,متوسطه 2(15 تا 18 سال)
"جهاد دانشگاهی اصفهان 20 درصد
(شماره تماس : 03137932073)
آدرس شعب در فایل پیوست",خبرنگاری و نشریه,1200000 تومان,15-16-17-18,متوسطه 2(15 تا 18 سال)
"جهاد دانشگاهی اصفهان 20 درصد
(شماره تماس : 03137932073)
آدرس شعب در فایل پیوست",خوشنویسی و تحریر,1700000 تومان,15-16-17-18,متوسطه 2(15 تا 18 سال)
"جهاد دانشگاهی اصفهان 20 درصد
(شماره تماس : 03137932073)
آدرس شعب در فایل پیوست",تولید محتوای فرهنگی,1500000 تومان,15-16-17-18,متوسطه 2(15 تا 18 سال)
"جهاد دانشگاهی اصفهان 20 درصد
(شماره تماس : 03137932073)
آدرس شعب در فایل پیوست",تئاتر و بازیگری نوجوان,1000000 تومان,15-16-17-18,متوسطه 2(15 تا 18 سال)
"جهاد دانشگاهی اصفهان 20 درصد
(شماره تماس : 03137932073)
آدرس شعب در فایل پیوست",عکاسی با موبایل,1700000 تومان,15-16-17-18,متوسطه 2(15 تا 18 سال)
"جهاد دانشگاهی اصفهان 20 درصد
(شماره تماس : 03137932073)
آدرس شعب در فایل پیوست",نقاشی,2800000 تومان,15-16-17-18,متوسطه 2(15 تا 18 سال)
"جهاد دانشگاهی اصفهان 20 درصد
(شماره تماس : 03137932073)
آدرس شعب در فایل پیوست",راه اندازی مشاغل خانگی,3500000 تومان,19-...,بزرگسالان ( فرزندان-18 سال به بالا)
"جهاد دانشگاهی اصفهان 20 درصد
(شماره تماس : 03137932073)
آدرس شعب در فایل پیوست",ICDL,250000 تومان,19-...,بزرگسالان ( فرزندان-18 سال به بالا)
"جهاد دانشگاهی اصفهان 20 درصد
(شماره تماس : 03137932073)
آدرس شعب در فایل پیوست",امداد و نجات,9500000 تومان,19-...,بزرگسالان ( فرزندان-18 سال به بالا)
"جهاد دانشگاهی صنعتی اصفهان 20 درصد
(شماره تماس : 0313849)
آدرس شعب در فایل پیوست",زبان انگلیسی,2600000 تومان,6-7-8-9,دبستان1(6 تا 9 سال)
"جهاد دانشگاهی صنعتی اصفهان 20 درصد
(شماره تماس : 0313849)
آدرس شعب در فایل پیوست",زبان انگلیسی,2600000 تومان,9-10-11-12,دبستان 2(9 تا 12 سال)
"جهاد دانشگاهی صنعتی اصفهان 20 درصد
(شماره تماس : 0313849)
آدرس شعب در فایل پیوست",فوتوشاپ,4500000 تومان,12-13-14-15,متوسطه 1(12 تا 15 سال)
"جهاد دانشگاهی صنعتی اصفهان 20 درصد
(شماره تماس : 0313849)
آدرس شعب در فایل پیوست",زبان انگلیسی,3900000 تومان,12-13-14-15,متوسطه 1(12 تا 15 سال)
"جهاد دانشگاهی صنعتی اصفهان 20 درصد
(شماره تماس : 0313849)
آدرس شعب در فایل پیوست",باشگاه کارآفرین نوجوان,2600000 تومان,12-13-14-15,متوسطه 1(12 تا 15 سال)
"جهاد دانشگاهی صنعتی اصفهان 20 درصد
(شماره تماس : 0313849)
آدرس شعب در فایل پیوست",طراحی سایت,4500000 تومان,15-16-17-18,متوسطه 2(15 تا 18 سال)
"جهاد دانشگاهی صنعتی اصفهان 20 درصد
(شماره تماس : 0313849)
آدرس شعب در فایل پیوست",افترافکت,6400000 تومان,15-16-17-18,متوسطه 2(15 تا 18 سال)
"جهاد دانشگاهی صنعتی اصفهان 20 درصد
(شماره تماس : 0313849)
آدرس شعب در فایل پیوست",زبان انگلیسی,5400000 تومان,15-16-17-18,متوسطه 2(15 تا 18 سال)
"جهاد دانشگاهی صنعتی اصفهان 20 درصد
(شماره تماس : 0313849)
آدرس شعب در فایل پیوست",تولید محتوا با هوش مصنوعی,2600000 تومان,15-16-17-18,متوسطه 2(15 تا 18 سال)
"جهاد دانشگاهی صنعتی اصفهان 20 درصد
(شماره تماس : 0313849)
آدرس شعب در فایل پیوست",باشگاه کارآفرین نوجوان,3600000 تومان,15-16-17-18,متوسطه 2(15 تا 18 سال)
"جهاد دانشگاهی صنعتی اصفهان 20 درصد
(شماره تماس : 0313849)
آدرس شعب در فایل پیوست",طراحی سایت,6400000 تومان,19-...,بزرگسالان ( فرزندان-18 سال به بالا)
"جهاد دانشگاهی صنعتی اصفهان 20 درصد
(شماره تماس : 0313849)
آدرس شعب در فایل پیوست",افترافکت,6400000 تومان,19-...,بزرگسالان ( فرزندان-18 سال به بالا)
"جهاد دانشگاهی صنعتی اصفهان 20 درصد
(شماره تماس : 0313849)
آدرس شعب در فایل پیوست",زبان انگلیسی,5400000 تومان,19-...,بزرگسالان ( فرزندان-18 سال به بالا)
"جهاد دانشگاهی صنعتی اصفهان 20 درصد
(شماره تماس : 0313849)
آدرس شعب در فایل پیوست",تولید محتوا با هوش مصنوعی,3000000 تومان,19-...,بزرگسالان ( فرزندان-18 سال به بالا)
"جهاد دانشگاهی صنعتی اصفهان 20 درصد
(شماره تماس : 0313849)
آدرس شعب در فایل پیوست",یادگیری ماشین,3600000 تومان,19-...,بزرگسالان ( فرزندان-18 سال به بالا)
"مجتمع آموزشی متاکو 15 درصد
(شماره تماس : 03136683290)
آدرس : خیابان هزار جریب خیابان کارگر جنب فنی حرفه ای",پرامپت نویسی و راستی آزمایی Al,6800000 تومان,9-10-11-12,دبستان 2(9 تا 12 سال)
"مجتمع آموزشی متاکو 15 درصد
(شماره تماس : 03136683290)
آدرس : خیابان هزار جریب خیابان کارگر جنب فنی حرفه ای",اسکرچ,5500000 تومان,9-10-11-12,دبستان 2(9 تا 12 سال)
"مجتمع آموزشی متاکو 15 درصد
(شماره تماس : 03136683290)
آدرس : خیابان هزار جریب خیابان کارگر جنب فنی حرفه ای",هوش مصنوعی,6000000 تومان,9-10-11-12,دبستان 2(9 تا 12 سال)
"مجتمع آموزشی متاکو 15 درصد
(شماره تماس : 03136683290)
آدرس : خیابان هزار جریب خیابان کارگر جنب فنی حرفه ای",آموزش بازی سازی,6000000 تومان,9-10-11-12,دبستان 2(9 تا 12 سال)
"مجتمع آموزشی متاکو 15 درصد
(شماره تماس : 03136683290)
آدرس : خیابان هزار جریب خیابان کارگر جنب فنی حرفه ای",پایتون مقدماتی و پیشرفته,5100000 تومان,12-13-14-15,متوسطه 1(12 تا 15 سال)
"مجتمع آموزشی متاکو 15 درصد
(شماره تماس : 03136683290)
آدرس : خیابان هزار جریب خیابان کارگر جنب فنی حرفه ای",ساخت اپلیکیشن  با پایتون,5700000 تومان,12-13-14-15,متوسطه 1(12 تا 15 سال)
"مجتمع آموزشی متاکو 15 درصد
(شماره تماس : 03136683290)
آدرس : خیابان هزار جریب خیابان کارگر جنب فنی حرفه ای",پرامپت نویسی و راستی آزمایی Al,6000000 تومان,12-13-14-15,متوسطه 1(12 تا 15 سال)
"مجتمع آموزشی متاکو 15 درصد
(شماره تماس : 03136683290)
آدرس : خیابان هزار جریب خیابان کارگر جنب فنی حرفه ای",iCDL1(windows-Word-Power point-internet),6800000 تومان,12-13-14-15,متوسطه 1(12 تا 15 سال)
"مجتمع آموزشی متاکو 15 درصد
(شماره تماس : 03136683290)
آدرس : خیابان هزار جریب خیابان کارگر جنب فنی حرفه ای",اکسل,5100000 تومان,12-13-14-15,متوسطه 1(12 تا 15 سال)
"مجتمع آموزشی متاکو 15 درصد
(شماره تماس : 03136683290)
آدرس : خیابان هزار جریب خیابان کارگر جنب فنی حرفه ای",تولید محتوا با موبایل,5500000 تومان,12-13-14-15,متوسطه 1(12 تا 15 سال)
"مجتمع آموزشی متاکو 15 درصد
(شماره تماس : 03136683290)
آدرس : خیابان هزار جریب خیابان کارگر جنب فنی حرفه ای",هوش مصنوعی,7200000 تومان,12-13-14-15,متوسطه 1(12 تا 15 سال)
"مجتمع آموزشی متاکو 15 درصد
(شماره تماس : 03136683290)
آدرس : خیابان هزار جریب خیابان کارگر جنب فنی حرفه ای",لیگ های حرفه ای بازی سازی,6000000 تومان,12-13-14-15,متوسطه 1(12 تا 15 سال)
"مجتمع آموزشی متاکو 15 درصد
(شماره تماس : 03136683290)
آدرس : خیابان هزار جریب خیابان کارگر جنب فنی حرفه ای",پایتون مقدماتی و پیشرفته,5100000 تومان,15-16-17-18,متوسطه 2(15 تا 18 سال)
"مجتمع آموزشی متاکو 15 درصد
(شماره تماس : 03136683290)
آدرس : خیابان هزار جریب خیابان کارگر جنب فنی حرفه ای",ساخت اپلیکیشن  با پایتون,5700000 تومان,15-16-17-18,متوسطه 2(15 تا 18 سال)
"مجتمع آموزشی متاکو 15 درصد
(شماره تماس : 03136683290)
آدرس : خیابان هزار جریب خیابان کارگر جنب فنی حرفه ای",پرامپت نویسی و راستی آزمایی Al,6000000 تومان,15-16-17-18,متوسطه 2(15 تا 18 سال)
"مجتمع آموزشی متاکو 15 درصد
(شماره تماس : 03136683290)
آدرس : خیابان هزار جریب خیابان کارگر جنب فنی حرفه ای",iCDL1(windows-Word-Power point-internet),6800000 تومان,15-16-17-18,متوسطه 2(15 تا 18 سال)
"مجتمع آموزشی متاکو 15 درصد
(شماره تماس : 03136683290)
آدرس : خیابان هزار جریب خیابان کارگر جنب فنی حرفه ای",اکسل,5100000 تومان,15-16-17-18,متوسطه 2(15 تا 18 سال)
"مجتمع آموزشی متاکو 15 درصد
(شماره تماس : 03136683290)
آدرس : خیابان هزار جریب خیابان کارگر جنب فنی حرفه ای",تولید محتوا با موبایل,5500000 تومان,15-16-17-18,متوسطه 2(15 تا 18 سال)
"مجتمع آموزشی متاکو 15 درصد
(شماره تماس : 03136683290)
آدرس : خیابان هزار جریب خیابان کارگر جنب فنی حرفه ای",هوش مصنوعی,7200000 تومان,15-16-17-18,متوسطه 2(15 تا 18 سال)
"مجتمع آموزشی متاکو 15 درصد
(شماره تماس : 03136683290)
آدرس : خیابان هزار جریب خیابان کارگر جنب فنی حرفه ای",لیگ های حرفه ای بازی سازی,6000000 تومان,15-16-17-18,متوسطه 2(15 تا 18 سال)
"مجتمع آموزشی متاکو 15 درصد
(شماره تماس : 03136683290)
آدرس : خیابان هزار جریب خیابان کارگر جنب فنی حرفه ای",حسابداری ویژه بازار کار,7600000 تومان,19-...,بزرگسالان ( فرزندان-18 سال به بالا)
"مجتمع آموزشی متاکو 15 درصد
(شماره تماس : 03136683290)
آدرس : خیابان هزار جریب خیابان کارگر جنب فنی حرفه ای",پایتون,12700000 تومان,19-...,بزرگسالان ( فرزندان-18 سال به بالا)
"مجتمع آموزشی متاکو 15 درصد
(شماره تماس : 03136683290)
آدرس : خیابان هزار جریب خیابان کارگر جنب فنی حرفه ای",افترافکت,8100000 تومان,19-...,بزرگسالان ( فرزندان-18 سال به بالا)
"مجتمع آموزشی متاکو 15 درصد
(شماره تماس : 03136683290)
آدرس : خیابان هزار جریب خیابان کارگر جنب فنی حرفه ای",ICDL 1,6800000 تومان,19-...,بزرگسالان ( فرزندان-18 سال به بالا)
"مجتمع آموزشی متاکو 15 درصد
(شماره تماس : 03136683290)
آدرس : خیابان هزار جریب خیابان کارگر جنب فنی حرفه ای",فوتوشاپ,6800000 تومان,19-...,بزرگسالان ( فرزندان-18 سال به بالا)
"مجتمع آموزشی متاکو 15 درصد
(شماره تماس : 03136683290)
آدرس : خیابان هزار جریب خیابان کارگر جنب فنی حرفه ای",دوره کاربردی مدیر شبکه,6800000 تومان,19-...,بزرگسالان ( فرزندان-18 سال به بالا)
"مجتمع آموزشی متاکو 15 درصد
(شماره تماس : 03136683290)
آدرس : خیابان هزار جریب خیابان کارگر جنب فنی حرفه ای",هوش مصنوعی,15300000 تومان,19-...,بزرگسالان ( فرزندان-18 سال به بالا)
"اداره کل آموزش فنی و حرفه ای اصفهان
آدرس : خیابان هزار جریب خیابان کارگر",برق خودرو,1000000 تا 1500000 تومان,15-16-17-18,متوسطه 2(15 تا 18 سال)
"اداره کل آموزش فنی و حرفه ای اصفهان
آدرس : خیابان هزار جریب خیابان کارگر",ECU,1000000 تا 1500000 تومان,15-16-17-18,متوسطه 2(15 تا 18 سال)
"اداره کل آموزش فنی و حرفه ای اصفهان
آدرس : خیابان هزار جریب خیابان کارگر",PLC,1000000 تا 1500000 تومان,15-16-17-18,متوسطه 2(15 تا 18 سال)
"اداره کل آموزش فنی و حرفه ای اصفهان
آدرس : خیابان هزار جریب خیابان کارگر",مکانیک خودرو,1000000 تا 1500000 تومان,15-16-17-18,متوسطه 2(15 تا 18 سال)
"اداره کل آموزش فنی و حرفه ای اصفهان
آدرس : خیابان هزار جریب خیابان کارگر",تعمیرات موبایل,1000000 تا 1500000 تومان,15-16-17-18,متوسطه 2(15 تا 18 سال)
"اداره کل آموزش فنی و حرفه ای اصفهان
آدرس : خیابان هزار جریب خیابان کارگر",برق خودرو,1000000 تا 1500000 تومان,19-...,بزرگسالان ( فرزندان-18 سال به بالا)
"اداره کل آموزش فنی و حرفه ای اصفهان
آدرس : خیابان هزار جریب خیابان کارگر",ECU,1000000 تا 1500000 تومان,19-...,بزرگسالان ( فرزندان-18 سال به بالا)
"اداره کل آموزش فنی و حرفه ای اصفهان
آدرس : خیابان هزار جریب خیابان کارگر",PLC,1000000 تا 1500000 تومان,19-...,بزرگسالان ( فرزندان-18 سال به بالا)
"اداره کل آموزش فنی و حرفه ای اصفهان
آدرس : خیابان هزار جریب خیابان کارگر",مکانیک خودرو,1000000 تا 1500000 تومان,19-...,بزرگسالان ( فرزندان-18 سال به بالا)
"اداره کل آموزش فنی و حرفه ای اصفهان
آدرس : خیابان هزار جریب خیابان کارگر",تعمیرات موبایل,1000000 تا 1500000 تومان,19-...,بزرگسالان ( فرزندان-18 سال به بالا)
"تاسیسات گستران  15 درصد 
آدرس : چهارراه  رزمندگان  تلفن 09136002610
سه راه سیمین تلفن 09135551215",تعمیرات لوازم خانگی(یخچال،لباسشویی،ظرفشویی),8840000 تومان,15-16-17-18,متوسطه 2(15 تا 18 سال)
"تاسیسات گستران  15 درصد 
آدرس : چهارراه  رزمندگان  تلفن 09136002610
سه راه سیمین تلفن 09135551215",پنل خورشیدی,10540000 تومان,15-16-17-18,متوسطه 2(15 تا 18 سال)
"تاسیسات گستران  15 درصد 
آدرس : چهارراه  رزمندگان  تلفن 09136002610
سه راه سیمین تلفن 09135551215",پمپ و منبع آب,10540000 تومان,15-16-17-18,متوسطه 2(15 تا 18 سال)
"تاسیسات گستران  15 درصد 
آدرس : چهارراه  رزمندگان  تلفن 09136002610
سه راه سیمین تلفن 09135551215",تصفیه آب خانگی و نیمه صنعتی,8840000 تومان,15-16-17-18,متوسطه 2(15 تا 18 سال)
"تاسیسات گستران  15 درصد 
آدرس : چهارراه  رزمندگان  تلفن 09136002610
سه راه سیمین تلفن 09135551215",تعمیرات بردهای الکترونیکی,8840000 تومان,15-16-17-18,متوسطه 2(15 تا 18 سال)
"تاسیسات گستران  15 درصد 
آدرس : چهارراه  رزمندگان  تلفن 09136002610
سه راه سیمین تلفن 09135551215",نعمیر کولر گازی و اسپلیت,10540000 تومان,15-16-17-18,متوسطه 2(15 تا 18 سال)
"تاسیسات گستران  15 درصد 
آدرس : چهارراه  رزمندگان  تلفن 09136002610
سه راه سیمین تلفن 09135551215",تعمیرات لوازم خانگی(یخچال،لباسشویی،ظرفشویی),8840000 تومان,19-...,بزرگسالان ( فرزندان-18 سال به بالا)
"تاسیسات گستران  15 درصد 
آدرس : چهارراه  رزمندگان  تلفن 09136002610
سه راه سیمین تلفن 09135551215",پنل خورشیدی,10540000 تومان,19-...,بزرگسالان ( فرزندان-18 سال به بالا)
"تاسیسات گستران  15 درصد 
آدرس : چهارراه  رزمندگان  تلفن 09136002610
سه راه سیمین تلفن 09135551215",پمپ و منبع آب,10540000 تومان,19-...,بزرگسالان ( فرزندان-18 سال به بالا)
"تاسیسات گستران  15 درصد 
آدرس : چهارراه  رزمندگان  تلفن 09136002610
سه راه سیمین تلفن 09135551215",تصفیه آب خانگی و نیمه صنعتی,8840000 تومان,19-...,بزرگسالان ( فرزندان-18 سال به بالا)
"تاسیسات گستران  15 درصد 
آدرس : چهارراه  رزمندگان  تلفن 09136002610
سه راه سیمین تلفن 09135551215",تعمیرات بردهای الکترونیکی,8840000 تومان,19-...,بزرگسالان ( فرزندان-18 سال به بالا)
"تاسیسات گستران  15 درصد 
آدرس : چهارراه  رزمندگان  تلفن 09136002610
سه راه سیمین تلفن 09135551215",نعمیر کولر گازی و اسپلیت,10540000 تومان,19-...,بزرگسالان ( فرزندان-18 سال به بالا)
"مرکز تخصصی آیتک 10 درصد (شماره تماس : 03136671590)
آدرس : خیابان میر جنب آسمان هفتم",رباتیک,4800000 تومان,9-10-11-12,دبستان 2(9 تا 12 سال)
"مرکز تخصصی آیتک 10 درصد (شماره تماس : 03136671590)
آدرس : خیابان میر جنب آسمان هفتم",رباتیک,4800000 تومان,12-13-14-15,متوسطه 1(12 تا 15 سال)
"مرکز تخصصی آیتک 10 درصد (شماره تماس : 03136671590)
آدرس : خیابان میر جنب آسمان هفتم",رباتیک,4800000 تومان,15-16-17-18,متوسطه 2(15 تا 18 سال)
"مرکز تخصصی آیتک 10 درصد (شماره تماس : 03136671590)
آدرس : خیابان میر جنب آسمان هفتم",رباتیک,4800000 تومان,19-...,بزرگسالان ( فرزندان-18 سال به بالا)
"آموزش رباتیک صدرا 20 درصد     (شماره تماس : 03134416200)
آدرس : چهارراه رزمندگان-خیابان اصفهان ویلا ساختمان اداری ویلا",الکترونیک ربات,4000000 تومان,9-10-11-12,دبستان 2(9 تا 12 سال)
"آموزش رباتیک صدرا 20 درصد     (شماره تماس : 03134416200)
آدرس : چهارراه رزمندگان-خیابان اصفهان ویلا ساختمان اداری ویلا",قطعه شناسی,4300000 تومان,9-10-11-12,دبستان 2(9 تا 12 سال)
"آموزش رباتیک صدرا 20 درصد     (شماره تماس : 03134416200)
آدرس : چهارراه رزمندگان-خیابان اصفهان ویلا ساختمان اداری ویلا",قطعه شناسی,4300000 تومان,12-13-14-15,متوسطه 1(12 تا 15 سال)
"آموزش رباتیک صدرا 20 درصد     (شماره تماس : 03134416200)
آدرس : چهارراه رزمندگان-خیابان اصفهان ویلا ساختمان اداری ویلا",برنامه نویسی اینوبات و پایتون,4900000 تومان,12-13-14-15,متوسطه 1(12 تا 15 سال)
"آموزش رباتیک صدرا 20 درصد     (شماره تماس : 03134416200)
آدرس : چهارراه رزمندگان-خیابان اصفهان ویلا ساختمان اداری ویلا",نرم افزار آلتیوم دیزاینر,5200000 تومان,12-13-14-15,متوسطه 1(12 تا 15 سال)
"آموزش رباتیک صدرا 20 درصد     (شماره تماس : 03134416200)
آدرس : چهارراه رزمندگان-خیابان اصفهان ویلا ساختمان اداری ویلا",نرم افزار آلتیوم دیزاینر,5200000 تومان,15-16-17-18,متوسطه 2(15 تا 18 سال)
"آموزش رباتیک صدرا 20 درصد     (شماره تماس : 03134416200)
آدرس : چهارراه رزمندگان-خیابان اصفهان ویلا ساختمان اداری ویلا",سالیدورک,5700000 تومان,15-16-17-18,متوسطه 2(15 تا 18 سال)
"شهرک مشاغل
آدرس : سیتی سنتر سپاهان شهر",_,قیمت موجود نیست,4-5-6-,پیش دبستانی(5 سال یا کمتر)
"موسسه تیزفکری      (شماره تماس : 03136631001-2)
آدرس : خیابان احمدآباد کوچه19 پلاک9",کودک توانمند,3500000 تومان,4-5-6-,پیش دبستانی(5 سال یا کمتر)
"موسسه تیزفکری      (شماره تماس : 03136631001-2)
آدرس : خیابان احمدآباد کوچه19 پلاک9",کودک توانمند,5500000 تومان,6-7-8-9,دبستان1(6 تا 9 سال)
"موسسه تیزفکری      (شماره تماس : 03136631001-2)
آدرس : خیابان احمدآباد کوچه19 پلاک9",کودک توانمند,5500000 تومان,9-10-11-12,دبستان 2(9 تا 12 سال)
"موسسه تیزفکری      (شماره تماس : 03136631001-2)
آدرس : خیابان احمدآباد کوچه19 پلاک9",کارگاه کارآگاهی,3500000 تومان,9-10-11-12,دبستان 2(9 تا 12 سال)
"موسسه تیزفکری      (شماره تماس : 03136631001-2)
آدرس : خیابان احمدآباد کوچه19 پلاک9",تفکر طراحی,1300000 تومان,9-10-11-12,دبستان 2(9 تا 12 سال)
"موسسه تیزفکری      (شماره تماس : 03136631001-2)
آدرس : خیابان احمدآباد کوچه19 پلاک9",کارگاه کارآگاهی,1600000 تومان,12-13-14-15,متوسطه 1(12 تا 15 سال)
"موسسه تیزفکری      (شماره تماس : 03136631001-2)
آدرس : خیابان احمدآباد کوچه19 پلاک9",کارگاه کارآگاهی,1600000 تومان,15-16-17-18,متوسطه 2(15 تا 18 سال)
"موسسه تیزفکری      (شماره تماس : 03136631001-2)
آدرس : خیابان احمدآباد کوچه19 پلاک9",تکان دهنده,1300000 تومان,15-16-17-18,متوسطه 2(15 تا 18 سال)
"موسسه تیزفکری      (شماره تماس : 03136631001-2)
آدرس : خیابان احمدآباد کوچه19 پلاک9",تفکر نقادانه,3500000 تومان,19-...,بزرگسالان ( فرزندان-18 سال به بالا)
"سازمان فرهنگی شهرداری (سایر دوره ها new.sharvandedu.ir)    (شماره تماس : 03132658577)
آدرس : در اکثر نقاط شهرستان",تئاتر,430000 تومان,4-5-6-,پیش دبستانی(5 سال یا کمتر)
"سازمان فرهنگی شهرداری (سایر دوره ها new.sharvandedu.ir)    (شماره تماس : 03132658577)
آدرس : در اکثر نقاط شهرستان",بسته های آموزشی ویژه کودک,580000 تومان,4-5-6-,پیش دبستانی(5 سال یا کمتر)
"سازمان فرهنگی شهرداری (سایر دوره ها new.sharvandedu.ir)    (شماره تماس : 03132658577)
آدرس : در اکثر نقاط شهرستان",کاردستی کودک، مهارتهای زندگی,362000 تومان,4-5-6-,پیش دبستانی(5 سال یا کمتر)
"سازمان فرهنگی شهرداری (سایر دوره ها new.sharvandedu.ir)    (شماره تماس : 03132658577)
آدرس : در اکثر نقاط شهرستان",خلاقیت، مهارت های تفکر,400000 تومان,4-5-6-,پیش دبستانی(5 سال یا کمتر)
"سازمان فرهنگی شهرداری (سایر دوره ها new.sharvandedu.ir)    (شماره تماس : 03132658577)
آدرس : در اکثر نقاط شهرستان",تئاتر,430000 تومان,9-10-11-12,دبستان 2(9 تا 12 سال)
"سازمان فرهنگی شهرداری (سایر دوره ها new.sharvandedu.ir)    (شماره تماس : 03132658577)
آدرس : در اکثر نقاط شهرستان",فن بیان,580000 تومان,9-10-11-12,دبستان 2(9 تا 12 سال)
"سازمان فرهنگی شهرداری (سایر دوره ها new.sharvandedu.ir)    (شماره تماس : 03132658577)
آدرس : در اکثر نقاط شهرستان",تئاتر,430000 تومان,12-13-14-15,متوسطه 1(12 تا 15 سال)
"سازمان فرهنگی شهرداری (سایر دوره ها new.sharvandedu.ir)    (شماره تماس : 03132658577)
آدرس : در اکثر نقاط شهرستان",فن بیان,580000 تومان,12-13-14-15,متوسطه 1(12 تا 15 سال)
"سازمان فرهنگی شهرداری (سایر دوره ها new.sharvandedu.ir)    (شماره تماس : 03132658577)
آدرس : در اکثر نقاط شهرستان",طراحی مقدماتی,600000 تومان,12-13-14-15,متوسطه 1(12 تا 15 سال)
"سازمان فرهنگی شهرداری (سایر دوره ها new.sharvandedu.ir)    (شماره تماس : 03132658577)
آدرس : در اکثر نقاط شهرستان",تکواندو، کاراته، نینجا، دفاع شخصی، کیک بوکسینگ,472000 تومان,12-13-14-15,متوسطه 1(12 تا 15 سال)
"سازمان فرهنگی شهرداری (سایر دوره ها new.sharvandedu.ir)    (شماره تماس : 03132658577)
آدرس : در اکثر نقاط شهرستان",شطرنج,550000 تومان,12-13-14-15,متوسطه 1(12 تا 15 سال)
"سازمان فرهنگی شهرداری (سایر دوره ها new.sharvandedu.ir)    (شماره تماس : 03132658577)
آدرس : در اکثر نقاط شهرستان",فن بیان,430000 تومان,15-16-17-18,متوسطه 2(15 تا 18 سال)
"سازمان فرهنگی شهرداری (سایر دوره ها new.sharvandedu.ir)    (شماره تماس : 03132658577)
آدرس : در اکثر نقاط شهرستان",طراحی پیشرفته,600000 تومان,15-16-17-18,متوسطه 2(15 تا 18 سال)
"سازمان فرهنگی شهرداری (سایر دوره ها new.sharvandedu.ir)    (شماره تماس : 03132658577)
آدرس : در اکثر نقاط شهرستان",تکواندو، کاراته، نینجا، دفاع شخصی، کیک بوکسینگ,472000 تومان,15-16-17-18,متوسطه 2(15 تا 18 سال)
"سازمان فرهنگی شهرداری (سایر دوره ها new.sharvandedu.ir)    (شماره تماس : 03132658577)
آدرس : در اکثر نقاط شهرستان",شطرنج پیشرفته,550000 تومان,15-16-17-18,متوسطه 2(15 تا 18 سال)
"سازمان فرهنگی شهرداری (سایر دوره ها new.sharvandedu.ir)    (شماره تماس : 03132658577)
آدرس : در اکثر نقاط شهرستان",شطرنج,440000 تومان,19-...,بزرگسالان ( فرزندان-18 سال به بالا)
"سازمان فرهنگی شهرداری (سایر دوره ها new.sharvandedu.ir)    (شماره تماس : 03132658577)
آدرس : در اکثر نقاط شهرستان",تاب آوری، آشنایی با تیپ های شخصیتی، حل مسئله، تصمیم گیری موثر,72000 تومان,19-...,بزرگسالان ( فرزندان-18 سال به بالا)
"سازمان فرهنگی شهرداری (سایر دوره ها new.sharvandedu.ir)    (شماره تماس : 03132658577)
آدرس : در اکثر نقاط شهرستان",تکواندو، کاراته، نینجا، دفاع شخصی، کیک بوکسینگ,550000 تومان,19-...,بزرگسالان ( فرزندان-18 سال به بالا)
"سازمان فرهنگی شهرداری (سایر دوره ها new.sharvandedu.ir)    (شماره تماس : 03132658577)
آدرس : در اکثر نقاط شهرستان",ایروبیک، پیلاتس، آمادگی جسمانی، ژیمناستیک، فیتنس، یوگا,550000 تومان,19-...,بزرگسالان ( فرزندان-18 سال به بالا)
"مجموعه آموزشی ستاک     (شماره تماس : 09138236008-09131252940)
آدرس : خیابان هشت بهشت غربی نبش کوچه 25",سازه ماکارونی,1900000 تومان,6-7-8-9,دبستان1(6 تا 9 سال)
"مجموعه آموزشی ستاک     (شماره تماس : 09138236008-09131252940)
آدرس : خیابان هشت بهشت غربی نبش کوچه 25",رباتیک (برنامه نویسی),1900000 تومان,9-10-11-12,دبستان 2(9 تا 12 سال)
"مجموعه آموزشی ستاک     (شماره تماس : 09138236008-09131252940)
آدرس : خیابان هشت بهشت غربی نبش کوچه 25",سازه ماکارونی,1900000 تومان,9-10-11-12,دبستان 2(9 تا 12 سال)
"مجموعه آموزشی ستاک     (شماره تماس : 09138236008-09131252940)
آدرس : خیابان هشت بهشت غربی نبش کوچه 25",رباتیک (برنامه نویسی),1900000 تومان,12-13-14-15,متوسطه 1(12 تا 15 سال)
"مجموعه آموزشی ستاک     (شماره تماس : 09138236008-09131252940)
آدرس : خیابان هشت بهشت غربی نبش کوچه 25",سازه ماکارونی,1900000 تومان,12-13-14-15,متوسطه 1(12 تا 15 سال)
"مجموعه آموزشی ستاک     (شماره تماس : 09138236008-09131252940)
آدرس : خیابان هشت بهشت غربی نبش کوچه 25",ابزارهای هوش مصنوعی,1200000 تومان,12-13-14-15,متوسطه 1(12 تا 15 سال)
"مجموعه آموزشی ستاک     (شماره تماس : 09138236008-09131252940)
آدرس : خیابان هشت بهشت غربی نبش کوچه 25",رباتیک (برنامه نویسی),1900000 تومان,15-16-17-18,متوسطه 2(15 تا 18 سال)
"مجموعه آموزشی ستاک     (شماره تماس : 09138236008-09131252940)
آدرس : خیابان هشت بهشت غربی نبش کوچه 25",سازه ماکارونی,1900000 تومان,15-16-17-18,متوسطه 2(15 تا 18 سال)
"مجموعه آموزشی ستاک     (شماره تماس : 09138236008-09131252940)
آدرس : خیابان هشت بهشت غربی نبش کوچه 25",ابزارهای هوش مصنوعی,1200000 تومان,15-16-17-18,متوسطه 2(15 تا 18 سال)
"مجموعه آموزشی ستاک     (شماره تماس : 09138236008-09131252940)
آدرس : خیابان هشت بهشت غربی نبش کوچه 25",رباتیک (برنامه نویسی),1900000 تومان,19-...,بزرگسالان ( فرزندان-18 سال به بالا)
"مجموعه آموزشی ستاک     (شماره تماس : 09138236008-09131252940)
آدرس : خیابان هشت بهشت غربی نبش کوچه 25",سازه ماکارونی,1900000 تومان,19-...,بزرگسالان ( فرزندان-18 سال به بالا)
"مجموعه آموزشی ستاک     (شماره تماس : 09138236008-09131252940)
آدرس : خیابان هشت بهشت غربی نبش کوچه 25",ابزارهای هوش مصنوعی,1200000 تومان,19-...,بزرگسالان ( فرزندان-18 سال به بالا)
"شرکت مانا       (شماره تماس : 09132000818)
آدرس شعب در فایل پیوست",کارگاه ارگونومی و حرکات اصلاحی,500000 تومان,4-5-6-,پیش دبستانی(5 سال یا کمتر)
"شرکت مانا       (شماره تماس : 09132000818)
آدرس شعب در فایل پیوست",آموزش شنا,1500000 تومان,6-7-8-9,دبستان1(6 تا 9 سال)
"شرکت مانا       (شماره تماس : 09132000818)
آدرس شعب در فایل پیوست",دارت، فوتبال دستی,2500000 تومان,6-7-8-9,دبستان1(6 تا 9 سال)
"شرکت مانا       (شماره تماس : 09132000818)
آدرس شعب در فایل پیوست",آموزش هندبال ، بدمینتون,600000 تومان,6-7-8-9,دبستان1(6 تا 9 سال)
"شرکت مانا       (شماره تماس : 09132000818)
آدرس شعب در فایل پیوست",کارگاه ارگونومی و حرکات اصلاحی,900000 تومان,6-7-8-9,دبستان1(6 تا 9 سال)
"شرکت مانا       (شماره تماس : 09132000818)
آدرس شعب در فایل پیوست",آموزش شنا,1500000 تومان,9-10-11-12,دبستان 2(9 تا 12 سال)
"شرکت مانا       (شماره تماس : 09132000818)
آدرس شعب در فایل پیوست",دارت، فوتبال دستی,2500000 تومان,9-10-11-12,دبستان 2(9 تا 12 سال)
"شرکت مانا       (شماره تماس : 09132000818)
آدرس شعب در فایل پیوست",آموزش هندبال ، بدمینتون,600000 تومان,9-10-11-12,دبستان 2(9 تا 12 سال)
"شرکت مانا       (شماره تماس : 09132000818)
آدرس شعب در فایل پیوست",کارگاه ارگونومی و حرکات اصلاحی,900000 تومان,9-10-11-12,دبستان 2(9 تا 12 سال)
"شرکت مانا       (شماره تماس : 09132000818)
آدرس شعب در فایل پیوست",آموزش شنا,1500000 تومان,12-13-14-15,متوسطه 1(12 تا 15 سال)
"شرکت مانا       (شماره تماس : 09132000818)
آدرس شعب در فایل پیوست",دارت، فوتبال دستی,2500000 تومان,12-13-14-15,متوسطه 1(12 تا 15 سال)
"شرکت مانا       (شماره تماس : 09132000818)
آدرس شعب در فایل پیوست",آموزش هندبال ، بدمینتون,600000 تومان,12-13-14-15,متوسطه 1(12 تا 15 سال)
"شرکت مانا       (شماره تماس : 09132000818)
آدرس شعب در فایل پیوست",کارگاه ارگونومی و حرکات اصلاحی,900000 تومان,12-13-14-15,متوسطه 1(12 تا 15 سال)
"شرکت مانا       (شماره تماس : 09132000818)
آدرس شعب در فایل پیوست",آموزش شنا,1500000 تومان,15-16-17-18,متوسطه 2(15 تا 18 سال)
"شرکت مانا       (شماره تماس : 09132000818)
آدرس شعب در فایل پیوست",دارت، فوتبال دستی,2500000 تومان,15-16-17-18,متوسطه 2(15 تا 18 سال)
"شرکت مانا       (شماره تماس : 09132000818)
آدرس شعب در فایل پیوست",آموزش هندبال ، بدمینتون,600000 تومان,15-16-17-18,متوسطه 2(15 تا 18 سال)
"شرکت مانا       (شماره تماس : 09132000818)
آدرس شعب در فایل پیوست",کارگاه ارگونومی و حرکات اصلاحی,900000 تومان,15-16-17-18,متوسطه 2(15 تا 18 سال)
"شرکت مانا       (شماره تماس : 09132000818)
آدرس شعب در فایل پیوست",کوهگشت های خانوادگی، اردوهای تفریحی خانوادگی,1000000 تومان,19-...,بزرگسالان ( فرزندان-18 سال به بالا)
"شرکت مانا       (شماره تماس : 09132000818)
آدرس شعب در فایل پیوست",دارت، فوتبال دستی,450000 تومان,19-...,بزرگسالان ( فرزندان-18 سال به بالا)
"شرکت مانا       (شماره تماس : 09132000818)
آدرس شعب در فایل پیوست",ماساژدرمانی، آب درمانی,600000 تومان,19-...,بزرگسالان ( فرزندان-18 سال به بالا)
"شرکت مانا       (شماره تماس : 09132000818)
آدرس شعب در فایل پیوست",کارگاه سبک زندگی و تغذیه سالم,1200000 تومان,19-...,بزرگسالان ( فرزندان-18 سال به بالا)
"شرکت مانا       (شماره تماس : 09132000818)
آدرس شعب در فایل پیوست",کارگاه ارگونومی و حرکات اصلاحی,400000 تومان,19-...,بزرگسالان ( فرزندان-18 سال به بالا)
"مجموعه ورزشی خلیج فارس
(شماره تماس: 03134202225-09136330633)
آدرس: ملکشهر، خیابان بهارستان غربی، جنب شهرداری منطقه 12",آموزش تنیس 1 نفره 10 جلسه,15000000 تومان,9-10-11-12,دبستان 2(9 تا 12 سال)
"مجموعه ورزشی خلیج فارس
(شماره تماس: 03134202225-09136330633)
آدرس: ملکشهر، خیابان بهارستان غربی، جنب شهرداری منطقه 12",آموزش تنیس 2 نفره 10 جلسه,12500000 تومان,9-10-11-12,دبستان 2(9 تا 12 سال)
"مجموعه ورزشی خلیج فارس
(شماره تماس: 03134202225-09136330633)
آدرس: ملکشهر، خیابان بهارستان غربی، جنب شهرداری منطقه 12",آموزش تنیس 3 نفره 10 جلسه,8000000 تومان,9-10-11-12,دبستان 2(9 تا 12 سال)
"مجموعه ورزشی خلیج فارس
(شماره تماس: 03134202225-09136330633)
آدرس: ملکشهر، خیابان بهارستان غربی، جنب شهرداری منطقه 12",آموزش تنیس 4 نفره 10 جلسه,6000000 تومان,9-10-11-12,دبستان 2(9 تا 12 سال)
"مجموعه ورزشی خلیج فارس
(شماره تماس: 03134202225-09136330633)
آدرس: ملکشهر، خیابان بهارستان غربی، جنب شهرداری منطقه 12",بدنسازی آقایان 8 جلسه,5000000 تومان,9-10-11-12,دبستان 2(9 تا 12 سال)
"مجموعه ورزشی خلیج فارس
(شماره تماس: 03134202225-09136330633)
آدرس: ملکشهر، خیابان بهارستان غربی، جنب شهرداری منطقه 12",بدنسازی آقایان 12 جلسه,1495000 تومان,9-10-11-12,دبستان 2(9 تا 12 سال)
"مجموعه ورزشی خلیج فارس
(شماره تماس: 03134202225-09136330633)
آدرس: ملکشهر، خیابان بهارستان غربی، جنب شهرداری منطقه 12",بدنسازی آقایان 16 جلسه,1750000 تومان,9-10-11-12,دبستان 2(9 تا 12 سال)
"مجموعه ورزشی خلیج فارس
(شماره تماس: 03134202225-09136330633)
آدرس: ملکشهر، خیابان بهارستان غربی، جنب شهرداری منطقه 12",بدنسازی آقایان 20 جلسه,1950000 تومان,9-10-11-12,دبستان 2(9 تا 12 سال)
"مجموعه ورزشی خلیج فارس
(شماره تماس: 03134202225-09136330633)
آدرس: ملکشهر، خیابان بهارستان غربی، جنب شهرداری منطقه 12",بدنسازی آقایان 25 جلسه,2250000 تومان,9-10-11-12,دبستان 2(9 تا 12 سال)
"مجموعه ورزشی خلیج فارس
(شماره تماس: 03134202225-09136330633)
آدرس: ملکشهر، خیابان بهارستان غربی، جنب شهرداری منطقه 12",بدنسازی خانم ها 8 جلسه,2700000 تومان,9-10-11-12,دبستان 2(9 تا 12 سال)
"مجموعه ورزشی خلیج فارس
(شماره تماس: 03134202225-09136330633)
آدرس: ملکشهر، خیابان بهارستان غربی، جنب شهرداری منطقه 12",بدنسازی خانم ها 12 جلسه,1235000 تومان,9-10-11-12,دبستان 2(9 تا 12 سال)
"مجموعه ورزشی خلیج فارس
(شماره تماس: 03134202225-09136330633)
آدرس: ملکشهر، خیابان بهارستان غربی، جنب شهرداری منطقه 12",بدنسازی خانم ها 16 جلسه,1495000 تومان,9-10-11-12,دبستان 2(9 تا 12 سال)
"مجموعه ورزشی خلیج فارس
(شماره تماس: 03134202225-09136330633)
آدرس: ملکشهر، خیابان بهارستان غربی، جنب شهرداری منطقه 12",بدنسازی خانم ها 20 جلسه,1750000 تومان,9-10-11-12,دبستان 2(9 تا 12 سال)
"مجموعه ورزشی خلیج فارس
(شماره تماس: 03134202225-09136330633)
آدرس: ملکشهر، خیابان بهارستان غربی، جنب شهرداری منطقه 12",بدنسازی خانم ها 25 جلسه,2000000 تومان,9-10-11-12,دبستان 2(9 تا 12 سال)
"مجموعه ورزشی خلیج فارس
(شماره تماس: 03134202225-09136330633)
آدرس: ملکشهر، خیابان بهارستان غربی، جنب شهرداری منطقه 12",آموزش تنیس 1 نفره 10 جلسه,15000000 تومان,12-13-14-15,متوسطه 1(12 تا 15 سال)
"مجموعه ورزشی خلیج فارس
(شماره تماس: 03134202225-09136330633)
آدرس: ملکشهر، خیابان بهارستان غربی، جنب شهرداری منطقه 12",آموزش تنیس 2 نفره 10 جلسه,12500000 تومان,12-13-14-15,متوسطه 1(12 تا 15 سال)
"مجموعه ورزشی خلیج فارس
(شماره تماس: 03134202225-09136330633)
آدرس: ملکشهر، خیابان بهارستان غربی، جنب شهرداری منطقه 12",آموزش تنیس 3 نفره 10 جلسه,8000000 تومان,12-13-14-15,متوسطه 1(12 تا 15 سال)
"مجموعه ورزشی خلیج فارس
(شماره تماس: 03134202225-09136330633)
آدرس: ملکشهر، خیابان بهارستان غربی، جنب شهرداری منطقه 12",آموزش تنیس 4 نفره 10 جلسه,6000000 تومان,12-13-14-15,متوسطه 1(12 تا 15 سال)
"مجموعه ورزشی خلیج فارس
(شماره تماس: 03134202225-09136330633)
آدرس: ملکشهر، خیابان بهارستان غربی، جنب شهرداری منطقه 12",بدنسازی آقایان 8 جلسه,5000000 تومان,12-13-14-15,متوسطه 1(12 تا 15 سال)
"مجموعه ورزشی خلیج فارس
(شماره تماس: 03134202225-09136330633)
آدرس: ملکشهر، خیابان بهارستان غربی، جنب شهرداری منطقه 12",بدنسازی آقایان 12 جلسه,1495000 تومان,12-13-14-15,متوسطه 1(12 تا 15 سال)
"مجموعه ورزشی خلیج فارس
(شماره تماس: 03134202225-09136330633)
آدرس: ملکشهر، خیابان بهارستان غربی، جنب شهرداری منطقه 12",بدنسازی آقایان 16 جلسه,1750000 تومان,12-13-14-15,متوسطه 1(12 تا 15 سال)
"مجموعه ورزشی خلیج فارس
(شماره تماس: 03134202225-09136330633)
آدرس: ملکشهر، خیابان بهارستان غربی، جنب شهرداری منطقه 12",بدنسازی آقایان 20 جلسه,1950000 تومان,12-13-14-15,متوسطه 1(12 تا 15 سال)
"مجموعه ورزشی خلیج فارس
(شماره تماس: 03134202225-09136330633)
آدرس: ملکشهر، خیابان بهارستان غربی، جنب شهرداری منطقه 12",بدنسازی آقایان 25 جلسه,2250000 تومان,12-13-14-15,متوسطه 1(12 تا 15 سال)
"مجموعه ورزشی خلیج فارس
(شماره تماس: 03134202225-09136330633)
آدرس: ملکشهر، خیابان بهارستان غربی، جنب شهرداری منطقه 12",بدنسازی خانم ها 8 جلسه,2700000 تومان,12-13-14-15,متوسطه 1(12 تا 15 سال)
"مجموعه ورزشی خلیج فارس
(شماره تماس: 03134202225-09136330633)
آدرس: ملکشهر، خیابان بهارستان غربی، جنب شهرداری منطقه 12",بدنسازی خانم ها 12 جلسه,1235000 تومان,12-13-14-15,متوسطه 1(12 تا 15 سال)
"مجموعه ورزشی خلیج فارس
(شماره تماس: 03134202225-09136330633)
آدرس: ملکشهر، خیابان بهارستان غربی، جنب شهرداری منطقه 12",بدنسازی خانم ها 16 جلسه,1495000 تومان,12-13-14-15,متوسطه 1(12 تا 15 سال)
"مجموعه ورزشی خلیج فارس
(شماره تماس: 03134202225-09136330633)
آدرس: ملکشهر، خیابان بهارستان غربی، جنب شهرداری منطقه 12",بدنسازی خانم ها 20 جلسه,1750000 تومان,12-13-14-15,متوسطه 1(12 تا 15 سال)
"مجموعه ورزشی خلیج فارس
(شماره تماس: 03134202225-09136330633)
آدرس: ملکشهر، خیابان بهارستان غربی، جنب شهرداری منطقه 12",بدنسازی خانم ها 25 جلسه,2000000 تومان,12-13-14-15,متوسطه 1(12 تا 15 سال)
"مجموعه ورزشی خلیج فارس
(شماره تماس: 03134202225-09136330633)
آدرس: ملکشهر، خیابان بهارستان غربی، جنب شهرداری منطقه 12",آموزش تنیس 1 نفره 10 جلسه,15000000 تومان,15-16-17-18,متوسطه 2(15 تا 18 سال)
"مجموعه ورزشی خلیج فارس
(شماره تماس: 03134202225-09136330633)
آدرس: ملکشهر، خیابان بهارستان غربی، جنب شهرداری منطقه 12",آموزش تنیس 2 نفره 10 جلسه,12500000 تومان,15-16-17-18,متوسطه 2(15 تا 18 سال)
"مجموعه ورزشی خلیج فارس
(شماره تماس: 03134202225-09136330633)
آدرس: ملکشهر، خیابان بهارستان غربی، جنب شهرداری منطقه 12",آموزش تنیس 3 نفره 10 جلسه,8000000 تومان,15-16-17-18,متوسطه 2(15 تا 18 سال)
"مجموعه ورزشی خلیج فارس
(شماره تماس: 03134202225-09136330633)
آدرس: ملکشهر، خیابان بهارستان غربی، جنب شهرداری منطقه 12",آموزش تنیس 4 نفره 10 جلسه,6000000 تومان,15-16-17-18,متوسطه 2(15 تا 18 سال)
"مجموعه ورزشی خلیج فارس
(شماره تماس: 03134202225-09136330633)
آدرس: ملکشهر، خیابان بهارستان غربی، جنب شهرداری منطقه 12",بدنسازی آقایان 8 جلسه,5000000 تومان,15-16-17-18,متوسطه 2(15 تا 18 سال)
"مجموعه ورزشی خلیج فارس
(شماره تماس: 03134202225-09136330633)
آدرس: ملکشهر، خیابان بهارستان غربی، جنب شهرداری منطقه 12",بدنسازی آقایان 12 جلسه,1495000 تومان,15-16-17-18,متوسطه 2(15 تا 18 سال)
"مجموعه ورزشی خلیج فارس
(شماره تماس: 03134202225-09136330633)
آدرس: ملکشهر، خیابان بهارستان غربی، جنب شهرداری منطقه 12",بدنسازی آقایان 16 جلسه,1750000 تومان,15-16-17-18,متوسطه 2(15 تا 18 سال)
"مجموعه ورزشی خلیج فارس
(شماره تماس: 03134202225-09136330633)
آدرس: ملکشهر، خیابان بهارستان غربی، جنب شهرداری منطقه 12",بدنسازی آقایان 20 جلسه,1950000 تومان,15-16-17-18,متوسطه 2(15 تا 18 سال)
"مجموعه ورزشی خلیج فارس
(شماره تماس: 03134202225-09136330633)
آدرس: ملکشهر، خیابان بهارستان غربی، جنب شهرداری منطقه 12",بدنسازی آقایان 25 جلسه,2250000 تومان,15-16-17-18,متوسطه 2(15 تا 18 سال)
"مجموعه ورزشی خلیج فارس
(شماره تماس: 03134202225-09136330633)
آدرس: ملکشهر، خیابان بهارستان غربی، جنب شهرداری منطقه 12",بدنسازی خانم ها 8 جلسه,2700000 تومان,15-16-17-18,متوسطه 2(15 تا 18 سال)
"مجموعه ورزشی خلیج فارس
(شماره تماس: 03134202225-09136330633)
آدرس: ملکشهر، خیابان بهارستان غربی، جنب شهرداری منطقه 12",بدنسازی خانم ها 12 جلسه,1235000 تومان,15-16-17-18,متوسطه 2(15 تا 18 سال)
"مجموعه ورزشی خلیج فارس
(شماره تماس: 03134202225-09136330633)
آدرس: ملکشهر، خیابان بهارستان غربی، جنب شهرداری منطقه 12",بدنسازی خانم ها 16 جلسه,1495000 تومان,15-16-17-18,متوسطه 2(15 تا 18 سال)
"مجموعه ورزشی خلیج فارس
(شماره تماس: 03134202225-09136330633)
آدرس: ملکشهر، خیابان بهارستان غربی، جنب شهرداری منطقه 12",بدنسازی خانم ها 20 جلسه,1750000 تومان,15-16-17-18,متوسطه 2(15 تا 18 سال)
"مجموعه ورزشی خلیج فارس
(شماره تماس: 03134202225-09136330633)
آدرس: ملکشهر، خیابان بهارستان غربی، جنب شهرداری منطقه 12",بدنسازی خانم ها 25 جلسه,2000000 تومان,15-16-17-18,متوسطه 2(15 تا 18 سال)
"مجموعه ورزشی خلیج فارس
(شماره تماس: 03134202225-09136330633)
آدرس: ملکشهر، خیابان بهارستان غربی، جنب شهرداری منطقه 12",آموزش تنیس 1 نفره 10 جلسه,15000000 تومان,19-...,بزرگسالان ( فرزندان-18 سال به بالا)
"مجموعه ورزشی خلیج فارس
(شماره تماس: 03134202225-09136330633)
آدرس: ملکشهر، خیابان بهارستان غربی، جنب شهرداری منطقه 12",آموزش تنیس 2 نفره 10 جلسه,12500000 تومان,19-...,بزرگسالان ( فرزندان-18 سال به بالا)
"مجموعه ورزشی خلیج فارس
(شماره تماس: 03134202225-09136330633)
آدرس: ملکشهر، خیابان بهارستان غربی، جنب شهرداری منطقه 12",آموزش تنیس 3 نفره 10 جلسه,8000000 تومان,19-...,بزرگسالان ( فرزندان-18 سال به بالا)
"مجموعه ورزشی خلیج فارس
(شماره تماس: 03134202225-09136330633)
آدرس: ملکشهر، خیابان بهارستان غربی، جنب شهرداری منطقه 12",آموزش تنیس 4 نفره 10 جلسه,6000000 تومان,19-...,بزرگسالان ( فرزندان-18 سال به بالا)
"مجموعه ورزشی خلیج فارس
(شماره تماس: 03134202225-09136330633)
آدرس: ملکشهر، خیابان بهارستان غربی، جنب شهرداری منطقه 12",بدنسازی آقایان 8 جلسه,5000000 تومان,19-...,بزرگسالان ( فرزندان-18 سال به بالا)
"مجموعه ورزشی خلیج فارس
(شماره تماس: 03134202225-09136330633)
آدرس: ملکشهر، خیابان بهارستان غربی، جنب شهرداری منطقه 12",بدنسازی آقایان 12 جلسه,1495000 تومان,19-...,بزرگسالان ( فرزندان-18 سال به بالا)
"مجموعه ورزشی خلیج فارس
(شماره تماس: 03134202225-09136330633)
آدرس: ملکشهر، خیابان بهارستان غربی، جنب شهرداری منطقه 12",بدنسازی آقایان 16 جلسه,1750000 تومان,19-...,بزرگسالان ( فرزندان-18 سال به بالا)
"مجموعه ورزشی خلیج فارس
(شماره تماس: 03134202225-09136330633)
آدرس: ملکشهر، خیابان بهارستان غربی، جنب شهرداری منطقه 12",بدنسازی آقایان 20 جلسه,1950000 تومان,19-...,بزرگسالان ( فرزندان-18 سال به بالا)
"مجموعه ورزشی خلیج فارس
(شماره تماس: 03134202225-09136330633)
آدرس: ملکشهر، خیابان بهارستان غربی، جنب شهرداری منطقه 12",بدنسازی آقایان 25 جلسه,2250000 تومان,19-...,بزرگسالان ( فرزندان-18 سال به بالا)
"مجموعه ورزشی خلیج فارس
(شماره تماس: 03134202225-09136330633)
آدرس: ملکشهر، خیابان بهارستان غربی، جنب شهرداری منطقه 12",بدنسازی خانم ها 8 جلسه,2700000 تومان,19-...,بزرگسالان ( فرزندان-18 سال به بالا)
"مجموعه ورزشی خلیج فارس
(شماره تماس: 03134202225-09136330633)
آدرس: ملکشهر، خیابان بهارستان غربی، جنب شهرداری منطقه 12",بدنسازی خانم ها 12 جلسه,1235000 تومان,19-...,بزرگسالان ( فرزندان-18 سال به بالا)
"مجموعه ورزشی خلیج فارس
(شماره تماس: 03134202225-09136330633)
آدرس: ملکشهر، خیابان بهارستان غربی، جنب شهرداری منطقه 12",بدنسازی خانم ها 16 جلسه,1495000 تومان,19-...,بزرگسالان ( فرزندان-18 سال به بالا)
"مجموعه ورزشی خلیج فارس
(شماره تماس: 03134202225-09136330633)
آدرس: ملکشهر، خیابان بهارستان غربی، جنب شهرداری منطقه 12",بدنسازی خانم ها 20 جلسه,1750000 تومان,19-...,بزرگسالان ( فرزندان-18 سال به بالا)
"مجموعه ورزشی خلیج فارس
(شماره تماس: 03134202225-09136330633)
آدرس: ملکشهر، خیابان بهارستان غربی، جنب شهرداری منطقه 12",بدنسازی خانم ها 25 جلسه,2000000 تومان,19-...,بزرگسالان ( فرزندان-18 سال به بالا)
"کانون ورزشی استعدادهای درخشان
(شماره تماس: 03136603048)
آدرس: دروازه شیراز، خیابان هزارجریب، دانشگاه مهاجر",فوتسال,3500000 تومان,9-10-11-12,دبستان 2(9 تا 12 سال)
"کانون ورزشی استعدادهای درخشان
(شماره تماس: 03136603048)
آدرس: دروازه شیراز، خیابان هزارجریب، دانشگاه مهاجر",والیبال,3500000 تومان,9-10-11-12,دبستان 2(9 تا 12 سال)
"کانون ورزشی استعدادهای درخشان
(شماره تماس: 03136603048)
آدرس: دروازه شیراز، خیابان هزارجریب، دانشگاه مهاجر",بسکتبال,3500000 تومان,9-10-11-12,دبستان 2(9 تا 12 سال)
"کانون ورزشی استعدادهای درخشان
(شماره تماس: 03136603048)
آدرس: دروازه شیراز، خیابان هزارجریب، دانشگاه مهاجر",بدمینتون,3500000 تومان,9-10-11-12,دبستان 2(9 تا 12 سال)
"کانون ورزشی استعدادهای درخشان
(شماره تماس: 03136603048)
آدرس: دروازه شیراز، خیابان هزارجریب، دانشگاه مهاجر",پینگ پنگ,3500000 تومان,9-10-11-12,دبستان 2(9 تا 12 سال)
"کانون ورزشی استعدادهای درخشان
(شماره تماس: 03136603048)
آدرس: دروازه شیراز، خیابان هزارجریب، دانشگاه مهاجر",شطرنج,3500000 تومان,9-10-11-12,دبستان 2(9 تا 12 سال)
"کانون ورزشی استعدادهای درخشان
(شماره تماس: 03136603048)
آدرس: دروازه شیراز، خیابان هزارجریب، دانشگاه مهاجر",ژیمناستیک,3500000 تومان,9-10-11-12,دبستان 2(9 تا 12 سال)
"کانون ورزشی استعدادهای درخشان
(شماره تماس: 03136603048)
آدرس: دروازه شیراز، خیابان هزارجریب، دانشگاه مهاجر",اسکیت,3500000 تومان,9-10-11-12,دبستان 2(9 تا 12 سال)
"کانون ورزشی استعدادهای درخشان
(شماره تماس: 03136603048)
آدرس: دروازه شیراز، خیابان هزارجریب، دانشگاه مهاجر",شنا,3500000 تومان,9-10-11-12,دبستان 2(9 تا 12 سال)
"کانون ورزشی استعدادهای درخشان
(شماره تماس: 03136603048)
آدرس: دروازه شیراز، خیابان هزارجریب، دانشگاه مهاجر",فوتسال,3500000 تومان,12-13-14-15,متوسطه 1(12 تا 15 سال)
"کانون ورزشی استعدادهای درخشان
(شماره تماس: 03136603048)
آدرس: دروازه شیراز، خیابان هزارجریب، دانشگاه مهاجر",والیبال,3500000 تومان,12-13-14-15,متوسطه 1(12 تا 15 سال)
"کانون ورزشی استعدادهای درخشان
(شماره تماس: 03136603048)
آدرس: دروازه شیراز، خیابان هزارجریب، دانشگاه مهاجر",بسکتبال,3500000 تومان,12-13-14-15,متوسطه 1(12 تا 15 سال)
"کانون ورزشی استعدادهای درخشان
(شماره تماس: 03136603048)
آدرس: دروازه شیراز، خیابان هزارجریب، دانشگاه مهاجر",بدمینتون,3500000 تومان,12-13-14-15,متوسطه 1(12 تا 15 سال)
"کانون ورزشی استعدادهای درخشان
(شماره تماس: 03136603048)
آدرس: دروازه شیراز، خیابان هزارجریب، دانشگاه مهاجر",پینگ پنگ,3500000 تومان,12-13-14-15,متوسطه 1(12 تا 15 سال)
"کانون ورزشی استعدادهای درخشان
(شماره تماس: 03136603048)
آدرس: دروازه شیراز، خیابان هزارجریب، دانشگاه مهاجر",شطرنج,3500000 تومان,12-13-14-15,متوسطه 1(12 تا 15 سال)
"کانون ورزشی استعدادهای درخشان
(شماره تماس: 03136603048)
آدرس: دروازه شیراز، خیابان هزارجریب، دانشگاه مهاجر",ژیمناستیک,3500000 تومان,12-13-14-15,متوسطه 1(12 تا 15 سال)
"کانون ورزشی استعدادهای درخشان
(شماره تماس: 03136603048)
آدرس: دروازه شیراز، خیابان هزارجریب، دانشگاه مهاجر",اسکیت,3500000 تومان,12-13-14-15,متوسطه 1(12 تا 15 سال)
"کانون ورزشی استعدادهای درخشان
(شماره تماس: 03136603048)
آدرس: دروازه شیراز، خیابان هزارجریب، دانشگاه مهاجر",شنا,3500000 تومان,12-13-14-15,متوسطه 1(12 تا 15 سال)
"کانون ورزشی استعدادهای درخشان
(شماره تماس: 03136603048)
آدرس: دروازه شیراز، خیابان هزارجریب، دانشگاه مهاجر",فوتسال,3500000 تومان,15-16-17-18,متوسطه 2(15 تا 18 سال)
"کانون ورزشی استعدادهای درخشان
(شماره تماس: 03136603048)
آدرس: دروازه شیراز، خیابان هزارجریب، دانشگاه مهاجر",والیبال,3500000 تومان,15-16-17-18,متوسطه 2(15 تا 18 سال)
"کانون ورزشی استعدادهای درخشان
(شماره تماس: 03136603048)
آدرس: دروازه شیراز، خیابان هزارجریب، دانشگاه مهاجر",بسکتبال,3500000 تومان,15-16-17-18,متوسطه 2(15 تا 18 سال)
"کانون ورزشی استعدادهای درخشان
(شماره تماس: 03136603048)
آدرس: دروازه شیراز، خیابان هزارجریب، دانشگاه مهاجر",بدمینتون,3500000 تومان,15-16-17-18,متوسطه 2(15 تا 18 سال)
"کانون ورزشی استعدادهای درخشان
(شماره تماس: 03136603048)
آدرس: دروازه شیراز، خیابان هزارجریب، دانشگاه مهاجر",پینگ پنگ,3500000 تومان,15-16-17-18,متوسطه 2(15 تا 18 سال)
"کانون ورزشی استعدادهای درخشان
(شماره تماس: 03136603048)
آدرس: دروازه شیراز، خیابان هزارجریب، دانشگاه مهاجر",شطرنج,3500000 تومان,15-16-17-18,متوسطه 2(15 تا 18 سال)
"کانون ورزشی استعدادهای درخشان
(شماره تماس: 03136603048)
آدرس: دروازه شیراز، خیابان هزارجریب، دانشگاه مهاجر",ژیمناستیک,3500000 تومان,15-16-17-18,متوسطه 2(15 تا 18 سال)
"کانون ورزشی استعدادهای درخشان
(شماره تماس: 03136603048)
آدرس: دروازه شیراز، خیابان هزارجریب، دانشگاه مهاجر",اسکیت,3500000 تومان,15-16-17-18,متوسطه 2(15 تا 18 سال)
"کانون ورزشی استعدادهای درخشان
(شماره تماس: 03136603048)
آدرس: دروازه شیراز، خیابان هزارجریب، دانشگاه مهاجر",شنا,3500000 تومان,15-16-17-18,متوسطه 2(15 تا 18 سال)
"مجموعه فرهنگی ورزشی علی ابن ابی طالب(پهلوان سرا)
شماره تماس: 03134451405-03134451406
آدرس: میدان شهدا، ابتدای خیابان ابن سینا",قصه گویی خلاق,800000 تومان,4-5-6-,پیش دبستانی(5 سال یا کمتر)
"مجموعه فرهنگی ورزشی علی ابن ابی طالب(پهلوان سرا)
شماره تماس: 03134451405-03134451406
آدرس: میدان شهدا، ابتدای خیابان ابن سینا",ژیمناستیک 5 تا 7 سال,1220000 تومان,4-5-6-,پیش دبستانی(5 سال یا کمتر)
"مجموعه فرهنگی ورزشی علی ابن ابی طالب(پهلوان سرا)
شماره تماس: 03134451405-03134451406
آدرس: میدان شهدا، ابتدای خیابان ابن سینا",نقاشی و خلاقیت,950000 تومان,4-5-6-,پیش دبستانی(5 سال یا کمتر)
"مجموعه فرهنگی ورزشی علی ابن ابی طالب(پهلوان سرا)
شماره تماس: 03134451405-03134451406
آدرس: میدان شهدا، ابتدای خیابان ابن سینا",چرتکه مقدماتی,700000 تومان,6-7-8-9,دبستان1(6 تا 9 سال)
"مجموعه فرهنگی ورزشی علی ابن ابی طالب(پهلوان سرا)
شماره تماس: 03134451405-03134451406
آدرس: میدان شهدا، ابتدای خیابان ابن سینا",شنا خصوصی بانوان 12 جلسه,700000 تومان,6-7-8-9,دبستان1(6 تا 9 سال)
"مجموعه فرهنگی ورزشی علی ابن ابی طالب(پهلوان سرا)
شماره تماس: 03134451405-03134451406
آدرس: میدان شهدا، ابتدای خیابان ابن سینا",شنا عمومی مقدماتی بانوان 12 جلسه,5800000 تومان,6-7-8-9,دبستان1(6 تا 9 سال)
"مجموعه فرهنگی ورزشی علی ابن ابی طالب(پهلوان سرا)
شماره تماس: 03134451405-03134451406
آدرس: میدان شهدا، ابتدای خیابان ابن سینا",شنا عمومی پیشرفته بانوان 12 جلسه,3000000 تومان,6-7-8-9,دبستان1(6 تا 9 سال)
"مجموعه فرهنگی ورزشی علی ابن ابی طالب(پهلوان سرا)
شماره تماس: 03134451405-03134451406
آدرس: میدان شهدا، ابتدای خیابان ابن سینا",ورزش در آب بانوان 10 جلسه,3000000 تومان,6-7-8-9,دبستان1(6 تا 9 سال)
"مجموعه فرهنگی ورزشی علی ابن ابی طالب(پهلوان سرا)
شماره تماس: 03134451405-03134451406
آدرس: میدان شهدا، ابتدای خیابان ابن سینا",شنا خصوصی آقایان 12 جلسه,3800000 تومان,6-7-8-9,دبستان1(6 تا 9 سال)
"مجموعه فرهنگی ورزشی علی ابن ابی طالب(پهلوان سرا)
شماره تماس: 03134451405-03134451406
آدرس: میدان شهدا، ابتدای خیابان ابن سینا",شنا نیمه خصوصی پسران 12 جلسه,5800000 تومان,6-7-8-9,دبستان1(6 تا 9 سال)
"مجموعه فرهنگی ورزشی علی ابن ابی طالب(پهلوان سرا)
شماره تماس: 03134451405-03134451406
آدرس: میدان شهدا، ابتدای خیابان ابن سینا",شاهنامه و حافظ خوانی,4000000 تومان,6-7-8-9,دبستان1(6 تا 9 سال)
"مجموعه فرهنگی ورزشی علی ابن ابی طالب(پهلوان سرا)
شماره تماس: 03134451405-03134451406
آدرس: میدان شهدا، ابتدای خیابان ابن سینا",ژیمناستیک 7 تا 10 سال,800000 تومان,6-7-8-9,دبستان1(6 تا 9 سال)
"مجموعه فرهنگی ورزشی علی ابن ابی طالب(پهلوان سرا)
شماره تماس: 03134451405-03134451406
آدرس: میدان شهدا، ابتدای خیابان ابن سینا",نقاشی و خلاقیت,1220000 تومان,6-7-8-9,دبستان1(6 تا 9 سال)
"مجموعه فرهنگی ورزشی علی ابن ابی طالب(پهلوان سرا)
شماره تماس: 03134451405-03134451406
آدرس: میدان شهدا، ابتدای خیابان ابن سینا",لر                                                                                                                                                                                                                                                                                                                                                                                                                                                                                                                                                                                                                                                                                                                                                                                                                                                                                                                                                                                                                                                                                                                                                                                                                                                                                                                                                                                                                              دددد,قیمت موجود نیست,6-7-8-9,دبستان1(6 تا 9 سال)
"مجموعه فرهنگی ورزشی علی ابن ابی طالب(پهلوان سرا)
شماره تماس: 03134451405-03134451406
آدرس: میدان شهدا، ابتدای خیابان ابن سینا",چرتکه مقدماتی,700000 تومان,9-10-11-12,دبستان 2(9 تا 12 سال)
"مجموعه فرهنگی ورزشی علی ابن ابی طالب(پهلوان سرا)
شماره تماس: 03134451405-03134451406
آدرس: میدان شهدا، ابتدای خیابان ابن سینا",شنا خصوصی بانوان 12 جلسه,700000 تومان,9-10-11-12,دبستان 2(9 تا 12 سال)
"مجموعه فرهنگی ورزشی علی ابن ابی طالب(پهلوان سرا)
شماره تماس: 03134451405-03134451406
آدرس: میدان شهدا، ابتدای خیابان ابن سینا",شنا عمومی مقدماتی بانوان 12 جلسه,5800000 تومان,9-10-11-12,دبستان 2(9 تا 12 سال)
"مجموعه فرهنگی ورزشی علی ابن ابی طالب(پهلوان سرا)
شماره تماس: 03134451405-03134451406
آدرس: میدان شهدا، ابتدای خیابان ابن سینا",شنا عمومی پیشرفته بانوان 12 جلسه,3000000 تومان,9-10-11-12,دبستان 2(9 تا 12 سال)
"مجموعه فرهنگی ورزشی علی ابن ابی طالب(پهلوان سرا)
شماره تماس: 03134451405-03134451406
آدرس: میدان شهدا، ابتدای خیابان ابن سینا",ورزش در آب بانوان 10 جلسه,3000000 تومان,9-10-11-12,دبستان 2(9 تا 12 سال)
"مجموعه فرهنگی ورزشی علی ابن ابی طالب(پهلوان سرا)
شماره تماس: 03134451405-03134451406
آدرس: میدان شهدا، ابتدای خیابان ابن سینا",شنا خصوصی آقایان 12 جلسه,3800000 تومان,9-10-11-12,دبستان 2(9 تا 12 سال)
"مجموعه فرهنگی ورزشی علی ابن ابی طالب(پهلوان سرا)
شماره تماس: 03134451405-03134451406
آدرس: میدان شهدا، ابتدای خیابان ابن سینا",شنا نیمه خصوصی پسران 12 جلسه,5800000 تومان,9-10-11-12,دبستان 2(9 تا 12 سال)
"مجموعه فرهنگی ورزشی علی ابن ابی طالب(پهلوان سرا)
شماره تماس: 03134451405-03134451406
آدرس: میدان شهدا، ابتدای خیابان ابن سینا",ژیمناستیک مقدماتی آقایان,4000000 تومان,9-10-11-12,دبستان 2(9 تا 12 سال)
"مجموعه فرهنگی ورزشی علی ابن ابی طالب(پهلوان سرا)
شماره تماس: 03134451405-03134451406
آدرس: میدان شهدا، ابتدای خیابان ابن سینا",ژیمناستیک تکمیلی آقایان,1220000 تومان,9-10-11-12,دبستان 2(9 تا 12 سال)
"مجموعه فرهنگی ورزشی علی ابن ابی طالب(پهلوان سرا)
شماره تماس: 03134451405-03134451406
آدرس: میدان شهدا، ابتدای خیابان ابن سینا",ژیمناستیک پیشرفته آقایان,1550000 تومان,9-10-11-12,دبستان 2(9 تا 12 سال)
"مجموعه فرهنگی ورزشی علی ابن ابی طالب(پهلوان سرا)
شماره تماس: 03134451405-03134451406
آدرس: میدان شهدا، ابتدای خیابان ابن سینا",آموزش پهلوانی و زورخانه  مقدماتی,1550000 تومان,9-10-11-12,دبستان 2(9 تا 12 سال)
"مجموعه فرهنگی ورزشی علی ابن ابی طالب(پهلوان سرا)
شماره تماس: 03134451405-03134451406
آدرس: میدان شهدا، ابتدای خیابان ابن سینا",آموزش پهلوانی و زورخانه  پیشرفته,850000 تومان,9-10-11-12,دبستان 2(9 تا 12 سال)
"مجموعه فرهنگی ورزشی علی ابن ابی طالب(پهلوان سرا)
شماره تماس: 03134451405-03134451406
آدرس: میدان شهدا، ابتدای خیابان ابن سینا",آموزش پهلوانی و زورخانه  حرفه ای و قهرمانی,1000000 تومان,9-10-11-12,دبستان 2(9 تا 12 سال)
"مجموعه فرهنگی ورزشی علی ابن ابی طالب(پهلوان سرا)
شماره تماس: 03134451405-03134451406
آدرس: میدان شهدا، ابتدای خیابان ابن سینا",خوشنویسی(خط تحریر) با مداد و خودکار,1000000 تومان,9-10-11-12,دبستان 2(9 تا 12 سال)
"مجموعه فرهنگی ورزشی علی ابن ابی طالب(پهلوان سرا)
شماره تماس: 03134451405-03134451406
آدرس: میدان شهدا، ابتدای خیابان ابن سینا",نقاشی(مدادرنگی-آبرنگ-سیاه قلم-پاستیل),950000 تومان,9-10-11-12,دبستان 2(9 تا 12 سال)
"مجموعه فرهنگی ورزشی علی ابن ابی طالب(پهلوان سرا)
شماره تماس: 03134451405-03134451406
آدرس: میدان شهدا، ابتدای خیابان ابن سینا",شنا خصوصی بانوان 12 جلسه,5800000 تومان,12-13-14-15,متوسطه 1(12 تا 15 سال)
"مجموعه فرهنگی ورزشی علی ابن ابی طالب(پهلوان سرا)
شماره تماس: 03134451405-03134451406
آدرس: میدان شهدا، ابتدای خیابان ابن سینا",شنا عمومی مقدماتی بانوان 12 جلسه,3000000 تومان,12-13-14-15,متوسطه 1(12 تا 15 سال)
"مجموعه فرهنگی ورزشی علی ابن ابی طالب(پهلوان سرا)
شماره تماس: 03134451405-03134451406
آدرس: میدان شهدا، ابتدای خیابان ابن سینا",شنا عمومی پیشرفته بانوان 12 جلسه,3000000 تومان,12-13-14-15,متوسطه 1(12 تا 15 سال)
"مجموعه فرهنگی ورزشی علی ابن ابی طالب(پهلوان سرا)
شماره تماس: 03134451405-03134451406
آدرس: میدان شهدا، ابتدای خیابان ابن سینا",ورزش در آب بانوان 10 جلسه,3800000 تومان,12-13-14-15,متوسطه 1(12 تا 15 سال)
"مجموعه فرهنگی ورزشی علی ابن ابی طالب(پهلوان سرا)
شماره تماس: 03134451405-03134451406
آدرس: میدان شهدا، ابتدای خیابان ابن سینا",شنا خصوصی آقایان 12 جلسه,5800000 تومان,12-13-14-15,متوسطه 1(12 تا 15 سال)
"مجموعه فرهنگی ورزشی علی ابن ابی طالب(پهلوان سرا)
شماره تماس: 03134451405-03134451406
آدرس: میدان شهدا، ابتدای خیابان ابن سینا",ژیمناستیک مقدماتی آقایان,1220000 تومان,12-13-14-15,متوسطه 1(12 تا 15 سال)
"مجموعه فرهنگی ورزشی علی ابن ابی طالب(پهلوان سرا)
شماره تماس: 03134451405-03134451406
آدرس: میدان شهدا، ابتدای خیابان ابن سینا",ژیمناستیک تکمیلی آقایان,1550000 تومان,12-13-14-15,متوسطه 1(12 تا 15 سال)
"مجموعه فرهنگی ورزشی علی ابن ابی طالب(پهلوان سرا)
شماره تماس: 03134451405-03134451406
آدرس: میدان شهدا، ابتدای خیابان ابن سینا",ژیمناستیک پیشرفته آقایان,1550000 تومان,12-13-14-15,متوسطه 1(12 تا 15 سال)
"مجموعه فرهنگی ورزشی علی ابن ابی طالب(پهلوان سرا)
شماره تماس: 03134451405-03134451406
آدرس: میدان شهدا، ابتدای خیابان ابن سینا",آموزش پهلوانی و زورخانه  مقدماتی,850000 تومان,12-13-14-15,متوسطه 1(12 تا 15 سال)
"مجموعه فرهنگی ورزشی علی ابن ابی طالب(پهلوان سرا)
شماره تماس: 03134451405-03134451406
آدرس: میدان شهدا، ابتدای خیابان ابن سینا",آموزش پهلوانی و زورخانه  پیشرفته,1000000 تومان,12-13-14-15,متوسطه 1(12 تا 15 سال)
"مجموعه فرهنگی ورزشی علی ابن ابی طالب(پهلوان سرا)
شماره تماس: 03134451405-03134451406
آدرس: میدان شهدا، ابتدای خیابان ابن سینا",آموزش پهلوانی و زورخانه  حرفه ای و قهرمانی,1000000 تومان,12-13-14-15,متوسطه 1(12 تا 15 سال)
"مجموعه فرهنگی ورزشی علی ابن ابی طالب(پهلوان سرا)
شماره تماس: 03134451405-03134451406
آدرس: میدان شهدا، ابتدای خیابان ابن سینا",شنا خصوصی بانوان 12 جلسه,5800000 تومان,15-16-17-18,متوسطه 2(15 تا 18 سال)
"مجموعه فرهنگی ورزشی علی ابن ابی طالب(پهلوان سرا)
شماره تماس: 03134451405-03134451406
آدرس: میدان شهدا، ابتدای خیابان ابن سینا",شنا عمومی مقدماتی بانوان 12 جلسه,3000000 تومان,15-16-17-18,متوسطه 2(15 تا 18 سال)
"مجموعه فرهنگی ورزشی علی ابن ابی طالب(پهلوان سرا)
شماره تماس: 03134451405-03134451406
آدرس: میدان شهدا، ابتدای خیابان ابن سینا",شنا عمومی پیشرفته بانوان 12 جلسه,3000000 تومان,15-16-17-18,متوسطه 2(15 تا 18 سال)
"مجموعه فرهنگی ورزشی علی ابن ابی طالب(پهلوان سرا)
شماره تماس: 03134451405-03134451406
آدرس: میدان شهدا، ابتدای خیابان ابن سینا",ورزش در آب بانوان 10 جلسه,3800000 تومان,15-16-17-18,متوسطه 2(15 تا 18 سال)
"مجموعه فرهنگی ورزشی علی ابن ابی طالب(پهلوان سرا)
شماره تماس: 03134451405-03134451406
آدرس: میدان شهدا، ابتدای خیابان ابن سینا",شنا خصوصی آقایان 12 جلسه,5800000 تومان,15-16-17-18,متوسطه 2(15 تا 18 سال)
"مجموعه فرهنگی ورزشی علی ابن ابی طالب(پهلوان سرا)
شماره تماس: 03134451405-03134451406
آدرس: میدان شهدا، ابتدای خیابان ابن سینا",ژیمناستیک مقدماتی آقایان,1220000 تومان,15-16-17-18,متوسطه 2(15 تا 18 سال)
"مجموعه فرهنگی ورزشی علی ابن ابی طالب(پهلوان سرا)
شماره تماس: 03134451405-03134451406
آدرس: میدان شهدا، ابتدای خیابان ابن سینا",ژیمناستیک تکمیلی آقایان,1550000 تومان,15-16-17-18,متوسطه 2(15 تا 18 سال)
"مجموعه فرهنگی ورزشی علی ابن ابی طالب(پهلوان سرا)
شماره تماس: 03134451405-03134451406
آدرس: میدان شهدا، ابتدای خیابان ابن سینا",ژیمناستیک پیشرفته آقایان,1550000 تومان,15-16-17-18,متوسطه 2(15 تا 18 سال)
"مجموعه فرهنگی ورزشی علی ابن ابی طالب(پهلوان سرا)
شماره تماس: 03134451405-03134451406
آدرس: میدان شهدا، ابتدای خیابان ابن سینا",آموزش پهلوانی و زورخانه  مقدماتی,850000 تومان,15-16-17-18,متوسطه 2(15 تا 18 سال)
"مجموعه فرهنگی ورزشی علی ابن ابی طالب(پهلوان سرا)
شماره تماس: 03134451405-03134451406
آدرس: میدان شهدا، ابتدای خیابان ابن سینا",آموزش پهلوانی و زورخانه  پیشرفته,1000000 تومان,15-16-17-18,متوسطه 2(15 تا 18 سال)
"مجموعه فرهنگی ورزشی علی ابن ابی طالب(پهلوان سرا)
شماره تماس: 03134451405-03134451406
آدرس: میدان شهدا، ابتدای خیابان ابن سینا",آموزش پهلوانی و زورخانه  حرفه ای و قهرمانی,1000000 تومان,15-16-17-18,متوسطه 2(15 تا 18 سال)
"مجموعه فرهنگی ورزشی علی ابن ابی طالب(پهلوان سرا)
شماره تماس: 03134451405-03134451406
آدرس: میدان شهدا، ابتدای خیابان ابن سینا",شنا خصوصی بانوان 12 جلسه,5800000 تومان,19-...,بزرگسالان ( فرزندان-18 سال به بالا)
"مجموعه فرهنگی ورزشی علی ابن ابی طالب(پهلوان سرا)
شماره تماس: 03134451405-03134451406
آدرس: میدان شهدا، ابتدای خیابان ابن سینا",شنا عمومی مقدماتی بانوان 12 جلسه,3000000 تومان,19-...,بزرگسالان ( فرزندان-18 سال به بالا)
"مجموعه فرهنگی ورزشی علی ابن ابی طالب(پهلوان سرا)
شماره تماس: 03134451405-03134451406
آدرس: میدان شهدا، ابتدای خیابان ابن سینا",شنا عمومی پیشرفته بانوان 12 جلسه,3000000 تومان,19-...,بزرگسالان ( فرزندان-18 سال به بالا)
"مجموعه فرهنگی ورزشی علی ابن ابی طالب(پهلوان سرا)
شماره تماس: 03134451405-03134451406
آدرس: میدان شهدا، ابتدای خیابان ابن سینا",ورزش در آب بانوان 10 جلسه,3800000 تومان,19-...,بزرگسالان ( فرزندان-18 سال به بالا)
"مجموعه فرهنگی ورزشی علی ابن ابی طالب(پهلوان سرا)
شماره تماس: 03134451405-03134451406
آدرس: میدان شهدا، ابتدای خیابان ابن سینا",شنا خصوصی آقایان 12 جلسه,5800000 تومان,19-...,بزرگسالان ( فرزندان-18 سال به بالا)
"مجموعه فرهنگی ورزشی علی ابن ابی طالب(پهلوان سرا)
شماره تماس: 03134451405-03134451406
آدرس: میدان شهدا، ابتدای خیابان ابن سینا",کیک بوکسینگ و دفاع شخصی بانوان,1150000 تومان,19-...,بزرگسالان ( فرزندان-18 سال به بالا)
"مجموعه فرهنگی ورزشی علی ابن ابی طالب(پهلوان سرا)
شماره تماس: 03134451405-03134451406
آدرس: میدان شهدا، ابتدای خیابان ابن سینا",تکواندو مقدماتی بانوان,1220000 تومان,19-...,بزرگسالان ( فرزندان-18 سال به بالا)
"مجموعه فرهنگی ورزشی علی ابن ابی طالب(پهلوان سرا)
شماره تماس: 03134451405-03134451406
آدرس: میدان شهدا، ابتدای خیابان ابن سینا",تکواندو پیشرفته بانوان,1350000 تومان,19-...,بزرگسالان ( فرزندان-18 سال به بالا)
"مجموعه فرهنگی ورزشی علی ابن ابی طالب(پهلوان سرا)
شماره تماس: 03134451405-03134451406
آدرس: میدان شهدا، ابتدای خیابان ابن سینا",کاراته کیوکشین بانوان,1150000 تومان,19-...,بزرگسالان ( فرزندان-18 سال به بالا)
"مجموعه فرهنگی ورزشی علی ابن ابی طالب(پهلوان سرا)
شماره تماس: 03134451405-03134451406
آدرس: میدان شهدا، ابتدای خیابان ابن سینا",کاراته شوتوکان بانوان,1280000 تومان,19-...,بزرگسالان ( فرزندان-18 سال به بالا)
"مجموعه فرهنگی ورزشی علی ابن ابی طالب(پهلوان سرا)
شماره تماس: 03134451405-03134451406
آدرس: میدان شهدا، ابتدای خیابان ابن سینا",کاراته شیتوریو بانوان,1150000 تومان,19-...,بزرگسالان ( فرزندان-18 سال به بالا)
"مجموعه فرهنگی ورزشی علی ابن ابی طالب(پهلوان سرا)
شماره تماس: 03134451405-03134451406
آدرس: میدان شهدا، ابتدای خیابان ابن سینا",گونگ فوتوا بانوان,1150000 تومان,19-...,بزرگسالان ( فرزندان-18 سال به بالا)
"مجموعه فرهنگی ورزشی علی ابن ابی طالب(پهلوان سرا)
شماره تماس: 03134451405-03134451406
آدرس: میدان شهدا، ابتدای خیابان ابن سینا",فیتنس فانکشنال بانوان,1420000 تومان,19-...,بزرگسالان ( فرزندان-18 سال به بالا)
"مجموعه فرهنگی ورزشی علی ابن ابی طالب(پهلوان سرا)
شماره تماس: 03134451405-03134451406
آدرس: میدان شهدا، ابتدای خیابان ابن سینا",TRX فانکشنال  بانوان,1420000 تومان,19-...,بزرگسالان ( فرزندان-18 سال به بالا)
"مجموعه فرهنگی ورزشی علی ابن ابی طالب(پهلوان سرا)
شماره تماس: 03134451405-03134451406
آدرس: میدان شهدا، ابتدای خیابان ابن سینا",پیلاتس بانوان,1420000 تومان,19-...,بزرگسالان ( فرزندان-18 سال به بالا)
"مجموعه فرهنگی ورزشی علی ابن ابی طالب(پهلوان سرا)
شماره تماس: 03134451405-03134451406
آدرس: میدان شهدا، ابتدای خیابان ابن سینا",تندرستی و سلامت بانوان,3600000 تومان,19-...,بزرگسالان ( فرزندان-18 سال به بالا)
"مجموعه فرهنگی ورزشی علی ابن ابی طالب(پهلوان سرا)
شماره تماس: 03134451405-03134451406
آدرس: میدان شهدا، ابتدای خیابان ابن سینا",یوگا و خودآگاهی بانوان,1650000 تومان,19-...,بزرگسالان ( فرزندان-18 سال به بالا)
"مجموعه فرهنگی ورزشی علی ابن ابی طالب(پهلوان سرا)
شماره تماس: 03134451405-03134451406
آدرس: میدان شهدا، ابتدای خیابان ابن سینا",ایروفیتنس بانوان,1420000 تومان,19-...,بزرگسالان ( فرزندان-18 سال به بالا)
"مجموعه فرهنگی ورزشی علی ابن ابی طالب(پهلوان سرا)
شماره تماس: 03134451405-03134451406
آدرس: میدان شهدا، ابتدای خیابان ابن سینا",چربی سوزی بانوان,1420000 تومان,19-...,بزرگسالان ( فرزندان-18 سال به بالا)
"مجموعه فرهنگی ورزشی علی ابن ابی طالب(پهلوان سرا)
شماره تماس: 03134451405-03134451406
آدرس: میدان شهدا، ابتدای خیابان ابن سینا",TRX  بانوان,1600000 تومان,19-...,بزرگسالان ( فرزندان-18 سال به بالا)
"مجموعه فرهنگی ورزشی علی ابن ابی طالب(پهلوان سرا)
شماره تماس: 03134451405-03134451406
آدرس: میدان شهدا، ابتدای خیابان ابن سینا",ژیمناستیک مقدماتی بانوان,1220000 تومان,19-...,بزرگسالان ( فرزندان-18 سال به بالا)
"مجموعه فرهنگی ورزشی علی ابن ابی طالب(پهلوان سرا)
شماره تماس: 03134451405-03134451406
آدرس: میدان شهدا، ابتدای خیابان ابن سینا",ژیمناستیک پیشرفته بانوان,1550000 تومان,19-...,بزرگسالان ( فرزندان-18 سال به بالا)
"مجموعه فرهنگی ورزشی علی ابن ابی طالب(پهلوان سرا)
شماره تماس: 03134451405-03134451406
آدرس: میدان شهدا، ابتدای خیابان ابن سینا",کونگ فوتوا و دفاع شخصی آقایان,1220000 تومان,19-...,بزرگسالان ( فرزندان-18 سال به بالا)
"مجموعه فرهنگی ورزشی علی ابن ابی طالب(پهلوان سرا)
شماره تماس: 03134451405-03134451406
آدرس: میدان شهدا، ابتدای خیابان ابن سینا",تکواندو آقایان,1220000 تومان,19-...,بزرگسالان ( فرزندان-18 سال به بالا)
"مجموعه فرهنگی ورزشی علی ابن ابی طالب(پهلوان سرا)
شماره تماس: 03134451405-03134451406
آدرس: میدان شهدا، ابتدای خیابان ابن سینا",رزم آوران آقایان,1220000 تومان,19-...,بزرگسالان ( فرزندان-18 سال به بالا)
"مجموعه فرهنگی ورزشی علی ابن ابی طالب(پهلوان سرا)
شماره تماس: 03134451405-03134451406
آدرس: میدان شهدا، ابتدای خیابان ابن سینا",کاراته آقایان,1130000 تومان,19-...,بزرگسالان ( فرزندان-18 سال به بالا)
"مجموعه فرهنگی ورزشی علی ابن ابی طالب(پهلوان سرا)
شماره تماس: 03134451405-03134451406
آدرس: میدان شهدا، ابتدای خیابان ابن سینا",ووشو آقایان,1220000 تومان,19-...,بزرگسالان ( فرزندان-18 سال به بالا)
"مجموعه فرهنگی ورزشی علی ابن ابی طالب(پهلوان سرا)
شماره تماس: 03134451405-03134451406
آدرس: میدان شهدا، ابتدای خیابان ابن سینا",نینجا آقایان,1220000 تومان,19-...,بزرگسالان ( فرزندان-18 سال به بالا)
"مجموعه فرهنگی ورزشی علی ابن ابی طالب(پهلوان سرا)
شماره تماس: 03134451405-03134451406
آدرس: میدان شهدا، ابتدای خیابان ابن سینا",ژیمناستیک بزرگسالان آقایان,2400000 تومان,19-...,بزرگسالان ( فرزندان-18 سال به بالا)
"مجموعه فرهنگی ورزشی علی ابن ابی طالب(پهلوان سرا)
شماره تماس: 03134451405-03134451406
آدرس: میدان شهدا، ابتدای خیابان ابن سینا",آموزش پهلوانی و زورخانه  مقدماتی,850000 تومان,19-...,بزرگسالان ( فرزندان-18 سال به بالا)
"مجموعه فرهنگی ورزشی علی ابن ابی طالب(پهلوان سرا)
شماره تماس: 03134451405-03134451406
آدرس: میدان شهدا، ابتدای خیابان ابن سینا",آموزش پهلوانی و زورخانه  پیشرفته,1000000 تومان,19-...,بزرگسالان ( فرزندان-18 سال به بالا)
"مجموعه فرهنگی ورزشی علی ابن ابی طالب(پهلوان سرا)
شماره تماس: 03134451405-03134451406
آدرس: میدان شهدا، ابتدای خیابان ابن سینا",آموزش پهلوانی و زورخانه  حرفه ای و قهرمانی,1000000 تومان,19-...,بزرگسالان ( فرزندان-18 سال به بالا)
"باشگاه پالاس 60 درصد
(شماره تماس: 09226293177)
آدرس: خیابان رباط، خیابان شیخ فایض، مجتمع طاها 4",بدنسازی 16 جلسه,600000 تومان,9-10-11-12,دبستان 2(9 تا 12 سال)
"باشگاه پالاس 60 درصد
(شماره تماس: 09226293177)
آدرس: خیابان رباط، خیابان شیخ فایض، مجتمع طاها 4",بدنسازی 20 جلسه,700000 تومان,9-10-11-12,دبستان 2(9 تا 12 سال)
"باشگاه پالاس 60 درصد
(شماره تماس: 09226293177)
آدرس: خیابان رباط، خیابان شیخ فایض، مجتمع طاها 4",بدنسازی 24 جلسه,800000 تومان,9-10-11-12,دبستان 2(9 تا 12 سال)
"باشگاه پالاس 60 درصد
(شماره تماس: 09226293177)
آدرس: خیابان رباط، خیابان شیخ فایض، مجتمع طاها 4",هزینه برنامه تمرینی,900000 تومان,9-10-11-12,دبستان 2(9 تا 12 سال)
"باشگاه پالاس 60 درصد
(شماره تماس: 09226293177)
آدرس: خیابان رباط، خیابان شیخ فایض، مجتمع طاها 4",حرکات اصلاحی(نیمه خصوصی),900000 تومان,9-10-11-12,دبستان 2(9 تا 12 سال)
"باشگاه پالاس 60 درصد
(شماره تماس: 09226293177)
آدرس: خیابان رباط، خیابان شیخ فایض، مجتمع طاها 4",بدنسازی 16 جلسه,600000 تومان,12-13-14-15,متوسطه 1(12 تا 15 سال)
"باشگاه پالاس 60 درصد
(شماره تماس: 09226293177)
آدرس: خیابان رباط، خیابان شیخ فایض، مجتمع طاها 4",بدنسازی 20 جلسه,700000 تومان,12-13-14-15,متوسطه 1(12 تا 15 سال)
"باشگاه پالاس 60 درصد
(شماره تماس: 09226293177)
آدرس: خیابان رباط، خیابان شیخ فایض، مجتمع طاها 4",بدنسازی 24 جلسه,800000 تومان,12-13-14-15,متوسطه 1(12 تا 15 سال)
"باشگاه پالاس 60 درصد
(شماره تماس: 09226293177)
آدرس: خیابان رباط، خیابان شیخ فایض، مجتمع طاها 4",هزینه برنامه تمرینی,900000 تومان,12-13-14-15,متوسطه 1(12 تا 15 سال)
"باشگاه پالاس 60 درصد
(شماره تماس: 09226293177)
آدرس: خیابان رباط، خیابان شیخ فایض، مجتمع طاها 4",حرکات اصلاحی(نیمه خصوصی),900000 تومان,12-13-14-15,متوسطه 1(12 تا 15 سال)
"باشگاه پالاس 60 درصد
(شماره تماس: 09226293177)
آدرس: خیابان رباط، خیابان شیخ فایض، مجتمع طاها 4",بدنسازی 16 جلسه,600000 تومان,15-16-17-18,متوسطه 2(15 تا 18 سال)
"باشگاه پالاس 60 درصد
(شماره تماس: 09226293177)
آدرس: خیابان رباط، خیابان شیخ فایض، مجتمع طاها 4",بدنسازی 20 جلسه,700000 تومان,15-16-17-18,متوسطه 2(15 تا 18 سال)
"باشگاه پالاس 60 درصد
(شماره تماس: 09226293177)
آدرس: خیابان رباط، خیابان شیخ فایض، مجتمع طاها 4",بدنسازی 24 جلسه,800000 تومان,15-16-17-18,متوسطه 2(15 تا 18 سال)
"باشگاه پالاس 60 درصد
(شماره تماس: 09226293177)
آدرس: خیابان رباط، خیابان شیخ فایض، مجتمع طاها 4",هزینه برنامه تمرینی,900000 تومان,15-16-17-18,متوسطه 2(15 تا 18 سال)
"باشگاه پالاس 60 درصد
(شماره تماس: 09226293177)
آدرس: خیابان رباط، خیابان شیخ فایض، مجتمع طاها 4",حرکات اصلاحی(نیمه خصوصی),900000 تومان,15-16-17-18,متوسطه 2(15 تا 18 سال)
"باشگاه پالاس 60 درصد
(شماره تماس: 09226293177)
آدرس: خیابان رباط، خیابان شیخ فایض، مجتمع طاها 4",بدنسازی 16 جلسه,600000 تومان,19-...,بزرگسالان ( فرزندان-18 سال به بالا)
"باشگاه پالاس 60 درصد
(شماره تماس: 09226293177)
آدرس: خیابان رباط، خیابان شیخ فایض، مجتمع طاها 4",بدنسازی 20 جلسه,700000 تومان,19-...,بزرگسالان ( فرزندان-18 سال به بالا)
"باشگاه پالاس 60 درصد
(شماره تماس: 09226293177)
آدرس: خیابان رباط، خیابان شیخ فایض، مجتمع طاها 4",بدنسازی 24 جلسه,800000 تومان,19-...,بزرگسالان ( فرزندان-18 سال به بالا)
"باشگاه پالاس 60 درصد
(شماره تماس: 09226293177)
آدرس: خیابان رباط، خیابان شیخ فایض، مجتمع طاها 4",هزینه برنامه تمرینی,900000 تومان,19-...,بزرگسالان ( فرزندان-18 سال به بالا)
"باشگاه پالاس 60 درصد
(شماره تماس: 09226293177)
آدرس: خیابان رباط، خیابان شیخ فایض، مجتمع طاها 4",حرکات اصلاحی(نیمه خصوصی),900000 تومان,19-...,بزرگسالان ( فرزندان-18 سال به بالا)
"باشگاه ورزشی شاهین
(شماره تماس:03132757301-09395082343)
آدرس: خیابان جی، خیابان همدانیان، جنب پمپ بنزین",ایروریتم دختران تک جلسه ای,195000 تومان,4-5-6-,پیش دبستانی(5 سال یا کمتر)
"باشگاه ورزشی شاهین
(شماره تماس:03132757301-09395082343)
آدرس: خیابان جی، خیابان همدانیان، جنب پمپ بنزین",ایروریتم دختران 8 جلسه,1200000 تومان,4-5-6-,پیش دبستانی(5 سال یا کمتر)
"باشگاه ورزشی شاهین
(شماره تماس:03132757301-09395082343)
آدرس: خیابان جی، خیابان همدانیان، جنب پمپ بنزین",ایروریتم دختران 12 جلسه,1430000 تومان,4-5-6-,پیش دبستانی(5 سال یا کمتر)
"باشگاه ورزشی شاهین
(شماره تماس:03132757301-09395082343)
آدرس: خیابان جی، خیابان همدانیان، جنب پمپ بنزین",بازی ژیمناستیک دختران تک جلسه ای,145000 تومان,4-5-6-,پیش دبستانی(5 سال یا کمتر)
"باشگاه ورزشی شاهین
(شماره تماس:03132757301-09395082343)
آدرس: خیابان جی، خیابان همدانیان، جنب پمپ بنزین",بازی ژیمناستیک دختران 12 جلسه,1200000 تومان,4-5-6-,پیش دبستانی(5 سال یا کمتر)
"باشگاه ورزشی شاهین
(شماره تماس:03132757301-09395082343)
آدرس: خیابان جی، خیابان همدانیان، جنب پمپ بنزین",ایروریتم دختران تک جلسه ای,195000 تومان,6-7-8-9,دبستان1(6 تا 9 سال)
"باشگاه ورزشی شاهین
(شماره تماس:03132757301-09395082343)
آدرس: خیابان جی، خیابان همدانیان، جنب پمپ بنزین",ایروریتم دختران 8 جلسه,1200000 تومان,6-7-8-9,دبستان1(6 تا 9 سال)
"باشگاه ورزشی شاهین
(شماره تماس:03132757301-09395082343)
آدرس: خیابان جی، خیابان همدانیان، جنب پمپ بنزین",ایروریتم دختران 12 جلسه,1430000 تومان,6-7-8-9,دبستان1(6 تا 9 سال)
"باشگاه ورزشی شاهین
(شماره تماس:03132757301-09395082343)
آدرس: خیابان جی، خیابان همدانیان، جنب پمپ بنزین",ژیمناستیک مقدماتی دختران تک جلسه ای,145000 تومان,6-7-8-9,دبستان1(6 تا 9 سال)
"باشگاه ورزشی شاهین
(شماره تماس:03132757301-09395082343)
آدرس: خیابان جی، خیابان همدانیان، جنب پمپ بنزین",ژیمناستیک مقدماتی دختران 12 جلسه,1200000 تومان,6-7-8-9,دبستان1(6 تا 9 سال)
"باشگاه ورزشی شاهین
(شماره تماس:03132757301-09395082343)
آدرس: خیابان جی، خیابان همدانیان، جنب پمپ بنزین",یوگا بانوان 8 جلسه,195000 تومان,9-10-11-12,دبستان 2(9 تا 12 سال)
"باشگاه ورزشی شاهین
(شماره تماس:03132757301-09395082343)
آدرس: خیابان جی، خیابان همدانیان، جنب پمپ بنزین",یوگا بانوان 12 جلسه,1200000 تومان,9-10-11-12,دبستان 2(9 تا 12 سال)
"باشگاه ورزشی شاهین
(شماره تماس:03132757301-09395082343)
آدرس: خیابان جی، خیابان همدانیان، جنب پمپ بنزین",یوگا بانوان تک جلسه ای,1430000 تومان,9-10-11-12,دبستان 2(9 تا 12 سال)
"باشگاه ورزشی شاهین
(شماره تماس:03132757301-09395082343)
آدرس: خیابان جی، خیابان همدانیان، جنب پمپ بنزین",یوگا بانوان 8 جلسه,145000 تومان,9-10-11-12,دبستان 2(9 تا 12 سال)
"باشگاه ورزشی شاهین
(شماره تماس:03132757301-09395082343)
آدرس: خیابان جی، خیابان همدانیان، جنب پمپ بنزین",پیلاتس اصلاحی بانوان تک جلسه ای,900000 تومان,9-10-11-12,دبستان 2(9 تا 12 سال)
"باشگاه ورزشی شاهین
(شماره تماس:03132757301-09395082343)
آدرس: خیابان جی، خیابان همدانیان، جنب پمپ بنزین",پیلاتس اصلاحی  بانوان 8 جلسه,225000 تومان,9-10-11-12,دبستان 2(9 تا 12 سال)
"باشگاه ورزشی شاهین
(شماره تماس:03132757301-09395082343)
آدرس: خیابان جی، خیابان همدانیان، جنب پمپ بنزین",پیلاتس اصلاحی  بانوان  12 جلسه,1400000 تومان,9-10-11-12,دبستان 2(9 تا 12 سال)
"باشگاه ورزشی شاهین
(شماره تماس:03132757301-09395082343)
آدرس: خیابان جی، خیابان همدانیان، جنب پمپ بنزین",پیلاتس بانوان تک جلسه ای,1650000 تومان,9-10-11-12,دبستان 2(9 تا 12 سال)
"باشگاه ورزشی شاهین
(شماره تماس:03132757301-09395082343)
آدرس: خیابان جی، خیابان همدانیان، جنب پمپ بنزین",پیلاتس  بانوان 8 جلسه,145000 تومان,9-10-11-12,دبستان 2(9 تا 12 سال)
"باشگاه ورزشی شاهین
(شماره تماس:03132757301-09395082343)
آدرس: خیابان جی، خیابان همدانیان، جنب پمپ بنزین",پیلاتس  بانوان  12 جلسه,975000 تومان,9-10-11-12,دبستان 2(9 تا 12 سال)
"باشگاه ورزشی شاهین
(شماره تماس:03132757301-09395082343)
آدرس: خیابان جی، خیابان همدانیان، جنب پمپ بنزین",پاورفیت بانوان تک جلسه ای,1200000 تومان,9-10-11-12,دبستان 2(9 تا 12 سال)
"باشگاه ورزشی شاهین
(شماره تماس:03132757301-09395082343)
آدرس: خیابان جی، خیابان همدانیان، جنب پمپ بنزین",پاورفیت بانوان 12 جلسه,195000 تومان,9-10-11-12,دبستان 2(9 تا 12 سال)
"باشگاه ورزشی شاهین
(شماره تماس:03132757301-09395082343)
آدرس: خیابان جی، خیابان همدانیان، جنب پمپ بنزین",چربی سوزی بانوان  تک جلسه ای,1430000 تومان,9-10-11-12,دبستان 2(9 تا 12 سال)
"باشگاه ورزشی شاهین
(شماره تماس:03132757301-09395082343)
آدرس: خیابان جی، خیابان همدانیان، جنب پمپ بنزین",چربی سوزی بانوان 8 جلسه ای,195000 تومان,9-10-11-12,دبستان 2(9 تا 12 سال)
"باشگاه ورزشی شاهین
(شماره تماس:03132757301-09395082343)
آدرس: خیابان جی، خیابان همدانیان، جنب پمپ بنزین",فیتنس بانوان تک جلسه ای,1200000 تومان,9-10-11-12,دبستان 2(9 تا 12 سال)
"باشگاه ورزشی شاهین
(شماره تماس:03132757301-09395082343)
آدرس: خیابان جی، خیابان همدانیان، جنب پمپ بنزین",فیتنس بانوان 8 جلسه,195000 تومان,9-10-11-12,دبستان 2(9 تا 12 سال)
"باشگاه ورزشی شاهین
(شماره تماس:03132757301-09395082343)
آدرس: خیابان جی، خیابان همدانیان، جنب پمپ بنزین",فیتنس بانوان 12 جلسه,1200000 تومان,9-10-11-12,دبستان 2(9 تا 12 سال)
"باشگاه ورزشی شاهین
(شماره تماس:03132757301-09395082343)
آدرس: خیابان جی، خیابان همدانیان، جنب پمپ بنزین",فیتنس بانوان تک جلسه ای,1430000 تومان,9-10-11-12,دبستان 2(9 تا 12 سال)
"باشگاه ورزشی شاهین
(شماره تماس:03132757301-09395082343)
آدرس: خیابان جی، خیابان همدانیان، جنب پمپ بنزین",فیتنس بانوان 8 جلسه,225000 تومان,9-10-11-12,دبستان 2(9 تا 12 سال)
"باشگاه ورزشی شاهین
(شماره تماس:03132757301-09395082343)
آدرس: خیابان جی، خیابان همدانیان، جنب پمپ بنزین",فیتنس بانوان 12 جلسه,1400000 تومان,9-10-11-12,دبستان 2(9 تا 12 سال)
"باشگاه ورزشی شاهین
(شماره تماس:03132757301-09395082343)
آدرس: خیابان جی، خیابان همدانیان، جنب پمپ بنزین",فیتنس بانوان 12 جلسه,1650000 تومان,9-10-11-12,دبستان 2(9 تا 12 سال)
"باشگاه ورزشی شاهین
(شماره تماس:03132757301-09395082343)
آدرس: خیابان جی، خیابان همدانیان، جنب پمپ بنزین",فیتنس پامپ بانوان تک جلسه ای,1500000 تومان,9-10-11-12,دبستان 2(9 تا 12 سال)
"باشگاه ورزشی شاهین
(شماره تماس:03132757301-09395082343)
آدرس: خیابان جی، خیابان همدانیان، جنب پمپ بنزین",فیتنس پامپ بانوان 8 جلسه,195000 تومان,9-10-11-12,دبستان 2(9 تا 12 سال)
"باشگاه ورزشی شاهین
(شماره تماس:03132757301-09395082343)
آدرس: خیابان جی، خیابان همدانیان، جنب پمپ بنزین",فیتنس پامپ بانوان 12 جلسه,1200000 تومان,9-10-11-12,دبستان 2(9 تا 12 سال)
"باشگاه ورزشی شاهین
(شماره تماس:03132757301-09395082343)
آدرس: خیابان جی، خیابان همدانیان، جنب پمپ بنزین",ایروبیک بانوان تک جلسه ای,1430000 تومان,9-10-11-12,دبستان 2(9 تا 12 سال)
"باشگاه ورزشی شاهین
(شماره تماس:03132757301-09395082343)
آدرس: خیابان جی، خیابان همدانیان، جنب پمپ بنزین",ایروبیک بانوان8 جلسه,195000 تومان,9-10-11-12,دبستان 2(9 تا 12 سال)
"باشگاه ورزشی شاهین
(شماره تماس:03132757301-09395082343)
آدرس: خیابان جی، خیابان همدانیان، جنب پمپ بنزین",ایروبیک بانوان 12 جلسه,1200000 تومان,9-10-11-12,دبستان 2(9 تا 12 سال)
"باشگاه ورزشی شاهین
(شماره تماس:03132757301-09395082343)
آدرس: خیابان جی، خیابان همدانیان، جنب پمپ بنزین",ایروریتم دختران تک جلسه ای,1430000 تومان,9-10-11-12,دبستان 2(9 تا 12 سال)
"باشگاه ورزشی شاهین
(شماره تماس:03132757301-09395082343)
آدرس: خیابان جی، خیابان همدانیان، جنب پمپ بنزین",ایروریتم دختران 8 جلسه,195000 تومان,9-10-11-12,دبستان 2(9 تا 12 سال)
"باشگاه ورزشی شاهین
(شماره تماس:03132757301-09395082343)
آدرس: خیابان جی، خیابان همدانیان، جنب پمپ بنزین",ایروریتم دختران 12 جلسه,1200000 تومان,9-10-11-12,دبستان 2(9 تا 12 سال)
"باشگاه ورزشی شاهین
(شماره تماس:03132757301-09395082343)
آدرس: خیابان جی، خیابان همدانیان، جنب پمپ بنزین",بادی ریتمیک بانوان تک جلسه ای,1430000 تومان,9-10-11-12,دبستان 2(9 تا 12 سال)
"باشگاه ورزشی شاهین
(شماره تماس:03132757301-09395082343)
آدرس: خیابان جی، خیابان همدانیان، جنب پمپ بنزین",بادی ریتمیک بانوان8 جلسه,195000 تومان,9-10-11-12,دبستان 2(9 تا 12 سال)
"باشگاه ورزشی شاهین
(شماره تماس:03132757301-09395082343)
آدرس: خیابان جی، خیابان همدانیان، جنب پمپ بنزین",تکواندو بانوان تک جلسه ای,1200000 تومان,9-10-11-12,دبستان 2(9 تا 12 سال)
"باشگاه ورزشی شاهین
(شماره تماس:03132757301-09395082343)
آدرس: خیابان جی، خیابان همدانیان، جنب پمپ بنزین",تکواندو بانوان 8 جلسه,230000 تومان,9-10-11-12,دبستان 2(9 تا 12 سال)
"باشگاه ورزشی شاهین
(شماره تماس:03132757301-09395082343)
آدرس: خیابان جی، خیابان همدانیان، جنب پمپ بنزین",کاراته بانوان تک جلسه ای,1350000 تومان,9-10-11-12,دبستان 2(9 تا 12 سال)
"باشگاه ورزشی شاهین
(شماره تماس:03132757301-09395082343)
آدرس: خیابان جی، خیابان همدانیان، جنب پمپ بنزین",کاراته بانوان 8 جلسه,165000 تومان,9-10-11-12,دبستان 2(9 تا 12 سال)
"باشگاه ورزشی شاهین
(شماره تماس:03132757301-09395082343)
آدرس: خیابان جی، خیابان همدانیان، جنب پمپ بنزین",ووشو بانوان تک جلسه ای,1200000 تومان,9-10-11-12,دبستان 2(9 تا 12 سال)
"باشگاه ورزشی شاهین
(شماره تماس:03132757301-09395082343)
آدرس: خیابان جی، خیابان همدانیان، جنب پمپ بنزین",ووشو بانوان 8 جلسه,165000 تومان,9-10-11-12,دبستان 2(9 تا 12 سال)
"باشگاه ورزشی شاهین
(شماره تماس:03132757301-09395082343)
آدرس: خیابان جی، خیابان همدانیان، جنب پمپ بنزین",ووشو بانوان 12 جلسه,1130000 تومان,9-10-11-12,دبستان 2(9 تا 12 سال)
"باشگاه ورزشی شاهین
(شماره تماس:03132757301-09395082343)
آدرس: خیابان جی، خیابان همدانیان، جنب پمپ بنزین",جوجیتسو بانوان تک جلسه ای,1300000 تومان,9-10-11-12,دبستان 2(9 تا 12 سال)
"باشگاه ورزشی شاهین
(شماره تماس:03132757301-09395082343)
آدرس: خیابان جی، خیابان همدانیان، جنب پمپ بنزین",جوجیتسو بانوان 8 جلسه,165000 تومان,9-10-11-12,دبستان 2(9 تا 12 سال)
"باشگاه ورزشی شاهین
(شماره تماس:03132757301-09395082343)
آدرس: خیابان جی، خیابان همدانیان، جنب پمپ بنزین",نینجا بانوان تک جلسه ای,1200000 تومان,9-10-11-12,دبستان 2(9 تا 12 سال)
"باشگاه ورزشی شاهین
(شماره تماس:03132757301-09395082343)
آدرس: خیابان جی، خیابان همدانیان، جنب پمپ بنزین",نینجا بانوان 8 جلسه,165000 تومان,9-10-11-12,دبستان 2(9 تا 12 سال)
"باشگاه ورزشی شاهین
(شماره تماس:03132757301-09395082343)
آدرس: خیابان جی، خیابان همدانیان، جنب پمپ بنزین",نینجا بانوان 12 جلسه,1000000 تومان,9-10-11-12,دبستان 2(9 تا 12 سال)
"باشگاه ورزشی شاهین
(شماره تماس:03132757301-09395082343)
آدرس: خیابان جی، خیابان همدانیان، جنب پمپ بنزین",TRXفیتنس بانوان تک جلسه ای,1300000 تومان,9-10-11-12,دبستان 2(9 تا 12 سال)
"باشگاه ورزشی شاهین
(شماره تماس:03132757301-09395082343)
آدرس: خیابان جی، خیابان همدانیان، جنب پمپ بنزین",TRXفیتنس بانوان 12 جلسه,225000 تومان,9-10-11-12,دبستان 2(9 تا 12 سال)
"باشگاه ورزشی شاهین
(شماره تماس:03132757301-09395082343)
آدرس: خیابان جی، خیابان همدانیان، جنب پمپ بنزین",والیبال مقدماتی دختران تک جلسه ای,1650000 تومان,9-10-11-12,دبستان 2(9 تا 12 سال)
"باشگاه ورزشی شاهین
(شماره تماس:03132757301-09395082343)
آدرس: خیابان جی، خیابان همدانیان، جنب پمپ بنزین",والیبال مقدماتی دختران 8 جلسه,145000 تومان,9-10-11-12,دبستان 2(9 تا 12 سال)
"باشگاه ورزشی شاهین
(شماره تماس:03132757301-09395082343)
آدرس: خیابان جی، خیابان همدانیان، جنب پمپ بنزین",والیبال مقدماتی دختران 12 جلسه,975000 تومان,9-10-11-12,دبستان 2(9 تا 12 سال)
"باشگاه ورزشی شاهین
(شماره تماس:03132757301-09395082343)
آدرس: خیابان جی، خیابان همدانیان، جنب پمپ بنزین",ژیمناستیک مقدماتی دختران تک جلسه ای,1200000 تومان,9-10-11-12,دبستان 2(9 تا 12 سال)
"باشگاه ورزشی شاهین
(شماره تماس:03132757301-09395082343)
آدرس: خیابان جی، خیابان همدانیان، جنب پمپ بنزین",ژیمناستیک مقدماتی دختران 8 جلسه,145000 تومان,9-10-11-12,دبستان 2(9 تا 12 سال)
"باشگاه ورزشی شاهین
(شماره تماس:03132757301-09395082343)
آدرس: خیابان جی، خیابان همدانیان، جنب پمپ بنزین",ژیمناستیک مقدماتی دختران 12 جلسه,975000 تومان,9-10-11-12,دبستان 2(9 تا 12 سال)
"باشگاه ورزشی شاهین
(شماره تماس:03132757301-09395082343)
آدرس: خیابان جی، خیابان همدانیان، جنب پمپ بنزین",ژیمناستیک نیمه پیشرفته دختران تک جلسه ای,1200000 تومان,9-10-11-12,دبستان 2(9 تا 12 سال)
"باشگاه ورزشی شاهین
(شماره تماس:03132757301-09395082343)
آدرس: خیابان جی، خیابان همدانیان، جنب پمپ بنزین",ژیمناستیک نیمه پیشرفته دختران 12 جلسه,195000 تومان,9-10-11-12,دبستان 2(9 تا 12 سال)
"باشگاه ورزشی شاهین
(شماره تماس:03132757301-09395082343)
آدرس: خیابان جی، خیابان همدانیان، جنب پمپ بنزین",ژیمناستیک پیشرفته دختران تک جلسه ای,1500000 تومان,9-10-11-12,دبستان 2(9 تا 12 سال)
"باشگاه ورزشی شاهین
(شماره تماس:03132757301-09395082343)
آدرس: خیابان جی، خیابان همدانیان، جنب پمپ بنزین",ژیمناستیک پیشرفته دختران 12 جلسه,195000 تومان,9-10-11-12,دبستان 2(9 تا 12 سال)
"باشگاه ورزشی شاهین
(شماره تماس:03132757301-09395082343)
آدرس: خیابان جی، خیابان همدانیان، جنب پمپ بنزین",ژیمناستیک پسران تک جلسه ای,1500000 تومان,9-10-11-12,دبستان 2(9 تا 12 سال)
"باشگاه ورزشی شاهین
(شماره تماس:03132757301-09395082343)
آدرس: خیابان جی، خیابان همدانیان، جنب پمپ بنزین",ژیمناستیک پسران 8 جلسه,165000 تومان,9-10-11-12,دبستان 2(9 تا 12 سال)
"باشگاه ورزشی شاهین
(شماره تماس:03132757301-09395082343)
آدرس: خیابان جی، خیابان همدانیان، جنب پمپ بنزین",ژیمناستیک پسران 12 جلسه,975000 تومان,9-10-11-12,دبستان 2(9 تا 12 سال)
"باشگاه ورزشی شاهین
(شماره تماس:03132757301-09395082343)
آدرس: خیابان جی، خیابان همدانیان، جنب پمپ بنزین",یوگا بانوان 8 جلسه,195000 تومان,12-13-14-15,متوسطه 1(12 تا 15 سال)
"باشگاه ورزشی شاهین
(شماره تماس:03132757301-09395082343)
آدرس: خیابان جی، خیابان همدانیان، جنب پمپ بنزین",یوگا بانوان 12 جلسه,1200000 تومان,12-13-14-15,متوسطه 1(12 تا 15 سال)
"باشگاه ورزشی شاهین
(شماره تماس:03132757301-09395082343)
آدرس: خیابان جی، خیابان همدانیان، جنب پمپ بنزین",یوگا بانوان تک جلسه ای,1430000 تومان,12-13-14-15,متوسطه 1(12 تا 15 سال)
"باشگاه ورزشی شاهین
(شماره تماس:03132757301-09395082343)
آدرس: خیابان جی، خیابان همدانیان، جنب پمپ بنزین",یوگا بانوان 8 جلسه,145000 تومان,12-13-14-15,متوسطه 1(12 تا 15 سال)
"باشگاه ورزشی شاهین
(شماره تماس:03132757301-09395082343)
آدرس: خیابان جی، خیابان همدانیان، جنب پمپ بنزین",پیلاتس اصلاحی بانوان تک جلسه ای,900000 تومان,12-13-14-15,متوسطه 1(12 تا 15 سال)
"باشگاه ورزشی شاهین
(شماره تماس:03132757301-09395082343)
آدرس: خیابان جی، خیابان همدانیان، جنب پمپ بنزین",پیلاتس اصلاحی  بانوان 8 جلسه,225000 تومان,12-13-14-15,متوسطه 1(12 تا 15 سال)
"باشگاه ورزشی شاهین
(شماره تماس:03132757301-09395082343)
آدرس: خیابان جی، خیابان همدانیان، جنب پمپ بنزین",پیلاتس اصلاحی  بانوان  12 جلسه,1400000 تومان,12-13-14-15,متوسطه 1(12 تا 15 سال)
"باشگاه ورزشی شاهین
(شماره تماس:03132757301-09395082343)
آدرس: خیابان جی، خیابان همدانیان، جنب پمپ بنزین",پیلاتس بانوان تک جلسه ای,1650000 تومان,12-13-14-15,متوسطه 1(12 تا 15 سال)
"باشگاه ورزشی شاهین
(شماره تماس:03132757301-09395082343)
آدرس: خیابان جی، خیابان همدانیان، جنب پمپ بنزین",پیلاتس  بانوان 8 جلسه,145000 تومان,12-13-14-15,متوسطه 1(12 تا 15 سال)
"باشگاه ورزشی شاهین
(شماره تماس:03132757301-09395082343)
آدرس: خیابان جی، خیابان همدانیان، جنب پمپ بنزین",پیلاتس  بانوان  12 جلسه,975000 تومان,12-13-14-15,متوسطه 1(12 تا 15 سال)
"باشگاه ورزشی شاهین
(شماره تماس:03132757301-09395082343)
آدرس: خیابان جی، خیابان همدانیان، جنب پمپ بنزین",پاورفیت بانوان تک جلسه ای,1200000 تومان,12-13-14-15,متوسطه 1(12 تا 15 سال)
"باشگاه ورزشی شاهین
(شماره تماس:03132757301-09395082343)
آدرس: خیابان جی، خیابان همدانیان، جنب پمپ بنزین",پاورفیت بانوان 12 جلسه,195000 تومان,12-13-14-15,متوسطه 1(12 تا 15 سال)
"باشگاه ورزشی شاهین
(شماره تماس:03132757301-09395082343)
آدرس: خیابان جی، خیابان همدانیان، جنب پمپ بنزین",چربی سوزی بانوان  تک جلسه ای,1430000 تومان,12-13-14-15,متوسطه 1(12 تا 15 سال)
"باشگاه ورزشی شاهین
(شماره تماس:03132757301-09395082343)
آدرس: خیابان جی، خیابان همدانیان، جنب پمپ بنزین",چربی سوزی بانوان 8 جلسه ای,195000 تومان,12-13-14-15,متوسطه 1(12 تا 15 سال)
"باشگاه ورزشی شاهین
(شماره تماس:03132757301-09395082343)
آدرس: خیابان جی، خیابان همدانیان، جنب پمپ بنزین",فیتنس بانوان تک جلسه ای,1200000 تومان,12-13-14-15,متوسطه 1(12 تا 15 سال)
"باشگاه ورزشی شاهین
(شماره تماس:03132757301-09395082343)
آدرس: خیابان جی، خیابان همدانیان، جنب پمپ بنزین",فیتنس بانوان 8 جلسه,195000 تومان,12-13-14-15,متوسطه 1(12 تا 15 سال)
"باشگاه ورزشی شاهین
(شماره تماس:03132757301-09395082343)
آدرس: خیابان جی، خیابان همدانیان، جنب پمپ بنزین",فیتنس بانوان 12 جلسه,1200000 تومان,12-13-14-15,متوسطه 1(12 تا 15 سال)
"باشگاه ورزشی شاهین
(شماره تماس:03132757301-09395082343)
آدرس: خیابان جی، خیابان همدانیان، جنب پمپ بنزین",فیتنس بانوان تک جلسه ای,1430000 تومان,12-13-14-15,متوسطه 1(12 تا 15 سال)
"باشگاه ورزشی شاهین
(شماره تماس:03132757301-09395082343)
آدرس: خیابان جی، خیابان همدانیان، جنب پمپ بنزین",فیتنس بانوان 8 جلسه,225000 تومان,12-13-14-15,متوسطه 1(12 تا 15 سال)
"باشگاه ورزشی شاهین
(شماره تماس:03132757301-09395082343)
آدرس: خیابان جی، خیابان همدانیان، جنب پمپ بنزین",فیتنس بانوان 12 جلسه,1400000 تومان,12-13-14-15,متوسطه 1(12 تا 15 سال)
"باشگاه ورزشی شاهین
(شماره تماس:03132757301-09395082343)
آدرس: خیابان جی، خیابان همدانیان، جنب پمپ بنزین",فیتنس بانوان 12 جلسه,1650000 تومان,12-13-14-15,متوسطه 1(12 تا 15 سال)
"باشگاه ورزشی شاهین
(شماره تماس:03132757301-09395082343)
آدرس: خیابان جی، خیابان همدانیان، جنب پمپ بنزین",فیتنس پامپ بانوان تک جلسه ای,1500000 تومان,12-13-14-15,متوسطه 1(12 تا 15 سال)
"باشگاه ورزشی شاهین
(شماره تماس:03132757301-09395082343)
آدرس: خیابان جی، خیابان همدانیان، جنب پمپ بنزین",فیتنس پامپ بانوان 8 جلسه,195000 تومان,12-13-14-15,متوسطه 1(12 تا 15 سال)
"باشگاه ورزشی شاهین
(شماره تماس:03132757301-09395082343)
آدرس: خیابان جی، خیابان همدانیان، جنب پمپ بنزین",فیتنس پامپ بانوان 12 جلسه,1200000 تومان,12-13-14-15,متوسطه 1(12 تا 15 سال)
"باشگاه ورزشی شاهین
(شماره تماس:03132757301-09395082343)
آدرس: خیابان جی، خیابان همدانیان، جنب پمپ بنزین",ایروبیک بانوان تک جلسه ای,1430000 تومان,12-13-14-15,متوسطه 1(12 تا 15 سال)
"باشگاه ورزشی شاهین
(شماره تماس:03132757301-09395082343)
آدرس: خیابان جی، خیابان همدانیان، جنب پمپ بنزین",ایروبیک بانوان8 جلسه,195000 تومان,12-13-14-15,متوسطه 1(12 تا 15 سال)
"باشگاه ورزشی شاهین
(شماره تماس:03132757301-09395082343)
آدرس: خیابان جی، خیابان همدانیان، جنب پمپ بنزین",ایروبیک بانوان 12 جلسه,1200000 تومان,12-13-14-15,متوسطه 1(12 تا 15 سال)
"باشگاه ورزشی شاهین
(شماره تماس:03132757301-09395082343)
آدرس: خیابان جی، خیابان همدانیان، جنب پمپ بنزین",ایروریتم دختران تک جلسه ای,1430000 تومان,12-13-14-15,متوسطه 1(12 تا 15 سال)
"باشگاه ورزشی شاهین
(شماره تماس:03132757301-09395082343)
آدرس: خیابان جی، خیابان همدانیان، جنب پمپ بنزین",ایروریتم دختران 8 جلسه,195000 تومان,12-13-14-15,متوسطه 1(12 تا 15 سال)
"باشگاه ورزشی شاهین
(شماره تماس:03132757301-09395082343)
آدرس: خیابان جی، خیابان همدانیان، جنب پمپ بنزین",ایروریتم دختران 12 جلسه,1200000 تومان,12-13-14-15,متوسطه 1(12 تا 15 سال)
"باشگاه ورزشی شاهین
(شماره تماس:03132757301-09395082343)
آدرس: خیابان جی، خیابان همدانیان، جنب پمپ بنزین",بادی ریتمیک بانوان تک جلسه ای,1430000 تومان,12-13-14-15,متوسطه 1(12 تا 15 سال)
"باشگاه ورزشی شاهین
(شماره تماس:03132757301-09395082343)
آدرس: خیابان جی، خیابان همدانیان، جنب پمپ بنزین",بادی ریتمیک بانوان8 جلسه,195000 تومان,12-13-14-15,متوسطه 1(12 تا 15 سال)
"باشگاه ورزشی شاهین
(شماره تماس:03132757301-09395082343)
آدرس: خیابان جی، خیابان همدانیان، جنب پمپ بنزین",تکواندو بانوان تک جلسه ای,1200000 تومان,12-13-14-15,متوسطه 1(12 تا 15 سال)
"باشگاه ورزشی شاهین
(شماره تماس:03132757301-09395082343)
آدرس: خیابان جی، خیابان همدانیان، جنب پمپ بنزین",تکواندو بانوان 8 جلسه,230000 تومان,12-13-14-15,متوسطه 1(12 تا 15 سال)
"باشگاه ورزشی شاهین
(شماره تماس:03132757301-09395082343)
آدرس: خیابان جی، خیابان همدانیان، جنب پمپ بنزین",کاراته بانوان تک جلسه ای,1350000 تومان,12-13-14-15,متوسطه 1(12 تا 15 سال)
"باشگاه ورزشی شاهین
(شماره تماس:03132757301-09395082343)
آدرس: خیابان جی، خیابان همدانیان، جنب پمپ بنزین",کاراته بانوان 8 جلسه,165000 تومان,12-13-14-15,متوسطه 1(12 تا 15 سال)
"باشگاه ورزشی شاهین
(شماره تماس:03132757301-09395082343)
آدرس: خیابان جی، خیابان همدانیان، جنب پمپ بنزین",ووشو بانوان تک جلسه ای,1200000 تومان,12-13-14-15,متوسطه 1(12 تا 15 سال)
"باشگاه ورزشی شاهین
(شماره تماس:03132757301-09395082343)
آدرس: خیابان جی، خیابان همدانیان، جنب پمپ بنزین",ووشو بانوان 8 جلسه,165000 تومان,12-13-14-15,متوسطه 1(12 تا 15 سال)
"باشگاه ورزشی شاهین
(شماره تماس:03132757301-09395082343)
آدرس: خیابان جی، خیابان همدانیان، جنب پمپ بنزین",ووشو بانوان 12 جلسه,1130000 تومان,12-13-14-15,متوسطه 1(12 تا 15 سال)
"باشگاه ورزشی شاهین
(شماره تماس:03132757301-09395082343)
آدرس: خیابان جی، خیابان همدانیان، جنب پمپ بنزین",جوجیتسو بانوان تک جلسه ای,1300000 تومان,12-13-14-15,متوسطه 1(12 تا 15 سال)
"باشگاه ورزشی شاهین
(شماره تماس:03132757301-09395082343)
آدرس: خیابان جی، خیابان همدانیان، جنب پمپ بنزین",جوجیتسو بانوان 8 جلسه,165000 تومان,12-13-14-15,متوسطه 1(12 تا 15 سال)
"باشگاه ورزشی شاهین
(شماره تماس:03132757301-09395082343)
آدرس: خیابان جی، خیابان همدانیان، جنب پمپ بنزین",نینجا بانوان تک جلسه ای,1200000 تومان,12-13-14-15,متوسطه 1(12 تا 15 سال)
"باشگاه ورزشی شاهین
(شماره تماس:03132757301-09395082343)
آدرس: خیابان جی، خیابان همدانیان، جنب پمپ بنزین",نینجا بانوان 8 جلسه,165000 تومان,12-13-14-15,متوسطه 1(12 تا 15 سال)
"باشگاه ورزشی شاهین
(شماره تماس:03132757301-09395082343)
آدرس: خیابان جی، خیابان همدانیان، جنب پمپ بنزین",نینجا بانوان 12 جلسه,1000000 تومان,12-13-14-15,متوسطه 1(12 تا 15 سال)
"باشگاه ورزشی شاهین
(شماره تماس:03132757301-09395082343)
آدرس: خیابان جی، خیابان همدانیان، جنب پمپ بنزین",TRXفیتنس بانوان تک جلسه ای,1300000 تومان,12-13-14-15,متوسطه 1(12 تا 15 سال)
"باشگاه ورزشی شاهین
(شماره تماس:03132757301-09395082343)
آدرس: خیابان جی، خیابان همدانیان، جنب پمپ بنزین",TRXفیتنس بانوان 12 جلسه,225000 تومان,12-13-14-15,متوسطه 1(12 تا 15 سال)
"باشگاه ورزشی شاهین
(شماره تماس:03132757301-09395082343)
آدرس: خیابان جی، خیابان همدانیان، جنب پمپ بنزین",والیبال مقدماتی دختران تک جلسه ای,1650000 تومان,12-13-14-15,متوسطه 1(12 تا 15 سال)
"باشگاه ورزشی شاهین
(شماره تماس:03132757301-09395082343)
آدرس: خیابان جی، خیابان همدانیان، جنب پمپ بنزین",والیبال مقدماتی دختران 8 جلسه,145000 تومان,12-13-14-15,متوسطه 1(12 تا 15 سال)
"باشگاه ورزشی شاهین
(شماره تماس:03132757301-09395082343)
آدرس: خیابان جی، خیابان همدانیان، جنب پمپ بنزین",والیبال مقدماتی دختران 12 جلسه,975000 تومان,12-13-14-15,متوسطه 1(12 تا 15 سال)
"باشگاه ورزشی شاهین
(شماره تماس:03132757301-09395082343)
آدرس: خیابان جی، خیابان همدانیان، جنب پمپ بنزین",ژیمناستیک مقدماتی دختران تک جلسه ای,1200000 تومان,12-13-14-15,متوسطه 1(12 تا 15 سال)
"باشگاه ورزشی شاهین
(شماره تماس:03132757301-09395082343)
آدرس: خیابان جی، خیابان همدانیان، جنب پمپ بنزین",ژیمناستیک مقدماتی دختران 8 جلسه,145000 تومان,12-13-14-15,متوسطه 1(12 تا 15 سال)
"باشگاه ورزشی شاهین
(شماره تماس:03132757301-09395082343)
آدرس: خیابان جی، خیابان همدانیان، جنب پمپ بنزین",ژیمناستیک مقدماتی دختران 12 جلسه,975000 تومان,12-13-14-15,متوسطه 1(12 تا 15 سال)
"باشگاه ورزشی شاهین
(شماره تماس:03132757301-09395082343)
آدرس: خیابان جی، خیابان همدانیان، جنب پمپ بنزین",ژیمناستیک نیمه پیشرفته دختران تک جلسه ای,1200000 تومان,12-13-14-15,متوسطه 1(12 تا 15 سال)
"باشگاه ورزشی شاهین
(شماره تماس:03132757301-09395082343)
آدرس: خیابان جی، خیابان همدانیان، جنب پمپ بنزین",ژیمناستیک نیمه پیشرفته دختران 12 جلسه,195000 تومان,12-13-14-15,متوسطه 1(12 تا 15 سال)
"باشگاه ورزشی شاهین
(شماره تماس:03132757301-09395082343)
آدرس: خیابان جی، خیابان همدانیان، جنب پمپ بنزین",ژیمناستیک پیشرفته دختران تک جلسه ای,1500000 تومان,12-13-14-15,متوسطه 1(12 تا 15 سال)
"باشگاه ورزشی شاهین
(شماره تماس:03132757301-09395082343)
آدرس: خیابان جی، خیابان همدانیان، جنب پمپ بنزین",ژیمناستیک پیشرفته دختران 12 جلسه,195000 تومان,12-13-14-15,متوسطه 1(12 تا 15 سال)
"باشگاه ورزشی شاهین
(شماره تماس:03132757301-09395082343)
آدرس: خیابان جی، خیابان همدانیان، جنب پمپ بنزین",ژیمناستیک پسران تک جلسه ای,1500000 تومان,12-13-14-15,متوسطه 1(12 تا 15 سال)
"باشگاه ورزشی شاهین
(شماره تماس:03132757301-09395082343)
آدرس: خیابان جی، خیابان همدانیان، جنب پمپ بنزین",ژیمناستیک پسران 8 جلسه,165000 تومان,12-13-14-15,متوسطه 1(12 تا 15 سال)
"باشگاه ورزشی شاهین
(شماره تماس:03132757301-09395082343)
آدرس: خیابان جی، خیابان همدانیان، جنب پمپ بنزین",ژیمناستیک پسران 12 جلسه,975000 تومان,12-13-14-15,متوسطه 1(12 تا 15 سال)
"باشگاه ورزشی شاهین
(شماره تماس:03132757301-09395082343)
آدرس: خیابان جی، خیابان همدانیان، جنب پمپ بنزین",یوگا بانوان 8 جلسه,195000 تومان,15-16-17-18,متوسطه 2(15 تا 18 سال)
"باشگاه ورزشی شاهین
(شماره تماس:03132757301-09395082343)
آدرس: خیابان جی، خیابان همدانیان، جنب پمپ بنزین",یوگا بانوان 12 جلسه,1200000 تومان,15-16-17-18,متوسطه 2(15 تا 18 سال)
"باشگاه ورزشی شاهین
(شماره تماس:03132757301-09395082343)
آدرس: خیابان جی، خیابان همدانیان، جنب پمپ بنزین",یوگا بانوان تک جلسه ای,1430000 تومان,15-16-17-18,متوسطه 2(15 تا 18 سال)
"باشگاه ورزشی شاهین
(شماره تماس:03132757301-09395082343)
آدرس: خیابان جی، خیابان همدانیان، جنب پمپ بنزین",یوگا بانوان 8 جلسه,145000 تومان,15-16-17-18,متوسطه 2(15 تا 18 سال)
"باشگاه ورزشی شاهین
(شماره تماس:03132757301-09395082343)
آدرس: خیابان جی، خیابان همدانیان، جنب پمپ بنزین",پیلاتس اصلاحی بانوان تک جلسه ای,900000 تومان,15-16-17-18,متوسطه 2(15 تا 18 سال)
"باشگاه ورزشی شاهین
(شماره تماس:03132757301-09395082343)
آدرس: خیابان جی، خیابان همدانیان، جنب پمپ بنزین",پیلاتس اصلاحی  بانوان 8 جلسه,225000 تومان,15-16-17-18,متوسطه 2(15 تا 18 سال)
"باشگاه ورزشی شاهین
(شماره تماس:03132757301-09395082343)
آدرس: خیابان جی، خیابان همدانیان، جنب پمپ بنزین",پیلاتس اصلاحی  بانوان  12 جلسه,1400000 تومان,15-16-17-18,متوسطه 2(15 تا 18 سال)
"باشگاه ورزشی شاهین
(شماره تماس:03132757301-09395082343)
آدرس: خیابان جی، خیابان همدانیان، جنب پمپ بنزین",پیلاتس بانوان تک جلسه ای,1650000 تومان,15-16-17-18,متوسطه 2(15 تا 18 سال)
"باشگاه ورزشی شاهین
(شماره تماس:03132757301-09395082343)
آدرس: خیابان جی، خیابان همدانیان، جنب پمپ بنزین",پیلاتس  بانوان 8 جلسه,145000 تومان,15-16-17-18,متوسطه 2(15 تا 18 سال)
"باشگاه ورزشی شاهین
(شماره تماس:03132757301-09395082343)
آدرس: خیابان جی، خیابان همدانیان، جنب پمپ بنزین",پیلاتس  بانوان  12 جلسه,975000 تومان,15-16-17-18,متوسطه 2(15 تا 18 سال)
"باشگاه ورزشی شاهین
(شماره تماس:03132757301-09395082343)
آدرس: خیابان جی، خیابان همدانیان، جنب پمپ بنزین",پاورفیت بانوان تک جلسه ای,1200000 تومان,15-16-17-18,متوسطه 2(15 تا 18 سال)
"باشگاه ورزشی شاهین
(شماره تماس:03132757301-09395082343)
آدرس: خیابان جی، خیابان همدانیان، جنب پمپ بنزین",پاورفیت بانوان 12 جلسه,195000 تومان,15-16-17-18,متوسطه 2(15 تا 18 سال)
"باشگاه ورزشی شاهین
(شماره تماس:03132757301-09395082343)
آدرس: خیابان جی، خیابان همدانیان، جنب پمپ بنزین",چربی سوزی بانوان  تک جلسه ای,1430000 تومان,15-16-17-18,متوسطه 2(15 تا 18 سال)
"باشگاه ورزشی شاهین
(شماره تماس:03132757301-09395082343)
آدرس: خیابان جی، خیابان همدانیان، جنب پمپ بنزین",چربی سوزی بانوان 8 جلسه ای,195000 تومان,15-16-17-18,متوسطه 2(15 تا 18 سال)
"باشگاه ورزشی شاهین
(شماره تماس:03132757301-09395082343)
آدرس: خیابان جی، خیابان همدانیان، جنب پمپ بنزین",فیتنس بانوان تک جلسه ای,1200000 تومان,15-16-17-18,متوسطه 2(15 تا 18 سال)
"باشگاه ورزشی شاهین
(شماره تماس:03132757301-09395082343)
آدرس: خیابان جی، خیابان همدانیان، جنب پمپ بنزین",فیتنس بانوان 8 جلسه,195000 تومان,15-16-17-18,متوسطه 2(15 تا 18 سال)
"باشگاه ورزشی شاهین
(شماره تماس:03132757301-09395082343)
آدرس: خیابان جی، خیابان همدانیان، جنب پمپ بنزین",فیتنس بانوان 12 جلسه,1200000 تومان,15-16-17-18,متوسطه 2(15 تا 18 سال)
"باشگاه ورزشی شاهین
(شماره تماس:03132757301-09395082343)
آدرس: خیابان جی، خیابان همدانیان، جنب پمپ بنزین",فیتنس بانوان تک جلسه ای,1430000 تومان,15-16-17-18,متوسطه 2(15 تا 18 سال)
"باشگاه ورزشی شاهین
(شماره تماس:03132757301-09395082343)
آدرس: خیابان جی، خیابان همدانیان، جنب پمپ بنزین",فیتنس بانوان 8 جلسه,225000 تومان,15-16-17-18,متوسطه 2(15 تا 18 سال)
"باشگاه ورزشی شاهین
(شماره تماس:03132757301-09395082343)
آدرس: خیابان جی، خیابان همدانیان، جنب پمپ بنزین",فیتنس بانوان 12 جلسه,1400000 تومان,15-16-17-18,متوسطه 2(15 تا 18 سال)
"باشگاه ورزشی شاهین
(شماره تماس:03132757301-09395082343)
آدرس: خیابان جی، خیابان همدانیان، جنب پمپ بنزین",فیتنس بانوان 12 جلسه,1650000 تومان,15-16-17-18,متوسطه 2(15 تا 18 سال)
"باشگاه ورزشی شاهین
(شماره تماس:03132757301-09395082343)
آدرس: خیابان جی، خیابان همدانیان، جنب پمپ بنزین",فیتنس پامپ بانوان تک جلسه ای,1500000 تومان,15-16-17-18,متوسطه 2(15 تا 18 سال)
"باشگاه ورزشی شاهین
(شماره تماس:03132757301-09395082343)
آدرس: خیابان جی، خیابان همدانیان، جنب پمپ بنزین",فیتنس پامپ بانوان 8 جلسه,195000 تومان,15-16-17-18,متوسطه 2(15 تا 18 سال)
"باشگاه ورزشی شاهین
(شماره تماس:03132757301-09395082343)
آدرس: خیابان جی، خیابان همدانیان، جنب پمپ بنزین",فیتنس پامپ بانوان 12 جلسه,1200000 تومان,15-16-17-18,متوسطه 2(15 تا 18 سال)
"باشگاه ورزشی شاهین
(شماره تماس:03132757301-09395082343)
آدرس: خیابان جی، خیابان همدانیان، جنب پمپ بنزین",ایروبیک بانوان تک جلسه ای,1430000 تومان,15-16-17-18,متوسطه 2(15 تا 18 سال)
"باشگاه ورزشی شاهین
(شماره تماس:03132757301-09395082343)
آدرس: خیابان جی، خیابان همدانیان، جنب پمپ بنزین",ایروبیک بانوان8 جلسه,195000 تومان,15-16-17-18,متوسطه 2(15 تا 18 سال)
"باشگاه ورزشی شاهین
(شماره تماس:03132757301-09395082343)
آدرس: خیابان جی، خیابان همدانیان، جنب پمپ بنزین",ایروبیک بانوان 12 جلسه,1200000 تومان,15-16-17-18,متوسطه 2(15 تا 18 سال)
"باشگاه ورزشی شاهین
(شماره تماس:03132757301-09395082343)
آدرس: خیابان جی، خیابان همدانیان، جنب پمپ بنزین",ایروریتم دختران تک جلسه ای,1430000 تومان,15-16-17-18,متوسطه 2(15 تا 18 سال)
"باشگاه ورزشی شاهین
(شماره تماس:03132757301-09395082343)
آدرس: خیابان جی، خیابان همدانیان، جنب پمپ بنزین",ایروریتم دختران 8 جلسه,195000 تومان,15-16-17-18,متوسطه 2(15 تا 18 سال)
"باشگاه ورزشی شاهین
(شماره تماس:03132757301-09395082343)
آدرس: خیابان جی، خیابان همدانیان، جنب پمپ بنزین",ایروریتم دختران 12 جلسه,1200000 تومان,15-16-17-18,متوسطه 2(15 تا 18 سال)
"باشگاه ورزشی شاهین
(شماره تماس:03132757301-09395082343)
آدرس: خیابان جی، خیابان همدانیان، جنب پمپ بنزین",بادی ریتمیک بانوان تک جلسه ای,1430000 تومان,15-16-17-18,متوسطه 2(15 تا 18 سال)
"باشگاه ورزشی شاهین
(شماره تماس:03132757301-09395082343)
آدرس: خیابان جی، خیابان همدانیان، جنب پمپ بنزین",بادی ریتمیک بانوان8 جلسه,195000 تومان,15-16-17-18,متوسطه 2(15 تا 18 سال)
"باشگاه ورزشی شاهین
(شماره تماس:03132757301-09395082343)
آدرس: خیابان جی، خیابان همدانیان، جنب پمپ بنزین",تکواندو بانوان تک جلسه ای,1200000 تومان,15-16-17-18,متوسطه 2(15 تا 18 سال)
"باشگاه ورزشی شاهین
(شماره تماس:03132757301-09395082343)
آدرس: خیابان جی، خیابان همدانیان، جنب پمپ بنزین",تکواندو بانوان 8 جلسه,230000 تومان,15-16-17-18,متوسطه 2(15 تا 18 سال)
"باشگاه ورزشی شاهین
(شماره تماس:03132757301-09395082343)
آدرس: خیابان جی، خیابان همدانیان، جنب پمپ بنزین",کاراته بانوان تک جلسه ای,1350000 تومان,15-16-17-18,متوسطه 2(15 تا 18 سال)
"باشگاه ورزشی شاهین
(شماره تماس:03132757301-09395082343)
آدرس: خیابان جی، خیابان همدانیان، جنب پمپ بنزین",کاراته بانوان 8 جلسه,165000 تومان,15-16-17-18,متوسطه 2(15 تا 18 سال)
"باشگاه ورزشی شاهین
(شماره تماس:03132757301-09395082343)
آدرس: خیابان جی، خیابان همدانیان، جنب پمپ بنزین",ووشو بانوان تک جلسه ای,1200000 تومان,15-16-17-18,متوسطه 2(15 تا 18 سال)
"باشگاه ورزشی شاهین
(شماره تماس:03132757301-09395082343)
آدرس: خیابان جی، خیابان همدانیان، جنب پمپ بنزین",ووشو بانوان 8 جلسه,165000 تومان,15-16-17-18,متوسطه 2(15 تا 18 سال)
"باشگاه ورزشی شاهین
(شماره تماس:03132757301-09395082343)
آدرس: خیابان جی، خیابان همدانیان، جنب پمپ بنزین",ووشو بانوان 12 جلسه,1130000 تومان,15-16-17-18,متوسطه 2(15 تا 18 سال)
"باشگاه ورزشی شاهین
(شماره تماس:03132757301-09395082343)
آدرس: خیابان جی، خیابان همدانیان، جنب پمپ بنزین",جوجیتسو بانوان تک جلسه ای,1300000 تومان,15-16-17-18,متوسطه 2(15 تا 18 سال)
"باشگاه ورزشی شاهین
(شماره تماس:03132757301-09395082343)
آدرس: خیابان جی، خیابان همدانیان، جنب پمپ بنزین",جوجیتسو بانوان 8 جلسه,165000 تومان,15-16-17-18,متوسطه 2(15 تا 18 سال)
"باشگاه ورزشی شاهین
(شماره تماس:03132757301-09395082343)
آدرس: خیابان جی، خیابان همدانیان، جنب پمپ بنزین",نینجا بانوان تک جلسه ای,1200000 تومان,15-16-17-18,متوسطه 2(15 تا 18 سال)
"باشگاه ورزشی شاهین
(شماره تماس:03132757301-09395082343)
آدرس: خیابان جی، خیابان همدانیان، جنب پمپ بنزین",نینجا بانوان 8 جلسه,165000 تومان,15-16-17-18,متوسطه 2(15 تا 18 سال)
"باشگاه ورزشی شاهین
(شماره تماس:03132757301-09395082343)
آدرس: خیابان جی، خیابان همدانیان، جنب پمپ بنزین",نینجا بانوان 12 جلسه,1000000 تومان,15-16-17-18,متوسطه 2(15 تا 18 سال)
"باشگاه ورزشی شاهین
(شماره تماس:03132757301-09395082343)
آدرس: خیابان جی، خیابان همدانیان، جنب پمپ بنزین",TRXفیتنس بانوان تک جلسه ای,1300000 تومان,15-16-17-18,متوسطه 2(15 تا 18 سال)
"باشگاه ورزشی شاهین
(شماره تماس:03132757301-09395082343)
آدرس: خیابان جی، خیابان همدانیان، جنب پمپ بنزین",TRXفیتنس بانوان 12 جلسه,225000 تومان,15-16-17-18,متوسطه 2(15 تا 18 سال)
"باشگاه ورزشی شاهین
(شماره تماس:03132757301-09395082343)
آدرس: خیابان جی، خیابان همدانیان، جنب پمپ بنزین",والیبال مقدماتی دختران تک جلسه ای,1650000 تومان,15-16-17-18,متوسطه 2(15 تا 18 سال)
"باشگاه ورزشی شاهین
(شماره تماس:03132757301-09395082343)
آدرس: خیابان جی، خیابان همدانیان، جنب پمپ بنزین",والیبال مقدماتی دختران 8 جلسه,145000 تومان,15-16-17-18,متوسطه 2(15 تا 18 سال)
"باشگاه ورزشی شاهین
(شماره تماس:03132757301-09395082343)
آدرس: خیابان جی، خیابان همدانیان، جنب پمپ بنزین",والیبال مقدماتی دختران 12 جلسه,975000 تومان,15-16-17-18,متوسطه 2(15 تا 18 سال)
"باشگاه ورزشی شاهین
(شماره تماس:03132757301-09395082343)
آدرس: خیابان جی، خیابان همدانیان، جنب پمپ بنزین",ژیمناستیک مقدماتی دختران تک جلسه ای,1200000 تومان,15-16-17-18,متوسطه 2(15 تا 18 سال)
"باشگاه ورزشی شاهین
(شماره تماس:03132757301-09395082343)
آدرس: خیابان جی، خیابان همدانیان، جنب پمپ بنزین",ژیمناستیک مقدماتی دختران 8 جلسه,145000 تومان,15-16-17-18,متوسطه 2(15 تا 18 سال)
"باشگاه ورزشی شاهین
(شماره تماس:03132757301-09395082343)
آدرس: خیابان جی، خیابان همدانیان، جنب پمپ بنزین",ژیمناستیک مقدماتی دختران 12 جلسه,975000 تومان,15-16-17-18,متوسطه 2(15 تا 18 سال)
"باشگاه ورزشی شاهین
(شماره تماس:03132757301-09395082343)
آدرس: خیابان جی، خیابان همدانیان، جنب پمپ بنزین",ژیمناستیک نیمه پیشرفته دختران تک جلسه ای,1200000 تومان,15-16-17-18,متوسطه 2(15 تا 18 سال)
"باشگاه ورزشی شاهین
(شماره تماس:03132757301-09395082343)
آدرس: خیابان جی، خیابان همدانیان، جنب پمپ بنزین",ژیمناستیک نیمه پیشرفته دختران 12 جلسه,195000 تومان,15-16-17-18,متوسطه 2(15 تا 18 سال)
"باشگاه ورزشی شاهین
(شماره تماس:03132757301-09395082343)
آدرس: خیابان جی، خیابان همدانیان، جنب پمپ بنزین",ژیمناستیک پیشرفته دختران تک جلسه ای,1500000 تومان,15-16-17-18,متوسطه 2(15 تا 18 سال)
"باشگاه ورزشی شاهین
(شماره تماس:03132757301-09395082343)
آدرس: خیابان جی، خیابان همدانیان، جنب پمپ بنزین",ژیمناستیک پیشرفته دختران 12 جلسه,195000 تومان,15-16-17-18,متوسطه 2(15 تا 18 سال)
"باشگاه ورزشی شاهین
(شماره تماس:03132757301-09395082343)
آدرس: خیابان جی، خیابان همدانیان، جنب پمپ بنزین",ژیمناستیک پسران تک جلسه ای,1500000 تومان,15-16-17-18,متوسطه 2(15 تا 18 سال)
"باشگاه ورزشی شاهین
(شماره تماس:03132757301-09395082343)
آدرس: خیابان جی، خیابان همدانیان، جنب پمپ بنزین",ژیمناستیک پسران 8 جلسه,165000 تومان,15-16-17-18,متوسطه 2(15 تا 18 سال)
"باشگاه ورزشی شاهین
(شماره تماس:03132757301-09395082343)
آدرس: خیابان جی، خیابان همدانیان، جنب پمپ بنزین",ژیمناستیک پسران 12 جلسه,975000 تومان,15-16-17-18,متوسطه 2(15 تا 18 سال)
"باشگاه ورزشی شاهین
(شماره تماس:03132757301-09395082343)
آدرس: خیابان جی، خیابان همدانیان، جنب پمپ بنزین",یوگا بانوان 8 جلسه,195000 تومان,19-...,بزرگسالان ( فرزندان-18 سال به بالا)
"باشگاه ورزشی شاهین
(شماره تماس:03132757301-09395082343)
آدرس: خیابان جی، خیابان همدانیان، جنب پمپ بنزین",یوگا بانوان 12 جلسه,1200000 تومان,19-...,بزرگسالان ( فرزندان-18 سال به بالا)
"باشگاه ورزشی شاهین
(شماره تماس:03132757301-09395082343)
آدرس: خیابان جی، خیابان همدانیان، جنب پمپ بنزین",یوگا بانوان تک جلسه ای,1430000 تومان,19-...,بزرگسالان ( فرزندان-18 سال به بالا)
"باشگاه ورزشی شاهین
(شماره تماس:03132757301-09395082343)
آدرس: خیابان جی، خیابان همدانیان، جنب پمپ بنزین",یوگا بانوان 8 جلسه,145000 تومان,19-...,بزرگسالان ( فرزندان-18 سال به بالا)
"باشگاه ورزشی شاهین
(شماره تماس:03132757301-09395082343)
آدرس: خیابان جی، خیابان همدانیان، جنب پمپ بنزین",پیلاتس اصلاحی بانوان تک جلسه ای,900000 تومان,19-...,بزرگسالان ( فرزندان-18 سال به بالا)
"باشگاه ورزشی شاهین
(شماره تماس:03132757301-09395082343)
آدرس: خیابان جی، خیابان همدانیان، جنب پمپ بنزین",پیلاتس اصلاحی  بانوان 8 جلسه,225000 تومان,19-...,بزرگسالان ( فرزندان-18 سال به بالا)
"باشگاه ورزشی شاهین
(شماره تماس:03132757301-09395082343)
آدرس: خیابان جی، خیابان همدانیان، جنب پمپ بنزین",پیلاتس اصلاحی  بانوان  12 جلسه,1400000 تومان,19-...,بزرگسالان ( فرزندان-18 سال به بالا)
"باشگاه ورزشی شاهین
(شماره تماس:03132757301-09395082343)
آدرس: خیابان جی، خیابان همدانیان، جنب پمپ بنزین",پیلاتس بانوان تک جلسه ای,1650000 تومان,19-...,بزرگسالان ( فرزندان-18 سال به بالا)
"باشگاه ورزشی شاهین
(شماره تماس:03132757301-09395082343)
آدرس: خیابان جی، خیابان همدانیان، جنب پمپ بنزین",پیلاتس  بانوان 8 جلسه,145000 تومان,19-...,بزرگسالان ( فرزندان-18 سال به بالا)
"باشگاه ورزشی شاهین
(شماره تماس:03132757301-09395082343)
آدرس: خیابان جی، خیابان همدانیان، جنب پمپ بنزین",پیلاتس  بانوان  12 جلسه,975000 تومان,19-...,بزرگسالان ( فرزندان-18 سال به بالا)
"باشگاه ورزشی شاهین
(شماره تماس:03132757301-09395082343)
آدرس: خیابان جی، خیابان همدانیان، جنب پمپ بنزین",پاورفیت بانوان تک جلسه ای,1200000 تومان,19-...,بزرگسالان ( فرزندان-18 سال به بالا)
"باشگاه ورزشی شاهین
(شماره تماس:03132757301-09395082343)
آدرس: خیابان جی، خیابان همدانیان، جنب پمپ بنزین",پاورفیت بانوان 12 جلسه,195000 تومان,19-...,بزرگسالان ( فرزندان-18 سال به بالا)
"باشگاه ورزشی شاهین
(شماره تماس:03132757301-09395082343)
آدرس: خیابان جی، خیابان همدانیان، جنب پمپ بنزین",چربی سوزی بانوان  تک جلسه ای,1430000 تومان,19-...,بزرگسالان ( فرزندان-18 سال به بالا)
"باشگاه ورزشی شاهین
(شماره تماس:03132757301-09395082343)
آدرس: خیابان جی، خیابان همدانیان، جنب پمپ بنزین",چربی سوزی بانوان 8 جلسه ای,195000 تومان,19-...,بزرگسالان ( فرزندان-18 سال به بالا)
"باشگاه ورزشی شاهین
(شماره تماس:03132757301-09395082343)
آدرس: خیابان جی، خیابان همدانیان، جنب پمپ بنزین",فیتنس بانوان تک جلسه ای,1200000 تومان,19-...,بزرگسالان ( فرزندان-18 سال به بالا)
"باشگاه ورزشی شاهین
(شماره تماس:03132757301-09395082343)
آدرس: خیابان جی، خیابان همدانیان، جنب پمپ بنزین",فیتنس بانوان 8 جلسه,195000 تومان,19-...,بزرگسالان ( فرزندان-18 سال به بالا)
"باشگاه ورزشی شاهین
(شماره تماس:03132757301-09395082343)
آدرس: خیابان جی، خیابان همدانیان، جنب پمپ بنزین",فیتنس بانوان 12 جلسه,1200000 تومان,19-...,بزرگسالان ( فرزندان-18 سال به بالا)
"باشگاه ورزشی شاهین
(شماره تماس:03132757301-09395082343)
آدرس: خیابان جی، خیابان همدانیان، جنب پمپ بنزین",فیتنس بانوان تک جلسه ای,1430000 تومان,19-...,بزرگسالان ( فرزندان-18 سال به بالا)
"باشگاه ورزشی شاهین
(شماره تماس:03132757301-09395082343)
آدرس: خیابان جی، خیابان همدانیان، جنب پمپ بنزین",فیتنس بانوان 8 جلسه,225000 تومان,19-...,بزرگسالان ( فرزندان-18 سال به بالا)
"باشگاه ورزشی شاهین
(شماره تماس:03132757301-09395082343)
آدرس: خیابان جی، خیابان همدانیان، جنب پمپ بنزین",فیتنس بانوان 12 جلسه,1400000 تومان,19-...,بزرگسالان ( فرزندان-18 سال به بالا)
"باشگاه ورزشی شاهین
(شماره تماس:03132757301-09395082343)
آدرس: خیابان جی، خیابان همدانیان، جنب پمپ بنزین",فیتنس بانوان 12 جلسه,1650000 تومان,19-...,بزرگسالان ( فرزندان-18 سال به بالا)
"باشگاه ورزشی شاهین
(شماره تماس:03132757301-09395082343)
آدرس: خیابان جی، خیابان همدانیان، جنب پمپ بنزین",فیتنس پامپ بانوان تک جلسه ای,1500000 تومان,19-...,بزرگسالان ( فرزندان-18 سال به بالا)
"باشگاه ورزشی شاهین
(شماره تماس:03132757301-09395082343)
آدرس: خیابان جی، خیابان همدانیان، جنب پمپ بنزین",فیتنس پامپ بانوان 8 جلسه,195000 تومان,19-...,بزرگسالان ( فرزندان-18 سال به بالا)
"باشگاه ورزشی شاهین
(شماره تماس:03132757301-09395082343)
آدرس: خیابان جی، خیابان همدانیان، جنب پمپ بنزین",فیتنس پامپ بانوان 12 جلسه,1200000 تومان,19-...,بزرگسالان ( فرزندان-18 سال به بالا)
"باشگاه ورزشی شاهین
(شماره تماس:03132757301-09395082343)
آدرس: خیابان جی، خیابان همدانیان، جنب پمپ بنزین",ایروبیک بانوان تک جلسه ای,1430000 تومان,19-...,بزرگسالان ( فرزندان-18 سال به بالا)
"باشگاه ورزشی شاهین
(شماره تماس:03132757301-09395082343)
آدرس: خیابان جی، خیابان همدانیان، جنب پمپ بنزین",ایروبیک بانوان8 جلسه,195000 تومان,19-...,بزرگسالان ( فرزندان-18 سال به بالا)
"باشگاه ورزشی شاهین
(شماره تماس:03132757301-09395082343)
آدرس: خیابان جی، خیابان همدانیان، جنب پمپ بنزین",ایروبیک بانوان 12 جلسه,1200000 تومان,19-...,بزرگسالان ( فرزندان-18 سال به بالا)
"باشگاه ورزشی شاهین
(شماره تماس:03132757301-09395082343)
آدرس: خیابان جی، خیابان همدانیان، جنب پمپ بنزین",بادی ریتمیک بانوان تک جلسه ای,1430000 تومان,19-...,بزرگسالان ( فرزندان-18 سال به بالا)
"باشگاه ورزشی شاهین
(شماره تماس:03132757301-09395082343)
آدرس: خیابان جی، خیابان همدانیان، جنب پمپ بنزین",بادی ریتمیک بانوان8 جلسه,195000 تومان,19-...,بزرگسالان ( فرزندان-18 سال به بالا)
"باشگاه ورزشی شاهین
(شماره تماس:03132757301-09395082343)
آدرس: خیابان جی، خیابان همدانیان، جنب پمپ بنزین",تکواندو بانوان تک جلسه ای,1200000 تومان,19-...,بزرگسالان ( فرزندان-18 سال به بالا)
"باشگاه ورزشی شاهین
(شماره تماس:03132757301-09395082343)
آدرس: خیابان جی، خیابان همدانیان، جنب پمپ بنزین",تکواندو بانوان 8 جلسه,230000 تومان,19-...,بزرگسالان ( فرزندان-18 سال به بالا)
"باشگاه ورزشی شاهین
(شماره تماس:03132757301-09395082343)
آدرس: خیابان جی، خیابان همدانیان، جنب پمپ بنزین",کاراته بانوان تک جلسه ای,1350000 تومان,19-...,بزرگسالان ( فرزندان-18 سال به بالا)
"باشگاه ورزشی شاهین
(شماره تماس:03132757301-09395082343)
آدرس: خیابان جی، خیابان همدانیان، جنب پمپ بنزین",کاراته بانوان 8 جلسه,165000 تومان,19-...,بزرگسالان ( فرزندان-18 سال به بالا)
"باشگاه ورزشی شاهین
(شماره تماس:03132757301-09395082343)
آدرس: خیابان جی، خیابان همدانیان، جنب پمپ بنزین",ووشو بانوان تک جلسه ای,1200000 تومان,19-...,بزرگسالان ( فرزندان-18 سال به بالا)
"باشگاه ورزشی شاهین
(شماره تماس:03132757301-09395082343)
آدرس: خیابان جی، خیابان همدانیان، جنب پمپ بنزین",ووشو بانوان 8 جلسه,165000 تومان,19-...,بزرگسالان ( فرزندان-18 سال به بالا)
"باشگاه ورزشی شاهین
(شماره تماس:03132757301-09395082343)
آدرس: خیابان جی، خیابان همدانیان، جنب پمپ بنزین",ووشو بانوان 12 جلسه,1130000 تومان,19-...,بزرگسالان ( فرزندان-18 سال به بالا)
"باشگاه ورزشی شاهین
(شماره تماس:03132757301-09395082343)
آدرس: خیابان جی، خیابان همدانیان، جنب پمپ بنزین",جوجیتسو بانوان تک جلسه ای,1300000 تومان,19-...,بزرگسالان ( فرزندان-18 سال به بالا)
"باشگاه ورزشی شاهین
(شماره تماس:03132757301-09395082343)
آدرس: خیابان جی، خیابان همدانیان، جنب پمپ بنزین",جوجیتسو بانوان 8 جلسه,165000 تومان,19-...,بزرگسالان ( فرزندان-18 سال به بالا)
"باشگاه ورزشی شاهین
(شماره تماس:03132757301-09395082343)
آدرس: خیابان جی، خیابان همدانیان، جنب پمپ بنزین",نینجا بانوان تک جلسه ای,1200000 تومان,19-...,بزرگسالان ( فرزندان-18 سال به بالا)
"باشگاه ورزشی شاهین
(شماره تماس:03132757301-09395082343)
آدرس: خیابان جی، خیابان همدانیان، جنب پمپ بنزین",نینجا بانوان 8 جلسه,165000 تومان,19-...,بزرگسالان ( فرزندان-18 سال به بالا)
"باشگاه ورزشی شاهین
(شماره تماس:03132757301-09395082343)
آدرس: خیابان جی، خیابان همدانیان، جنب پمپ بنزین",نینجا بانوان 12 جلسه,1000000 تومان,19-...,بزرگسالان ( فرزندان-18 سال به بالا)
"باشگاه ورزشی شاهین
(شماره تماس:03132757301-09395082343)
آدرس: خیابان جی، خیابان همدانیان، جنب پمپ بنزین",TRXفیتنس بانوان تک جلسه ای,1300000 تومان,19-...,بزرگسالان ( فرزندان-18 سال به بالا)
"باشگاه ورزشی شاهین
(شماره تماس:03132757301-09395082343)
آدرس: خیابان جی، خیابان همدانیان، جنب پمپ بنزین",TRXفیتنس بانوان 12 جلسه,225000 تومان,19-...,بزرگسالان ( فرزندان-18 سال به بالا)
"باشگاه ورزشی شاهین
(شماره تماس:03132757301-09395082343)
آدرس: خیابان جی، خیابان همدانیان، جنب پمپ بنزین",ژیمناستیک بانوان تک جلسه ای,1650000 تومان,19-...,بزرگسالان ( فرزندان-18 سال به بالا)
"باشگاه ورزشی شاهین
(شماره تماس:03132757301-09395082343)
آدرس: خیابان جی، خیابان همدانیان، جنب پمپ بنزین",ژیمناستیک بانوان 8 جلسه,200000 تومان,19-...,بزرگسالان ( فرزندان-18 سال به بالا)
"باشگاه ورزشی شاهین
(شماره تماس:03132757301-09395082343)
آدرس: خیابان جی، خیابان همدانیان، جنب پمپ بنزین",ژیمناستیک بانوان 12 جلسه,1430000 تومان,19-...,بزرگسالان ( فرزندان-18 سال به بالا)
"باشگاه ورزشی شاهین
(شماره تماس:03132757301-09395082343)
آدرس: خیابان جی، خیابان همدانیان، جنب پمپ بنزین",دفاع شخصی آقایان تک جلسه ای,1650000 تومان,19-...,بزرگسالان ( فرزندان-18 سال به بالا)
"باشگاه ورزشی شاهین
(شماره تماس:03132757301-09395082343)
آدرس: خیابان جی، خیابان همدانیان، جنب پمپ بنزین",دفاع شخصی آقایان 8 جلسه,195000 تومان,19-...,بزرگسالان ( فرزندان-18 سال به بالا)
"باشگاه ورزشی شاهین
(شماره تماس:03132757301-09395082343)
آدرس: خیابان جی، خیابان همدانیان، جنب پمپ بنزین",دفاع شخصی آقایان 12 جلسه,1200000 تومان,19-...,بزرگسالان ( فرزندان-18 سال به بالا)
"باشگاه ورزشی شاهین
(شماره تماس:03132757301-09395082343)
آدرس: خیابان جی، خیابان همدانیان، جنب پمپ بنزین",آمادگی جسمانی آقایان تک جلسه ای,1430000 تومان,19-...,بزرگسالان ( فرزندان-18 سال به بالا)
"باشگاه ورزشی شاهین
(شماره تماس:03132757301-09395082343)
آدرس: خیابان جی، خیابان همدانیان، جنب پمپ بنزین",آمادگی جسمانی آقایان 8 جلسه,195000 تومان,19-...,بزرگسالان ( فرزندان-18 سال به بالا)
"پردیس هنری سوره
شماره تماس: 03132203265
آدرس: خیابان آمادگاه، روبروی هتل عباسی",طراحی و نقاشی(مدادرنگ و سیاه قلم),2400000 تومان,6-7-8-9,دبستان1(6 تا 9 سال)
"پردیس هنری سوره
شماره تماس: 03132203265
آدرس: خیابان آمادگاه، روبروی هتل عباسی",تصویرسازی و طراحی فیگور,2400000 تومان,6-7-8-9,دبستان1(6 تا 9 سال)
"پردیس هنری سوره
شماره تماس: 03132203265
آدرس: خیابان آمادگاه، روبروی هتل عباسی",طراحی صنعتی و ترسیم فنی,3200000 تومان,6-7-8-9,دبستان1(6 تا 9 سال)
"پردیس هنری سوره
شماره تماس: 03132203265
آدرس: خیابان آمادگاه، روبروی هتل عباسی",اسکیس راندو,2400000 تومان,6-7-8-9,دبستان1(6 تا 9 سال)
"پردیس هنری سوره
شماره تماس: 03132203265
آدرس: خیابان آمادگاه، روبروی هتل عباسی",طراحی کنکور,5400000 تومان,6-7-8-9,دبستان1(6 تا 9 سال)
"پردیس هنری سوره
شماره تماس: 03132203265
آدرس: خیابان آمادگاه، روبروی هتل عباسی",سفال,3800000 تومان,6-7-8-9,دبستان1(6 تا 9 سال)
"پردیس هنری سوره
شماره تماس: 03132203265
آدرس: خیابان آمادگاه، روبروی هتل عباسی",مجسمه سازی,2400000 تومان,6-7-8-9,دبستان1(6 تا 9 سال)
"پردیس هنری سوره
شماره تماس: 03132203265
آدرس: خیابان آمادگاه، روبروی هتل عباسی",عکاسی دیجیتال مقدماتی و پیشرفته,3200000 تومان,6-7-8-9,دبستان1(6 تا 9 سال)
"پردیس هنری سوره
شماره تماس: 03132203265
آدرس: خیابان آمادگاه، روبروی هتل عباسی",نگارگری و تذهیب,14000000 تومان,6-7-8-9,دبستان1(6 تا 9 سال)
"پردیس هنری سوره
شماره تماس: 03132203265
آدرس: خیابان آمادگاه، روبروی هتل عباسی",نقاشی روی پارچه,2800000 تومان,6-7-8-9,دبستان1(6 تا 9 سال)
"پردیس هنری سوره
شماره تماس: 03132203265
آدرس: خیابان آمادگاه، روبروی هتل عباسی",خوشنویسی,3200000 تومان,6-7-8-9,دبستان1(6 تا 9 سال)
"پردیس هنری سوره
شماره تماس: 03132203265
آدرس: خیابان آمادگاه، روبروی هتل عباسی",کالیگرافی,2400000 تومان,6-7-8-9,دبستان1(6 تا 9 سال)
"پردیس هنری سوره
شماره تماس: 03132203265
آدرس: خیابان آمادگاه، روبروی هتل عباسی",ایده پردازی در پوستر,3200000 تومان,6-7-8-9,دبستان1(6 تا 9 سال)
"پردیس هنری سوره
شماره تماس: 03132203265
آدرس: خیابان آمادگاه، روبروی هتل عباسی",فن بیان کودک,3600000 تومان,6-7-8-9,دبستان1(6 تا 9 سال)
"پردیس هنری سوره
شماره تماس: 03132203265
آدرس: خیابان آمادگاه، روبروی هتل عباسی",بازیگری مقدماتی 1 و 2,2400000 تومان,6-7-8-9,دبستان1(6 تا 9 سال)
"پردیس هنری سوره
شماره تماس: 03132203265
آدرس: خیابان آمادگاه، روبروی هتل عباسی",بازیگری تکمیلی 3 و 4,2400000 تومان,6-7-8-9,دبستان1(6 تا 9 سال)
"پردیس هنری سوره
شماره تماس: 03132203265
آدرس: خیابان آمادگاه، روبروی هتل عباسی",بازیگری پیشرفته 5 و 6,2800000 تومان,6-7-8-9,دبستان1(6 تا 9 سال)
"پردیس هنری سوره
شماره تماس: 03132203265
آدرس: خیابان آمادگاه، روبروی هتل عباسی",شاهنامه خوانی,3200000 تومان,6-7-8-9,دبستان1(6 تا 9 سال)
"پردیس هنری سوره
شماره تماس: 03132203265
آدرس: خیابان آمادگاه، روبروی هتل عباسی",کاریکاتور مقدماتی,2400000 تومان,6-7-8-9,دبستان1(6 تا 9 سال)
"پردیس هنری سوره
شماره تماس: 03132203265
آدرس: خیابان آمادگاه، روبروی هتل عباسی",کاریکاتور پیشرفته,2400000 تومان,6-7-8-9,دبستان1(6 تا 9 سال)
"پردیس هنری سوره
شماره تماس: 03132203265
آدرس: خیابان آمادگاه، روبروی هتل عباسی",طراحی و نقاشی(مدادرنگ و سیاه قلم),2400000 تومان,9-10-11-12,دبستان 2(9 تا 12 سال)
"پردیس هنری سوره
شماره تماس: 03132203265
آدرس: خیابان آمادگاه، روبروی هتل عباسی",تصویرسازی و طراحی فیگور,2400000 تومان,9-10-11-12,دبستان 2(9 تا 12 سال)
"پردیس هنری سوره
شماره تماس: 03132203265
آدرس: خیابان آمادگاه، روبروی هتل عباسی",طراحی صنعتی و ترسیم فنی,3200000 تومان,9-10-11-12,دبستان 2(9 تا 12 سال)
"پردیس هنری سوره
شماره تماس: 03132203265
آدرس: خیابان آمادگاه، روبروی هتل عباسی",اسکیس راندو,2400000 تومان,9-10-11-12,دبستان 2(9 تا 12 سال)
"پردیس هنری سوره
شماره تماس: 03132203265
آدرس: خیابان آمادگاه، روبروی هتل عباسی",طراحی کنکور,5400000 تومان,9-10-11-12,دبستان 2(9 تا 12 سال)
"پردیس هنری سوره
شماره تماس: 03132203265
آدرس: خیابان آمادگاه، روبروی هتل عباسی",سفال,3800000 تومان,9-10-11-12,دبستان 2(9 تا 12 سال)
"پردیس هنری سوره
شماره تماس: 03132203265
آدرس: خیابان آمادگاه، روبروی هتل عباسی",مجسمه سازی,2400000 تومان,9-10-11-12,دبستان 2(9 تا 12 سال)
"پردیس هنری سوره
شماره تماس: 03132203265
آدرس: خیابان آمادگاه، روبروی هتل عباسی",عکاسی دیجیتال مقدماتی و پیشرفته,3200000 تومان,9-10-11-12,دبستان 2(9 تا 12 سال)
"پردیس هنری سوره
شماره تماس: 03132203265
آدرس: خیابان آمادگاه، روبروی هتل عباسی",نگارگری و تذهیب,14000000 تومان,9-10-11-12,دبستان 2(9 تا 12 سال)
"پردیس هنری سوره
شماره تماس: 03132203265
آدرس: خیابان آمادگاه، روبروی هتل عباسی",نقاشی روی پارچه,2800000 تومان,9-10-11-12,دبستان 2(9 تا 12 سال)
"پردیس هنری سوره
شماره تماس: 03132203265
آدرس: خیابان آمادگاه، روبروی هتل عباسی",خوشنویسی,3200000 تومان,9-10-11-12,دبستان 2(9 تا 12 سال)
"پردیس هنری سوره
شماره تماس: 03132203265
آدرس: خیابان آمادگاه، روبروی هتل عباسی",کالیگرافی,2400000 تومان,9-10-11-12,دبستان 2(9 تا 12 سال)
"پردیس هنری سوره
شماره تماس: 03132203265
آدرس: خیابان آمادگاه، روبروی هتل عباسی",ایده پردازی در پوستر,3200000 تومان,9-10-11-12,دبستان 2(9 تا 12 سال)
"پردیس هنری سوره
شماره تماس: 03132203265
آدرس: خیابان آمادگاه، روبروی هتل عباسی",فن بیان کودک,3600000 تومان,9-10-11-12,دبستان 2(9 تا 12 سال)
"پردیس هنری سوره
شماره تماس: 03132203265
آدرس: خیابان آمادگاه، روبروی هتل عباسی",بازیگری مقدماتی 1 و 2,2400000 تومان,9-10-11-12,دبستان 2(9 تا 12 سال)
"پردیس هنری سوره
شماره تماس: 03132203265
آدرس: خیابان آمادگاه، روبروی هتل عباسی",بازیگری تکمیلی 3 و 4,2400000 تومان,9-10-11-12,دبستان 2(9 تا 12 سال)
"پردیس هنری سوره
شماره تماس: 03132203265
آدرس: خیابان آمادگاه، روبروی هتل عباسی",بازیگری پیشرفته 5 و 7,2800000 تومان,9-10-11-12,دبستان 2(9 تا 12 سال)
"پردیس هنری سوره
شماره تماس: 03132203265
آدرس: خیابان آمادگاه، روبروی هتل عباسی",شاهنامه خوانی,3200000 تومان,9-10-11-12,دبستان 2(9 تا 12 سال)
"پردیس هنری سوره
شماره تماس: 03132203265
آدرس: خیابان آمادگاه، روبروی هتل عباسی",کاریکاتور مقدماتی,2400000 تومان,9-10-11-12,دبستان 2(9 تا 12 سال)
"پردیس هنری سوره
شماره تماس: 03132203265
آدرس: خیابان آمادگاه، روبروی هتل عباسی",کاریکاتور پیشرفته,2400000 تومان,9-10-11-12,دبستان 2(9 تا 12 سال)
"پردیس هنری سوره
شماره تماس: 03132203265
آدرس: خیابان آمادگاه، روبروی هتل عباسی",طراحی و نقاشی(مدادرنگ و سیاه قلم),2400000 تومان,12-13-14-15,متوسطه 1(12 تا 15 سال)
"پردیس هنری سوره
شماره تماس: 03132203265
آدرس: خیابان آمادگاه، روبروی هتل عباسی",تصویرسازی و طراحی فیگور,2400000 تومان,12-13-14-15,متوسطه 1(12 تا 15 سال)
"پردیس هنری سوره
شماره تماس: 03132203265
آدرس: خیابان آمادگاه، روبروی هتل عباسی",طراحی صنعتی و ترسیم فنی,3200000 تومان,12-13-14-15,متوسطه 1(12 تا 15 سال)
"پردیس هنری سوره
شماره تماس: 03132203265
آدرس: خیابان آمادگاه، روبروی هتل عباسی",اسکیس راندو,2400000 تومان,12-13-14-15,متوسطه 1(12 تا 15 سال)
"پردیس هنری سوره
شماره تماس: 03132203265
آدرس: خیابان آمادگاه، روبروی هتل عباسی",طراحی کنکور,5400000 تومان,12-13-14-15,متوسطه 1(12 تا 15 سال)
"پردیس هنری سوره
شماره تماس: 03132203265
آدرس: خیابان آمادگاه، روبروی هتل عباسی",سفال,3800000 تومان,12-13-14-15,متوسطه 1(12 تا 15 سال)
"پردیس هنری سوره
شماره تماس: 03132203265
آدرس: خیابان آمادگاه، روبروی هتل عباسی",مجسمه سازی,2400000 تومان,12-13-14-15,متوسطه 1(12 تا 15 سال)
"پردیس هنری سوره
شماره تماس: 03132203265
آدرس: خیابان آمادگاه، روبروی هتل عباسی",عکاسی دیجیتال مقدماتی و پیشرفته,3200000 تومان,12-13-14-15,متوسطه 1(12 تا 15 سال)
"پردیس هنری سوره
شماره تماس: 03132203265
آدرس: خیابان آمادگاه، روبروی هتل عباسی",نگارگری و تذهیب,14000000 تومان,12-13-14-15,متوسطه 1(12 تا 15 سال)
"پردیس هنری سوره
شماره تماس: 03132203265
آدرس: خیابان آمادگاه، روبروی هتل عباسی",نقاشی روی پارچه,2800000 تومان,12-13-14-15,متوسطه 1(12 تا 15 سال)
"پردیس هنری سوره
شماره تماس: 03132203265
آدرس: خیابان آمادگاه، روبروی هتل عباسی",خوشنویسی,3200000 تومان,12-13-14-15,متوسطه 1(12 تا 15 سال)
"پردیس هنری سوره
شماره تماس: 03132203265
آدرس: خیابان آمادگاه، روبروی هتل عباسی",کالیگرافی,2400000 تومان,12-13-14-15,متوسطه 1(12 تا 15 سال)
"پردیس هنری سوره
شماره تماس: 03132203265
آدرس: خیابان آمادگاه، روبروی هتل عباسی",ایده پردازی در پوستر,3200000 تومان,12-13-14-15,متوسطه 1(12 تا 15 سال)
"پردیس هنری سوره
شماره تماس: 03132203265
آدرس: خیابان آمادگاه، روبروی هتل عباسی",فن بیان بزرگسال,3600000 تومان,12-13-14-15,متوسطه 1(12 تا 15 سال)
"پردیس هنری سوره
شماره تماس: 03132203265
آدرس: خیابان آمادگاه، روبروی هتل عباسی",بازیگری مقدماتی 1 و 2,3200000 تومان,12-13-14-15,متوسطه 1(12 تا 15 سال)
"پردیس هنری سوره
شماره تماس: 03132203265
آدرس: خیابان آمادگاه، روبروی هتل عباسی",بازیگری تکمیلی 3 و 4,2400000 تومان,12-13-14-15,متوسطه 1(12 تا 15 سال)
"پردیس هنری سوره
شماره تماس: 03132203265
آدرس: خیابان آمادگاه، روبروی هتل عباسی",بازیگری پیشرفته 5 و 6,2800000 تومان,12-13-14-15,متوسطه 1(12 تا 15 سال)
"پردیس هنری سوره
شماره تماس: 03132203265
آدرس: خیابان آمادگاه، روبروی هتل عباسی",شاهنامه خوانی,3200000 تومان,12-13-14-15,متوسطه 1(12 تا 15 سال)
"پردیس هنری سوره
شماره تماس: 03132203265
آدرس: خیابان آمادگاه، روبروی هتل عباسی",خلاقیت و قصه گویی,2400000 تومان,12-13-14-15,متوسطه 1(12 تا 15 سال)
"پردیس هنری سوره
شماره تماس: 03132203265
آدرس: خیابان آمادگاه، روبروی هتل عباسی",کاریکاتور مقدماتی,2400000 تومان,12-13-14-15,متوسطه 1(12 تا 15 سال)
"پردیس هنری سوره
شماره تماس: 03132203265
آدرس: خیابان آمادگاه، روبروی هتل عباسی",کاریکاتور پیشرفته,2400000 تومان,12-13-14-15,متوسطه 1(12 تا 15 سال)
"پردیس هنری سوره
شماره تماس: 03132203265
آدرس: خیابان آمادگاه، روبروی هتل عباسی",داستان نوجوان,2500000 تومان,12-13-14-15,متوسطه 1(12 تا 15 سال)
"پردیس هنری سوره
شماره تماس: 03132203265
آدرس: خیابان آمادگاه، روبروی هتل عباسی",داستان کوتاه مقدماتی,1500000 تومان,12-13-14-15,متوسطه 1(12 تا 15 سال)
"پردیس هنری سوره
شماره تماس: 03132203265
آدرس: خیابان آمادگاه، روبروی هتل عباسی",داستان کوتاه پیشرفته,2000000 تومان,12-13-14-15,متوسطه 1(12 تا 15 سال)
"پردیس هنری سوره
شماره تماس: 03132203265
آدرس: خیابان آمادگاه، روبروی هتل عباسی",طراحی و نقاشی(مدادرنگ و سیاه قلم),2400000 تومان,15-16-17-18,متوسطه 2(15 تا 18 سال)
"پردیس هنری سوره
شماره تماس: 03132203265
آدرس: خیابان آمادگاه، روبروی هتل عباسی",تصویرسازی و طراحی فیگور,2400000 تومان,15-16-17-18,متوسطه 2(15 تا 18 سال)
"پردیس هنری سوره
شماره تماس: 03132203265
آدرس: خیابان آمادگاه، روبروی هتل عباسی",طراحی صنعتی و ترسیم فنی,3200000 تومان,15-16-17-18,متوسطه 2(15 تا 18 سال)
"پردیس هنری سوره
شماره تماس: 03132203265
آدرس: خیابان آمادگاه، روبروی هتل عباسی",آزمون عملی هنر(ویژه هنرستان ها),2400000 تومان,15-16-17-18,متوسطه 2(15 تا 18 سال)
"پردیس هنری سوره
شماره تماس: 03132203265
آدرس: خیابان آمادگاه، روبروی هتل عباسی",اسکیس راندو,2400000 تومان,15-16-17-18,متوسطه 2(15 تا 18 سال)
"پردیس هنری سوره
شماره تماس: 03132203265
آدرس: خیابان آمادگاه، روبروی هتل عباسی",طراحی کنکور,5400000 تومان,15-16-17-18,متوسطه 2(15 تا 18 سال)
"پردیس هنری سوره
شماره تماس: 03132203265
آدرس: خیابان آمادگاه، روبروی هتل عباسی",سفال,3800000 تومان,15-16-17-18,متوسطه 2(15 تا 18 سال)
"پردیس هنری سوره
شماره تماس: 03132203265
آدرس: خیابان آمادگاه، روبروی هتل عباسی",مجسمه سازی,2400000 تومان,15-16-17-18,متوسطه 2(15 تا 18 سال)
"پردیس هنری سوره
شماره تماس: 03132203265
آدرس: خیابان آمادگاه، روبروی هتل عباسی",عکاسی دیجیتال مقدماتی و پیشرفته,3200000 تومان,15-16-17-18,متوسطه 2(15 تا 18 سال)
"پردیس هنری سوره
شماره تماس: 03132203265
آدرس: خیابان آمادگاه، روبروی هتل عباسی",نگارگری و تذهیب,14000000 تومان,15-16-17-18,متوسطه 2(15 تا 18 سال)
"پردیس هنری سوره
شماره تماس: 03132203265
آدرس: خیابان آمادگاه، روبروی هتل عباسی",نقاشی روی پارچه,2800000 تومان,15-16-17-18,متوسطه 2(15 تا 18 سال)
"پردیس هنری سوره
شماره تماس: 03132203265
آدرس: خیابان آمادگاه، روبروی هتل عباسی",خوشنویسی,3200000 تومان,15-16-17-18,متوسطه 2(15 تا 18 سال)
"پردیس هنری سوره
شماره تماس: 03132203265
آدرس: خیابان آمادگاه، روبروی هتل عباسی",کالیگرافی,2400000 تومان,15-16-17-18,متوسطه 2(15 تا 18 سال)
"پردیس هنری سوره
شماره تماس: 03132203265
آدرس: خیابان آمادگاه، روبروی هتل عباسی",ایده پردازی در پوستر,3200000 تومان,15-16-17-18,متوسطه 2(15 تا 18 سال)
"پردیس هنری سوره
شماره تماس: 03132203265
آدرس: خیابان آمادگاه، روبروی هتل عباسی",فن بیان بزرگسال,3600000 تومان,15-16-17-18,متوسطه 2(15 تا 18 سال)
"پردیس هنری سوره
شماره تماس: 03132203265
آدرس: خیابان آمادگاه، روبروی هتل عباسی",بازیگری مقدماتی 1 و 2,3200000 تومان,15-16-17-18,متوسطه 2(15 تا 18 سال)
"پردیس هنری سوره
شماره تماس: 03132203265
آدرس: خیابان آمادگاه، روبروی هتل عباسی",بازیگری تکمیلی 3 و 4,2400000 تومان,15-16-17-18,متوسطه 2(15 تا 18 سال)
"پردیس هنری سوره
شماره تماس: 03132203265
آدرس: خیابان آمادگاه، روبروی هتل عباسی",بازیگری پیشرفته 5 و 6,2800000 تومان,15-16-17-18,متوسطه 2(15 تا 18 سال)
"پردیس هنری سوره
شماره تماس: 03132203265
آدرس: خیابان آمادگاه، روبروی هتل عباسی",شاهنامه خوانی,3200000 تومان,15-16-17-18,متوسطه 2(15 تا 18 سال)
"پردیس هنری سوره
شماره تماس: 03132203265
آدرس: خیابان آمادگاه، روبروی هتل عباسی",داستان نویسی کودک,2400000 تومان,15-16-17-18,متوسطه 2(15 تا 18 سال)
"پردیس هنری سوره
شماره تماس: 03132203265
آدرس: خیابان آمادگاه، روبروی هتل عباسی",خلاقیت و قصه گویی,2400000 تومان,15-16-17-18,متوسطه 2(15 تا 18 سال)
"پردیس هنری سوره
شماره تماس: 03132203265
آدرس: خیابان آمادگاه، روبروی هتل عباسی",کارگردانی مستند,2400000 تومان,15-16-17-18,متوسطه 2(15 تا 18 سال)
"پردیس هنری سوره
شماره تماس: 03132203265
آدرس: خیابان آمادگاه، روبروی هتل عباسی",کاریکاتور مقدماتی,3200000 تومان,15-16-17-18,متوسطه 2(15 تا 18 سال)
"پردیس هنری سوره
شماره تماس: 03132203265
آدرس: خیابان آمادگاه، روبروی هتل عباسی",کاریکاتور پیشرفته,2400000 تومان,15-16-17-18,متوسطه 2(15 تا 18 سال)
"پردیس هنری سوره
شماره تماس: 03132203265
آدرس: خیابان آمادگاه، روبروی هتل عباسی",داستان نوجوان,2500000 تومان,15-16-17-18,متوسطه 2(15 تا 18 سال)
"پردیس هنری سوره
شماره تماس: 03132203265
آدرس: خیابان آمادگاه، روبروی هتل عباسی",فیلم نامه نویسی مقدماتی,1500000 تومان,15-16-17-18,متوسطه 2(15 تا 18 سال)
"پردیس هنری سوره
شماره تماس: 03132203265
آدرس: خیابان آمادگاه، روبروی هتل عباسی",فیلم نامه نویسی پیشرفته,3200000 تومان,15-16-17-18,متوسطه 2(15 تا 18 سال)
"پردیس هنری سوره
شماره تماس: 03132203265
آدرس: خیابان آمادگاه، روبروی هتل عباسی",تدوین,4800000 تومان,15-16-17-18,متوسطه 2(15 تا 18 سال)
"پردیس هنری سوره
شماره تماس: 03132203265
آدرس: خیابان آمادگاه، روبروی هتل عباسی",داستان کوتاه مقدماتی,2800000 تومان,15-16-17-18,متوسطه 2(15 تا 18 سال)
"پردیس هنری سوره
شماره تماس: 03132203265
آدرس: خیابان آمادگاه، روبروی هتل عباسی",داستان کوتاه پیشرفته,2000000 تومان,15-16-17-18,متوسطه 2(15 تا 18 سال)
"پردیس هنری سوره
شماره تماس: 03132203265
آدرس: خیابان آمادگاه، روبروی هتل عباسی",طراحی و نقاشی(مدادرنگ و سیاه قلم),2400000 تومان,19-...,بزرگسالان ( فرزندان-18 سال به بالا)
"پردیس هنری سوره
شماره تماس: 03132203265
آدرس: خیابان آمادگاه، روبروی هتل عباسی",تصویرسازی و طراحی فیگور,2400000 تومان,19-...,بزرگسالان ( فرزندان-18 سال به بالا)
"پردیس هنری سوره
شماره تماس: 03132203265
آدرس: خیابان آمادگاه، روبروی هتل عباسی",طراحی صنعتی و ترسیم فنی,3200000 تومان,19-...,بزرگسالان ( فرزندان-18 سال به بالا)
"پردیس هنری سوره
شماره تماس: 03132203265
آدرس: خیابان آمادگاه، روبروی هتل عباسی",اسکیس راندو,2400000 تومان,19-...,بزرگسالان ( فرزندان-18 سال به بالا)
"پردیس هنری سوره
شماره تماس: 03132203265
آدرس: خیابان آمادگاه، روبروی هتل عباسی",طراحی کنکور,5400000 تومان,19-...,بزرگسالان ( فرزندان-18 سال به بالا)
"پردیس هنری سوره
شماره تماس: 03132203265
آدرس: خیابان آمادگاه، روبروی هتل عباسی",سفال,3800000 تومان,19-...,بزرگسالان ( فرزندان-18 سال به بالا)
"پردیس هنری سوره
شماره تماس: 03132203265
آدرس: خیابان آمادگاه، روبروی هتل عباسی",مجسمه سازی,2400000 تومان,19-...,بزرگسالان ( فرزندان-18 سال به بالا)
"پردیس هنری سوره
شماره تماس: 03132203265
آدرس: خیابان آمادگاه، روبروی هتل عباسی",عکاسی دیجیتال مقدماتی و پیشرفته,3200000 تومان,19-...,بزرگسالان ( فرزندان-18 سال به بالا)
"پردیس هنری سوره
شماره تماس: 03132203265
آدرس: خیابان آمادگاه، روبروی هتل عباسی",نگارگری و تذهیب,14000000 تومان,19-...,بزرگسالان ( فرزندان-18 سال به بالا)
"پردیس هنری سوره
شماره تماس: 03132203265
آدرس: خیابان آمادگاه، روبروی هتل عباسی",نقاشی روی پارچه,2800000 تومان,19-...,بزرگسالان ( فرزندان-18 سال به بالا)
"پردیس هنری سوره
شماره تماس: 03132203265
آدرس: خیابان آمادگاه، روبروی هتل عباسی",خوشنویسی,3200000 تومان,19-...,بزرگسالان ( فرزندان-18 سال به بالا)
"پردیس هنری سوره
شماره تماس: 03132203265
آدرس: خیابان آمادگاه، روبروی هتل عباسی",کالیگرافی,2400000 تومان,19-...,بزرگسالان ( فرزندان-18 سال به بالا)
"پردیس هنری سوره
شماره تماس: 03132203265
آدرس: خیابان آمادگاه، روبروی هتل عباسی",ایده پردازی در پوستر,3200000 تومان,19-...,بزرگسالان ( فرزندان-18 سال به بالا)
"پردیس هنری سوره
شماره تماس: 03132203265
آدرس: خیابان آمادگاه، روبروی هتل عباسی",فن بیان بزرگسال,3600000 تومان,19-...,بزرگسالان ( فرزندان-18 سال به بالا)
"پردیس هنری سوره
شماره تماس: 03132203265
آدرس: خیابان آمادگاه، روبروی هتل عباسی",بازیگری مقدماتی 1 و 2,3200000 تومان,19-...,بزرگسالان ( فرزندان-18 سال به بالا)
"پردیس هنری سوره
شماره تماس: 03132203265
آدرس: خیابان آمادگاه، روبروی هتل عباسی",بازیگری تکمیلی 3 و 4,2400000 تومان,19-...,بزرگسالان ( فرزندان-18 سال به بالا)
"پردیس هنری سوره
شماره تماس: 03132203265
آدرس: خیابان آمادگاه، روبروی هتل عباسی",بازیگری پیشرفته 5 و 6,2800000 تومان,19-...,بزرگسالان ( فرزندان-18 سال به بالا)
"پردیس هنری سوره
شماره تماس: 03132203265
آدرس: خیابان آمادگاه، روبروی هتل عباسی",شاهنامه خوانی,3200000 تومان,19-...,بزرگسالان ( فرزندان-18 سال به بالا)
"پردیس هنری سوره
شماره تماس: 03132203265
آدرس: خیابان آمادگاه، روبروی هتل عباسی",داستان نویسی کودک,2400000 تومان,19-...,بزرگسالان ( فرزندان-18 سال به بالا)
"پردیس هنری سوره
شماره تماس: 03132203265
آدرس: خیابان آمادگاه، روبروی هتل عباسی",خلاقیت و قصه گویی,2400000 تومان,19-...,بزرگسالان ( فرزندان-18 سال به بالا)
"پردیس هنری سوره
شماره تماس: 03132203265
آدرس: خیابان آمادگاه، روبروی هتل عباسی",کارگردانی مستند,2400000 تومان,19-...,بزرگسالان ( فرزندان-18 سال به بالا)
"پردیس هنری سوره
شماره تماس: 03132203265
آدرس: خیابان آمادگاه، روبروی هتل عباسی",کاریکاتور مقدماتی,3200000 تومان,19-...,بزرگسالان ( فرزندان-18 سال به بالا)
"پردیس هنری سوره
شماره تماس: 03132203265
آدرس: خیابان آمادگاه، روبروی هتل عباسی",کاریکاتور پیشرفته,2400000 تومان,19-...,بزرگسالان ( فرزندان-18 سال به بالا)
"پردیس هنری سوره
شماره تماس: 03132203265
آدرس: خیابان آمادگاه، روبروی هتل عباسی",داستان نوجوان,2500000 تومان,19-...,بزرگسالان ( فرزندان-18 سال به بالا)
"پردیس هنری سوره
شماره تماس: 03132203265
آدرس: خیابان آمادگاه، روبروی هتل عباسی",فیلم نامه نویسی مقدماتی,1500000 تومان,19-...,بزرگسالان ( فرزندان-18 سال به بالا)
"پردیس هنری سوره
شماره تماس: 03132203265
آدرس: خیابان آمادگاه، روبروی هتل عباسی",فیلم نامه نویسی پیشرفته,3200000 تومان,19-...,بزرگسالان ( فرزندان-18 سال به بالا)
"پردیس هنری سوره
شماره تماس: 03132203265
آدرس: خیابان آمادگاه، روبروی هتل عباسی",تدوین,4800000 تومان,19-...,بزرگسالان ( فرزندان-18 سال به بالا)
"پردیس هنری سوره
شماره تماس: 03132203265
آدرس: خیابان آمادگاه، روبروی هتل عباسی",داستان کوتاه مقدماتی,2800000 تومان,19-...,بزرگسالان ( فرزندان-18 سال به بالا)
"پردیس هنری سوره
شماره تماس: 03132203265
آدرس: خیابان آمادگاه، روبروی هتل عباسی",داستان کوتاه پیشرفته,2000000 تومان,19-...,بزرگسالان ( فرزندان-18 سال به بالا)
"مجموعه تخصصی نارنج و ترنج
(شماره تماس: 09136099114)
آدرس: پل فلزی، خیابان شهید بهشتی، خیابان مسجد لنبان، کوچه بدر3",کارگاه دوره طلایی(30 تا 36 ماه),1100000 تومان,4-5-6-,پیش دبستانی(5 سال یا کمتر)
"مجموعه تخصصی نارنج و ترنج
(شماره تماس: 09136099114)
آدرس: پل فلزی، خیابان شهید بهشتی، خیابان مسجد لنبان، کوچه بدر3",دوره به سلامت(3 سال به بالا),1100000 تومان,4-5-6-,پیش دبستانی(5 سال یا کمتر)
"مجموعه تخصصی نارنج و ترنج
(شماره تماس: 09136099114)
آدرس: پل فلزی، خیابان شهید بهشتی، خیابان مسجد لنبان، کوچه بدر3",بیا بازی(3 سال به بالا),1450000 تومان,4-5-6-,پیش دبستانی(5 سال یا کمتر)
"مجموعه تخصصی نارنج و ترنج
(شماره تماس: 09136099114)
آدرس: پل فلزی، خیابان شهید بهشتی، خیابان مسجد لنبان، کوچه بدر3",کارگاه سفال(4 تا 6 سال),1450000 تومان,4-5-6-,پیش دبستانی(5 سال یا کمتر)
"مجموعه تخصصی نارنج و ترنج
(شماره تماس: 09136099114)
آدرس: پل فلزی، خیابان شهید بهشتی، خیابان مسجد لنبان، کوچه بدر3",کارگاه دقت و تمرکز(4 تا 6 سال),1100000 تومان,4-5-6-,پیش دبستانی(5 سال یا کمتر)
"مجموعه تخصصی نارنج و ترنج
(شماره تماس: 09136099114)
آدرس: پل فلزی، خیابان شهید بهشتی، خیابان مسجد لنبان، کوچه بدر3",کارگاه کاردستی(4 تا 6 سال),1100000 تومان,4-5-6-,پیش دبستانی(5 سال یا کمتر)
"مجموعه تخصصی نارنج و ترنج
(شماره تماس: 09136099114)
آدرس: پل فلزی، خیابان شهید بهشتی، خیابان مسجد لنبان، کوچه بدر3",کارگاه نقاشی خلاق(4 تا 6 سال),1100000 تومان,4-5-6-,پیش دبستانی(5 سال یا کمتر)
"خانه ژیمناستیک اریس
(شماره تماس:09135709450)
آدرس: ملکشهر، خیابان 17 شهریور، جنب شهید یاسینی، آکادمی بانو مصدقیان - خیابان مدرس، خیابان شهید ضابط زاده، کوچه 18، خانه ژیمناستیک شهید برجوعیان",ژیمناستیک دختران(4 تا 7 سال),1500000 تومان,4-5-6-,پیش دبستانی(5 سال یا کمتر)
"خانه ژیمناستیک اریس
(شماره تماس:09135709450)
آدرس: ملکشهر، خیابان 17 شهریور، جنب شهید یاسینی، آکادمی بانو مصدقیان - خیابان مدرس، خیابان شهید ضابط زاده، کوچه 18، خانه ژیمناستیک شهید برجوعیان",ژیمناستیک دختران(7 تا 9 سال),1500000 تومان,6-7-8-9,دبستان1(6 تا 9 سال)
"باشگاه ورزشی علمشیری
(شماره تماس:03135251778)
آدرس: خیابان جی، خیابان شهید رجایی، ورزشگاه شهید علمشیری-خیابان لاهور، ورزشگاه پیروزی-شهرک ولی عصر، ورزشگاه ولی عصر(عج)",ژیمناستیک دختران,800000 تومان,4-5-6-,پیش دبستانی(5 سال یا کمتر)
"باشگاه ورزشی علمشیری
(شماره تماس:03135251778)
آدرس: خیابان جی، خیابان شهید رجایی، ورزشگاه شهید علمشیری-خیابان لاهور، ورزشگاه پیروزی-شهرک ولی عصر، ورزشگاه ولی عصر(عج)",ژیمناستیک دختران,800000 1تومان,4-5-6-,پیش دبستانی(5 سال یا کمتر)
"باشگاه ورزشی علمشیری
(شماره تماس:03135251778)
آدرس: خیابان جی، خیابان شهید رجایی، ورزشگاه شهید علمشیری-خیابان لاهور، ورزشگاه پیروزی-شهرک ولی عصر، ورزشگاه ولی عصر(عج)",ژیمناستیک پسران,800000 تومان,4-5-6-,پیش دبستانی(5 سال یا کمتر)
"باشگاه ورزشی علمشیری
(شماره تماس:03135251778)
آدرس: خیابان جی، خیابان شهید رجایی، ورزشگاه شهید علمشیری-خیابان لاهور، ورزشگاه پیروزی-شهرک ولی عصر، ورزشگاه ولی عصر(عج)",ژیمناستیک کودکان,1500000 تومان,4-5-6-,پیش دبستانی(5 سال یا کمتر)
"باشگاه ورزشی علمشیری
(شماره تماس:03135251778)
آدرس: خیابان جی، خیابان شهید رجایی، ورزشگاه شهید علمشیری-خیابان لاهور، ورزشگاه پیروزی-شهرک ولی عصر، ورزشگاه ولی عصر(عج)",ژیمناستیک دختران,800000 تومان,6-7-8-9,دبستان1(6 تا 9 سال)
"باشگاه ورزشی علمشیری
(شماره تماس:03135251778)
آدرس: خیابان جی، خیابان شهید رجایی، ورزشگاه شهید علمشیری-خیابان لاهور، ورزشگاه پیروزی-شهرک ولی عصر، ورزشگاه ولی عصر(عج)",ژیمناستیک دختران,800000 1تومان,6-7-8-9,دبستان1(6 تا 9 سال)
"باشگاه ورزشی علمشیری
(شماره تماس:03135251778)
آدرس: خیابان جی، خیابان شهید رجایی، ورزشگاه شهید علمشیری-خیابان لاهور، ورزشگاه پیروزی-شهرک ولی عصر، ورزشگاه ولی عصر(عج)",ژیمناستیک پسران,1600000 تومان,6-7-8-9,دبستان1(6 تا 9 سال)
"باشگاه ورزشی علمشیری
(شماره تماس:03135251778)
آدرس: خیابان جی، خیابان شهید رجایی، ورزشگاه شهید علمشیری-خیابان لاهور، ورزشگاه پیروزی-شهرک ولی عصر، ورزشگاه ولی عصر(عج)",ژیمناستیک پسران,1500000 تومان,6-7-8-9,دبستان1(6 تا 9 سال)
"باشگاه ورزشی علمشیری
(شماره تماس:03135251778)
آدرس: خیابان جی، خیابان شهید رجایی، ورزشگاه شهید علمشیری-خیابان لاهور، ورزشگاه پیروزی-شهرک ولی عصر، ورزشگاه ولی عصر(عج)",کاراته پسران,1000000 تومان,9-10-11-12,دبستان 2(9 تا 12 سال)
"باشگاه ورزشی علمشیری
(شماره تماس:03135251778)
آدرس: خیابان جی، خیابان شهید رجایی، ورزشگاه شهید علمشیری-خیابان لاهور، ورزشگاه پیروزی-شهرک ولی عصر، ورزشگاه ولی عصر(عج)",کاراته دختران,1500000 تومان,9-10-11-12,دبستان 2(9 تا 12 سال)
"باشگاه ورزشی علمشیری
(شماره تماس:03135251778)
آدرس: خیابان جی، خیابان شهید رجایی، ورزشگاه شهید علمشیری-خیابان لاهور، ورزشگاه پیروزی-شهرک ولی عصر، ورزشگاه ولی عصر(عج)",کاراته دختران,1000000 تومان,9-10-11-12,دبستان 2(9 تا 12 سال)
"باشگاه ورزشی علمشیری
(شماره تماس:03135251778)
آدرس: خیابان جی، خیابان شهید رجایی، ورزشگاه شهید علمشیری-خیابان لاهور، ورزشگاه پیروزی-شهرک ولی عصر، ورزشگاه ولی عصر(عج)",نینجا پسران,1500000 تومان,9-10-11-12,دبستان 2(9 تا 12 سال)
"باشگاه ورزشی علمشیری
(شماره تماس:03135251778)
آدرس: خیابان جی، خیابان شهید رجایی، ورزشگاه شهید علمشیری-خیابان لاهور، ورزشگاه پیروزی-شهرک ولی عصر، ورزشگاه ولی عصر(عج)",نینجا پسران,1000000 تومان,9-10-11-12,دبستان 2(9 تا 12 سال)
"باشگاه ورزشی علمشیری
(شماره تماس:03135251778)
آدرس: خیابان جی، خیابان شهید رجایی، ورزشگاه شهید علمشیری-خیابان لاهور، ورزشگاه پیروزی-شهرک ولی عصر، ورزشگاه ولی عصر(عج)",نینجا پسران,2000000 تومان,9-10-11-12,دبستان 2(9 تا 12 سال)
"باشگاه ورزشی علمشیری
(شماره تماس:03135251778)
آدرس: خیابان جی، خیابان شهید رجایی، ورزشگاه شهید علمشیری-خیابان لاهور، ورزشگاه پیروزی-شهرک ولی عصر، ورزشگاه ولی عصر(عج)",نینجا دختران,1800000 تومان,9-10-11-12,دبستان 2(9 تا 12 سال)
"باشگاه ورزشی علمشیری
(شماره تماس:03135251778)
آدرس: خیابان جی، خیابان شهید رجایی، ورزشگاه شهید علمشیری-خیابان لاهور، ورزشگاه پیروزی-شهرک ولی عصر، ورزشگاه ولی عصر(عج)",نینجا دختران,800000 تومان,9-10-11-12,دبستان 2(9 تا 12 سال)
"باشگاه ورزشی علمشیری
(شماره تماس:03135251778)
آدرس: خیابان جی، خیابان شهید رجایی، ورزشگاه شهید علمشیری-خیابان لاهور، ورزشگاه پیروزی-شهرک ولی عصر، ورزشگاه ولی عصر(عج)",تکواندو پسران,1800000 تومان,9-10-11-12,دبستان 2(9 تا 12 سال)
"باشگاه ورزشی علمشیری
(شماره تماس:03135251778)
آدرس: خیابان جی، خیابان شهید رجایی، ورزشگاه شهید علمشیری-خیابان لاهور، ورزشگاه پیروزی-شهرک ولی عصر، ورزشگاه ولی عصر(عج)",تکواندو پسران,800000 تومان,9-10-11-12,دبستان 2(9 تا 12 سال)
"باشگاه ورزشی علمشیری
(شماره تماس:03135251778)
آدرس: خیابان جی، خیابان شهید رجایی، ورزشگاه شهید علمشیری-خیابان لاهور، ورزشگاه پیروزی-شهرک ولی عصر، ورزشگاه ولی عصر(عج)",تکواندو دختران,1800000 تومان,9-10-11-12,دبستان 2(9 تا 12 سال)
"باشگاه ورزشی علمشیری
(شماره تماس:03135251778)
آدرس: خیابان جی، خیابان شهید رجایی، ورزشگاه شهید علمشیری-خیابان لاهور، ورزشگاه پیروزی-شهرک ولی عصر، ورزشگاه ولی عصر(عج)",تکواندو دختران,800000 تومان,9-10-11-12,دبستان 2(9 تا 12 سال)
"باشگاه ورزشی علمشیری
(شماره تماس:03135251778)
آدرس: خیابان جی، خیابان شهید رجایی، ورزشگاه شهید علمشیری-خیابان لاهور، ورزشگاه پیروزی-شهرک ولی عصر، ورزشگاه ولی عصر(عج)",تکواندو دختران,1500000 تومان,9-10-11-12,دبستان 2(9 تا 12 سال)
"باشگاه ورزشی علمشیری
(شماره تماس:03135251778)
آدرس: خیابان جی، خیابان شهید رجایی، ورزشگاه شهید علمشیری-خیابان لاهور، ورزشگاه پیروزی-شهرک ولی عصر، ورزشگاه ولی عصر(عج)",ووشو پسران,1200000 تومان,9-10-11-12,دبستان 2(9 تا 12 سال)
"باشگاه ورزشی علمشیری
(شماره تماس:03135251778)
آدرس: خیابان جی، خیابان شهید رجایی، ورزشگاه شهید علمشیری-خیابان لاهور، ورزشگاه پیروزی-شهرک ولی عصر، ورزشگاه ولی عصر(عج)",ژیمناستیک دختران,1800000 تومان,9-10-11-12,دبستان 2(9 تا 12 سال)
"باشگاه ورزشی علمشیری
(شماره تماس:03135251778)
آدرس: خیابان جی، خیابان شهید رجایی، ورزشگاه شهید علمشیری-خیابان لاهور، ورزشگاه پیروزی-شهرک ولی عصر، ورزشگاه ولی عصر(عج)",ژیمناستیک دختران,800000 تومان,9-10-11-12,دبستان 2(9 تا 12 سال)
"باشگاه ورزشی علمشیری
(شماره تماس:03135251778)
آدرس: خیابان جی، خیابان شهید رجایی، ورزشگاه شهید علمشیری-خیابان لاهور، ورزشگاه پیروزی-شهرک ولی عصر، ورزشگاه ولی عصر(عج)",ژیمناستیک پسران,800000 1تومان,9-10-11-12,دبستان 2(9 تا 12 سال)
"باشگاه ورزشی علمشیری
(شماره تماس:03135251778)
آدرس: خیابان جی، خیابان شهید رجایی، ورزشگاه شهید علمشیری-خیابان لاهور، ورزشگاه پیروزی-شهرک ولی عصر، ورزشگاه ولی عصر(عج)",ژیمناستیک پسران,1600000 تومان,9-10-11-12,دبستان 2(9 تا 12 سال)
"باشگاه ورزشی علمشیری
(شماره تماس:03135251778)
آدرس: خیابان جی، خیابان شهید رجایی، ورزشگاه شهید علمشیری-خیابان لاهور، ورزشگاه پیروزی-شهرک ولی عصر، ورزشگاه ولی عصر(عج)",کاراته پسران,1000000 تومان,12-13-14-15,متوسطه 1(12 تا 15 سال)
"باشگاه ورزشی علمشیری
(شماره تماس:03135251778)
آدرس: خیابان جی، خیابان شهید رجایی، ورزشگاه شهید علمشیری-خیابان لاهور، ورزشگاه پیروزی-شهرک ولی عصر، ورزشگاه ولی عصر(عج)",کاراته دختران,1500000 تومان,12-13-14-15,متوسطه 1(12 تا 15 سال)
"باشگاه ورزشی علمشیری
(شماره تماس:03135251778)
آدرس: خیابان جی، خیابان شهید رجایی، ورزشگاه شهید علمشیری-خیابان لاهور، ورزشگاه پیروزی-شهرک ولی عصر، ورزشگاه ولی عصر(عج)",کاراته دختران,1000000 تومان,12-13-14-15,متوسطه 1(12 تا 15 سال)
"باشگاه ورزشی علمشیری
(شماره تماس:03135251778)
آدرس: خیابان جی، خیابان شهید رجایی، ورزشگاه شهید علمشیری-خیابان لاهور، ورزشگاه پیروزی-شهرک ولی عصر، ورزشگاه ولی عصر(عج)",نینجا پسران,1500000 تومان,12-13-14-15,متوسطه 1(12 تا 15 سال)
"باشگاه ورزشی علمشیری
(شماره تماس:03135251778)
آدرس: خیابان جی، خیابان شهید رجایی، ورزشگاه شهید علمشیری-خیابان لاهور، ورزشگاه پیروزی-شهرک ولی عصر، ورزشگاه ولی عصر(عج)",نینجا پسران,1000000 تومان,12-13-14-15,متوسطه 1(12 تا 15 سال)
"باشگاه ورزشی علمشیری
(شماره تماس:03135251778)
آدرس: خیابان جی، خیابان شهید رجایی، ورزشگاه شهید علمشیری-خیابان لاهور، ورزشگاه پیروزی-شهرک ولی عصر، ورزشگاه ولی عصر(عج)",نینجا پسران,2000000 تومان,12-13-14-15,متوسطه 1(12 تا 15 سال)
"باشگاه ورزشی علمشیری
(شماره تماس:03135251778)
آدرس: خیابان جی، خیابان شهید رجایی، ورزشگاه شهید علمشیری-خیابان لاهور، ورزشگاه پیروزی-شهرک ولی عصر، ورزشگاه ولی عصر(عج)",نینجا دختران,1800000 تومان,12-13-14-15,متوسطه 1(12 تا 15 سال)
"باشگاه ورزشی علمشیری
(شماره تماس:03135251778)
آدرس: خیابان جی، خیابان شهید رجایی، ورزشگاه شهید علمشیری-خیابان لاهور، ورزشگاه پیروزی-شهرک ولی عصر، ورزشگاه ولی عصر(عج)",نینجا دختران,800000 تومان,12-13-14-15,متوسطه 1(12 تا 15 سال)
"باشگاه ورزشی علمشیری
(شماره تماس:03135251778)
آدرس: خیابان جی، خیابان شهید رجایی، ورزشگاه شهید علمشیری-خیابان لاهور، ورزشگاه پیروزی-شهرک ولی عصر، ورزشگاه ولی عصر(عج)",تکواندو پسران,1800000 تومان,12-13-14-15,متوسطه 1(12 تا 15 سال)
"باشگاه ورزشی علمشیری
(شماره تماس:03135251778)
آدرس: خیابان جی، خیابان شهید رجایی، ورزشگاه شهید علمشیری-خیابان لاهور، ورزشگاه پیروزی-شهرک ولی عصر، ورزشگاه ولی عصر(عج)",تکواندو پسران,800000 تومان,12-13-14-15,متوسطه 1(12 تا 15 سال)
"باشگاه ورزشی علمشیری
(شماره تماس:03135251778)
آدرس: خیابان جی، خیابان شهید رجایی، ورزشگاه شهید علمشیری-خیابان لاهور، ورزشگاه پیروزی-شهرک ولی عصر، ورزشگاه ولی عصر(عج)",تکواندو دختران,1800000 تومان,12-13-14-15,متوسطه 1(12 تا 15 سال)
"باشگاه ورزشی علمشیری
(شماره تماس:03135251778)
آدرس: خیابان جی، خیابان شهید رجایی، ورزشگاه شهید علمشیری-خیابان لاهور، ورزشگاه پیروزی-شهرک ولی عصر، ورزشگاه ولی عصر(عج)",تکواندو دختران,800000 تومان,12-13-14-15,متوسطه 1(12 تا 15 سال)
"باشگاه ورزشی علمشیری
(شماره تماس:03135251778)
آدرس: خیابان جی، خیابان شهید رجایی، ورزشگاه شهید علمشیری-خیابان لاهور، ورزشگاه پیروزی-شهرک ولی عصر، ورزشگاه ولی عصر(عج)",تکواندو دختران,1500000 تومان,12-13-14-15,متوسطه 1(12 تا 15 سال)
"باشگاه ورزشی علمشیری
(شماره تماس:03135251778)
آدرس: خیابان جی، خیابان شهید رجایی، ورزشگاه شهید علمشیری-خیابان لاهور، ورزشگاه پیروزی-شهرک ولی عصر، ورزشگاه ولی عصر(عج)",ووشو پسران,1200000 تومان,12-13-14-15,متوسطه 1(12 تا 15 سال)
"باشگاه ورزشی علمشیری
(شماره تماس:03135251778)
آدرس: خیابان جی، خیابان شهید رجایی، ورزشگاه شهید علمشیری-خیابان لاهور، ورزشگاه پیروزی-شهرک ولی عصر، ورزشگاه ولی عصر(عج)",ژیمناستیک دختران,1800000 تومان,12-13-14-15,متوسطه 1(12 تا 15 سال)
"باشگاه ورزشی علمشیری
(شماره تماس:03135251778)
آدرس: خیابان جی، خیابان شهید رجایی، ورزشگاه شهید علمشیری-خیابان لاهور، ورزشگاه پیروزی-شهرک ولی عصر، ورزشگاه ولی عصر(عج)",ژیمناستیک دختران,800000 تومان,12-13-14-15,متوسطه 1(12 تا 15 سال)
"باشگاه ورزشی علمشیری
(شماره تماس:03135251778)
آدرس: خیابان جی، خیابان شهید رجایی، ورزشگاه شهید علمشیری-خیابان لاهور، ورزشگاه پیروزی-شهرک ولی عصر، ورزشگاه ولی عصر(عج)",ژیمناستیک پسران,800000 1تومان,12-13-14-15,متوسطه 1(12 تا 15 سال)
"باشگاه ورزشی علمشیری
(شماره تماس:03135251778)
آدرس: خیابان جی، خیابان شهید رجایی، ورزشگاه شهید علمشیری-خیابان لاهور، ورزشگاه پیروزی-شهرک ولی عصر، ورزشگاه ولی عصر(عج)",ژیمناستیک پسران,1600000 تومان,12-13-14-15,متوسطه 1(12 تا 15 سال)
"باشگاه ورزشی علمشیری
(شماره تماس:03135251778)
آدرس: خیابان جی، خیابان شهید رجایی، ورزشگاه شهید علمشیری-خیابان لاهور، ورزشگاه پیروزی-شهرک ولی عصر، ورزشگاه ولی عصر(عج)",کاراته پسران,1000000 تومان,15-16-17-18,متوسطه 2(15 تا 18 سال)
"باشگاه ورزشی علمشیری
(شماره تماس:03135251778)
آدرس: خیابان جی، خیابان شهید رجایی، ورزشگاه شهید علمشیری-خیابان لاهور، ورزشگاه پیروزی-شهرک ولی عصر، ورزشگاه ولی عصر(عج)",کاراته دختران,1500000 تومان,15-16-17-18,متوسطه 2(15 تا 18 سال)
"باشگاه ورزشی علمشیری
(شماره تماس:03135251778)
آدرس: خیابان جی، خیابان شهید رجایی، ورزشگاه شهید علمشیری-خیابان لاهور، ورزشگاه پیروزی-شهرک ولی عصر، ورزشگاه ولی عصر(عج)",کاراته دختران,1000000 تومان,15-16-17-18,متوسطه 2(15 تا 18 سال)
"باشگاه ورزشی علمشیری
(شماره تماس:03135251778)
آدرس: خیابان جی، خیابان شهید رجایی، ورزشگاه شهید علمشیری-خیابان لاهور، ورزشگاه پیروزی-شهرک ولی عصر، ورزشگاه ولی عصر(عج)",نینجا پسران,1500000 تومان,15-16-17-18,متوسطه 2(15 تا 18 سال)
"باشگاه ورزشی علمشیری
(شماره تماس:03135251778)
آدرس: خیابان جی، خیابان شهید رجایی، ورزشگاه شهید علمشیری-خیابان لاهور، ورزشگاه پیروزی-شهرک ولی عصر، ورزشگاه ولی عصر(عج)",نینجا پسران,1000000 تومان,15-16-17-18,متوسطه 2(15 تا 18 سال)
"باشگاه ورزشی علمشیری
(شماره تماس:03135251778)
آدرس: خیابان جی، خیابان شهید رجایی، ورزشگاه شهید علمشیری-خیابان لاهور، ورزشگاه پیروزی-شهرک ولی عصر، ورزشگاه ولی عصر(عج)",نینجا پسران,2000000 تومان,15-16-17-18,متوسطه 2(15 تا 18 سال)
"باشگاه ورزشی علمشیری
(شماره تماس:03135251778)
آدرس: خیابان جی، خیابان شهید رجایی، ورزشگاه شهید علمشیری-خیابان لاهور، ورزشگاه پیروزی-شهرک ولی عصر، ورزشگاه ولی عصر(عج)",نینجا دختران,1800000 تومان,15-16-17-18,متوسطه 2(15 تا 18 سال)
"باشگاه ورزشی علمشیری
(شماره تماس:03135251778)
آدرس: خیابان جی، خیابان شهید رجایی، ورزشگاه شهید علمشیری-خیابان لاهور، ورزشگاه پیروزی-شهرک ولی عصر، ورزشگاه ولی عصر(عج)",نینجا دختران,800000 تومان,15-16-17-18,متوسطه 2(15 تا 18 سال)
"باشگاه ورزشی علمشیری
(شماره تماس:03135251778)
آدرس: خیابان جی، خیابان شهید رجایی، ورزشگاه شهید علمشیری-خیابان لاهور، ورزشگاه پیروزی-شهرک ولی عصر، ورزشگاه ولی عصر(عج)",تکواندو پسران,1800000 تومان,15-16-17-18,متوسطه 2(15 تا 18 سال)
"باشگاه ورزشی علمشیری
(شماره تماس:03135251778)
آدرس: خیابان جی، خیابان شهید رجایی، ورزشگاه شهید علمشیری-خیابان لاهور، ورزشگاه پیروزی-شهرک ولی عصر، ورزشگاه ولی عصر(عج)",تکواندو پسران,800000 تومان,15-16-17-18,متوسطه 2(15 تا 18 سال)
"باشگاه ورزشی علمشیری
(شماره تماس:03135251778)
آدرس: خیابان جی، خیابان شهید رجایی، ورزشگاه شهید علمشیری-خیابان لاهور، ورزشگاه پیروزی-شهرک ولی عصر، ورزشگاه ولی عصر(عج)",تکواندو دختران,1800000 تومان,15-16-17-18,متوسطه 2(15 تا 18 سال)
"باشگاه ورزشی علمشیری
(شماره تماس:03135251778)
آدرس: خیابان جی، خیابان شهید رجایی، ورزشگاه شهید علمشیری-خیابان لاهور، ورزشگاه پیروزی-شهرک ولی عصر، ورزشگاه ولی عصر(عج)",تکواندو دختران,800000 تومان,15-16-17-18,متوسطه 2(15 تا 18 سال)
"باشگاه ورزشی علمشیری
(شماره تماس:03135251778)
آدرس: خیابان جی، خیابان شهید رجایی، ورزشگاه شهید علمشیری-خیابان لاهور، ورزشگاه پیروزی-شهرک ولی عصر، ورزشگاه ولی عصر(عج)",تکواندو دختران,1500000 تومان,15-16-17-18,متوسطه 2(15 تا 18 سال)
"باشگاه ورزشی علمشیری
(شماره تماس:03135251778)
آدرس: خیابان جی، خیابان شهید رجایی، ورزشگاه شهید علمشیری-خیابان لاهور، ورزشگاه پیروزی-شهرک ولی عصر، ورزشگاه ولی عصر(عج)",ووشو پسران,1200000 تومان,15-16-17-18,متوسطه 2(15 تا 18 سال)
"باشگاه ورزشی علمشیری
(شماره تماس:03135251778)
آدرس: خیابان جی، خیابان شهید رجایی، ورزشگاه شهید علمشیری-خیابان لاهور، ورزشگاه پیروزی-شهرک ولی عصر، ورزشگاه ولی عصر(عج)",پیلاتس بانوان,1800000 تومان,15-16-17-18,متوسطه 2(15 تا 18 سال)
"باشگاه ورزشی علمشیری
(شماره تماس:03135251778)
آدرس: خیابان جی، خیابان شهید رجایی، ورزشگاه شهید علمشیری-خیابان لاهور، ورزشگاه پیروزی-شهرک ولی عصر، ورزشگاه ولی عصر(عج)",فیتنس بانوان,1500000 تومان,15-16-17-18,متوسطه 2(15 تا 18 سال)
"باشگاه ورزشی علمشیری
(شماره تماس:03135251778)
آدرس: خیابان جی، خیابان شهید رجایی، ورزشگاه شهید علمشیری-خیابان لاهور، ورزشگاه پیروزی-شهرک ولی عصر، ورزشگاه ولی عصر(عج)",فیتنس بانوان,800000 تومان,15-16-17-18,متوسطه 2(15 تا 18 سال)
"باشگاه ورزشی علمشیری
(شماره تماس:03135251778)
آدرس: خیابان جی، خیابان شهید رجایی، ورزشگاه شهید علمشیری-خیابان لاهور، ورزشگاه پیروزی-شهرک ولی عصر، ورزشگاه ولی عصر(عج)",فیتنس  و چربی سوزی بانوان,1500000 تومان,15-16-17-18,متوسطه 2(15 تا 18 سال)
"باشگاه ورزشی علمشیری
(شماره تماس:03135251778)
آدرس: خیابان جی، خیابان شهید رجایی، ورزشگاه شهید علمشیری-خیابان لاهور، ورزشگاه پیروزی-شهرک ولی عصر، ورزشگاه ولی عصر(عج)",دفاع شخصی بانوان,1500000 تومان,15-16-17-18,متوسطه 2(15 تا 18 سال)
"باشگاه ورزشی علمشیری
(شماره تماس:03135251778)
آدرس: خیابان جی، خیابان شهید رجایی، ورزشگاه شهید علمشیری-خیابان لاهور، ورزشگاه پیروزی-شهرک ولی عصر، ورزشگاه ولی عصر(عج)",ژیمناستیک دختران,1500000 تومان,15-16-17-18,متوسطه 2(15 تا 18 سال)
"باشگاه ورزشی علمشیری
(شماره تماس:03135251778)
آدرس: خیابان جی، خیابان شهید رجایی، ورزشگاه شهید علمشیری-خیابان لاهور، ورزشگاه پیروزی-شهرک ولی عصر، ورزشگاه ولی عصر(عج)",ژیمناستیک دختران,800000 تومان,15-16-17-18,متوسطه 2(15 تا 18 سال)
"باشگاه ورزشی علمشیری
(شماره تماس:03135251778)
آدرس: خیابان جی، خیابان شهید رجایی، ورزشگاه شهید علمشیری-خیابان لاهور، ورزشگاه پیروزی-شهرک ولی عصر، ورزشگاه ولی عصر(عج)",ژیمناستیک پسران,800000 1تومان,15-16-17-18,متوسطه 2(15 تا 18 سال)
"باشگاه ورزشی علمشیری
(شماره تماس:03135251778)
آدرس: خیابان جی، خیابان شهید رجایی، ورزشگاه شهید علمشیری-خیابان لاهور، ورزشگاه پیروزی-شهرک ولی عصر، ورزشگاه ولی عصر(عج)",ژیمناستیک پسران,1600000 تومان,15-16-17-18,متوسطه 2(15 تا 18 سال)
"باشگاه ورزشی علمشیری
(شماره تماس:03135251778)
آدرس: خیابان جی، خیابان شهید رجایی، ورزشگاه شهید علمشیری-خیابان لاهور، ورزشگاه پیروزی-شهرک ولی عصر، ورزشگاه ولی عصر(عج)",پیلاتس بانوان,1500000 تومان,19-...,بزرگسالان ( فرزندان-18 سال به بالا)
"باشگاه ورزشی علمشیری
(شماره تماس:03135251778)
آدرس: خیابان جی، خیابان شهید رجایی، ورزشگاه شهید علمشیری-خیابان لاهور، ورزشگاه پیروزی-شهرک ولی عصر، ورزشگاه ولی عصر(عج)",فیتنس بانوان,800000 تومان,19-...,بزرگسالان ( فرزندان-18 سال به بالا)
"باشگاه ورزشی علمشیری
(شماره تماس:03135251778)
آدرس: خیابان جی، خیابان شهید رجایی، ورزشگاه شهید علمشیری-خیابان لاهور، ورزشگاه پیروزی-شهرک ولی عصر، ورزشگاه ولی عصر(عج)",فیتنس بانوان,1500000 تومان,19-...,بزرگسالان ( فرزندان-18 سال به بالا)
"باشگاه ورزشی علمشیری
(شماره تماس:03135251778)
آدرس: خیابان جی، خیابان شهید رجایی، ورزشگاه شهید علمشیری-خیابان لاهور، ورزشگاه پیروزی-شهرک ولی عصر، ورزشگاه ولی عصر(عج)",فیتنس  و چربی سوزی بانوان,1500000 تومان,19-...,بزرگسالان ( فرزندان-18 سال به بالا)
"باشگاه ورزشی علمشیری
(شماره تماس:03135251778)
آدرس: خیابان جی، خیابان شهید رجایی، ورزشگاه شهید علمشیری-خیابان لاهور، ورزشگاه پیروزی-شهرک ولی عصر، ورزشگاه ولی عصر(عج)",دفاع شخصی بانوان,1500000 تومان,19-...,بزرگسالان ( فرزندان-18 سال به بالا)
"باشگاه ورزشی علمشیری
(شماره تماس:03135251778)
آدرس: خیابان جی، خیابان شهید رجایی، ورزشگاه شهید علمشیری-خیابان لاهور، ورزشگاه پیروزی-شهرک ولی عصر، ورزشگاه ولی عصر(عج)",ژیمناستیک بانوان,800000 تومان,19-...,بزرگسالان ( فرزندان-18 سال به بالا)
"استخر ابوذر 20 درصد
(شماره تماس: 09900336016-03132369024)
آدرس: اصفهان، خیابان آذر",نیمه خصوصی  12 جلسه,4400000 تومان,6-7-8-9,دبستان1(6 تا 9 سال)
"استخر ابوذر 20 درصد
(شماره تماس: 09900336016-03132369024)
آدرس: اصفهان، خیابان آذر",عمومی 10 جلسه,2800000 تومان,6-7-8-9,دبستان1(6 تا 9 سال)
"استخر ابوذر 20 درصد
(شماره تماس: 09900336016-03132369024)
آدرس: اصفهان، خیابان آذر",آب درمانی,2000000 تومان,6-7-8-9,دبستان1(6 تا 9 سال)
"استخر ابوذر 20 درصد
(شماره تماس: 09900336016-03132369024)
آدرس: اصفهان، خیابان آذر",ورزش در آب,4400000 تومان,6-7-8-9,دبستان1(6 تا 9 سال)
"استخر ابوذر 20 درصد
(شماره تماس: 09900336016-03132369024)
آدرس: اصفهان، خیابان آذر",نیمه خصوصی,2800000 تومان,9-10-11-12,دبستان 2(9 تا 12 سال)
"استخر ابوذر 20 درصد
(شماره تماس: 09900336016-03132369024)
آدرس: اصفهان، خیابان آذر",عمومی 10 جلسه,2000000 تومان,9-10-11-12,دبستان 2(9 تا 12 سال)
"استخر ابوذر 20 درصد
(شماره تماس: 09900336016-03132369024)
آدرس: اصفهان، خیابان آذر",آب درمانی,4400000 تومان,9-10-11-12,دبستان 2(9 تا 12 سال)
"استخر ابوذر 20 درصد
(شماره تماس: 09900336016-03132369024)
آدرس: اصفهان، خیابان آذر",ورزش در آب,2400000 تومان,9-10-11-12,دبستان 2(9 تا 12 سال)
"استخر ابوذر 20 درصد
(شماره تماس: 09900336016-03132369024)
آدرس: اصفهان، خیابان آذر",نیمه خصوصی,2800000 تومان,12-13-14-15,متوسطه 1(12 تا 15 سال)
"استخر ابوذر 20 درصد
(شماره تماس: 09900336016-03132369024)
آدرس: اصفهان، خیابان آذر",عمومی 10 جلسه,2000000 تومان,12-13-14-15,متوسطه 1(12 تا 15 سال)
"استخر ابوذر 20 درصد
(شماره تماس: 09900336016-03132369024)
آدرس: اصفهان، خیابان آذر",آب درمانی,4400000 تومان,12-13-14-15,متوسطه 1(12 تا 15 سال)
"استخر ابوذر 20 درصد
(شماره تماس: 09900336016-03132369024)
آدرس: اصفهان، خیابان آذر",ورزش در آب,2400000 تومان,12-13-14-15,متوسطه 1(12 تا 15 سال)
"استخر ابوذر 20 درصد
(شماره تماس: 09900336016-03132369024)
آدرس: اصفهان، خیابان آذر",نیمه خصوصی,2800000 تومان,15-16-17-18,متوسطه 2(15 تا 18 سال)
"استخر ابوذر 20 درصد
(شماره تماس: 09900336016-03132369024)
آدرس: اصفهان، خیابان آذر",عمومی 10 جلسه,2000000 تومان,15-16-17-18,متوسطه 2(15 تا 18 سال)
"استخر ابوذر 20 درصد
(شماره تماس: 09900336016-03132369024)
آدرس: اصفهان، خیابان آذر",آب درمانی,4400000 تومان,15-16-17-18,متوسطه 2(15 تا 18 سال)
"استخر ابوذر 20 درصد
(شماره تماس: 09900336016-03132369024)
آدرس: اصفهان، خیابان آذر",ورزش در آب,2400000 تومان,15-16-17-18,متوسطه 2(15 تا 18 سال)
"استخر ابوذر 20 درصد
(شماره تماس: 09900336016-03132369024)
آدرس: اصفهان، خیابان آذر",نیمه خصوصی,2800000 تومان,19-...,بزرگسالان ( فرزندان-18 سال به بالا)
"استخر ابوذر 20 درصد
(شماره تماس: 09900336016-03132369024)
آدرس: اصفهان، خیابان آذر",عمومی 10 جلسه,2000000 تومان,19-...,بزرگسالان ( فرزندان-18 سال به بالا)
"استخر ابوذر 20 درصد
(شماره تماس: 09900336016-03132369024)
آدرس: اصفهان، خیابان آذر",آب درمانی,4400000 تومان,19-...,بزرگسالان ( فرزندان-18 سال به بالا)
"استخر ابوذر 20 درصد
(شماره تماس: 09900336016-03132369024)
آدرس: اصفهان، خیابان آذر",ورزش در آب,2400000 تومان,19-...,بزرگسالان ( فرزندان-18 سال به بالا)
"استخر نصر
(شماره تماس: 03136292237)
آدرس: سه راه حکیم نظامی، بلوار دانشگاه، مجموعه 22 بهمن)",نیمه خصوصی (5 نفره),9700000 تومان,6-7-8-9,دبستان1(6 تا 9 سال)
"استخر نصر
(شماره تماس: 03136292237)
آدرس: سه راه حکیم نظامی، بلوار دانشگاه، مجموعه 22 بهمن)",نیمه خصوصی (5 نفره),9700000 تومان,9-10-11-12,دبستان 2(9 تا 12 سال)
"استخر نصر
(شماره تماس: 03136292237)
آدرس: سه راه حکیم نظامی، بلوار دانشگاه، مجموعه 22 بهمن)",نیمه خصوصی (5 نفره),9700000 تومان,12-13-14-15,متوسطه 1(12 تا 15 سال)
"استخر نصر
(شماره تماس: 03136292237)
آدرس: سه راه حکیم نظامی، بلوار دانشگاه، مجموعه 22 بهمن)",نیمه خصوصی (5 نفره),9700000 تومان,15-16-17-18,متوسطه 2(15 تا 18 سال)
"استخر نصر
(شماره تماس: 03136292237)
آدرس: سه راه حکیم نظامی، بلوار دانشگاه، مجموعه 22 بهمن)",نیمه خصوصی (5 نفره),9700000 تومان,19-...,بزرگسالان ( فرزندان-18 سال به بالا)
"باشگاه فرهنگی ورزشی تام
(شماره تماس: 09901194212-03134390020)
آدرس: خیابان رزمندگان، جنب مسجد امام حسن مجتبی(ع)",فوتبال چمن یکساله(4 ترم),16200000 تومان,6-7-8-9,دبستان1(6 تا 9 سال)
"باشگاه فرهنگی ورزشی تام
(شماره تماس: 09901194212-03134390020)
آدرس: خیابان رزمندگان، جنب مسجد امام حسن مجتبی(ع)",فوتبال چمن یکساله(4 ترم),16200000 تومان,9-10-11-12,دبستان 2(9 تا 12 سال)
"باشگاه فرهنگی ورزشی تام
(شماره تماس: 09901194212-03134390020)
آدرس: خیابان رزمندگان، جنب مسجد امام حسن مجتبی(ع)",فوتبال چمن یکساله(4 ترم),16200000 تومان,12-13-14-15,متوسطه 1(12 تا 15 سال)
"باشگاه فرهنگی ورزشی تام
(شماره تماس: 09901194212-03134390020)
آدرس: خیابان رزمندگان، جنب مسجد امام حسن مجتبی(ع)",فوتبال چمن یکساله(4 ترم),16200000 تومان,15-16-17-18,متوسطه 2(15 تا 18 سال)
"مجموعه ورزشی تختی شاهین شهر
(شماره تماس: 03145225027)
آدرس: شاهین شهر، خیابان مخابرات، فرعی 11 شرقی",ژیمناستیک عمومی   خانم ها(4 سال به بالا),840000 تومان,4-5-6-,پیش دبستانی(5 سال یا کمتر)
"مجموعه ورزشی تختی شاهین شهر
(شماره تماس: 03145225027)
آدرس: شاهین شهر، خیابان مخابرات، فرعی 11 شرقی",ژیمناستیک پیشرفته   خانم ها(4 سال به بالا),840000 تومان,4-5-6-,پیش دبستانی(5 سال یا کمتر)
"مجموعه ورزشی تختی شاهین شهر
(شماره تماس: 03145225027)
آدرس: شاهین شهر، خیابان مخابرات، فرعی 11 شرقی",ژیمناستیک عمومی آقایان(4 سال به بالا),840000 تومان,4-5-6-,پیش دبستانی(5 سال یا کمتر)
"مجموعه ورزشی تختی شاهین شهر
(شماره تماس: 03145225027)
آدرس: شاهین شهر، خیابان مخابرات، فرعی 11 شرقی",کاراته پیشرفته  خانم ها,680000 تومان,6-7-8-9,دبستان1(6 تا 9 سال)
"مجموعه ورزشی تختی شاهین شهر
(شماره تماس: 03145225027)
آدرس: شاهین شهر، خیابان مخابرات، فرعی 11 شرقی",تکواندو عمومی  خانم ها,1100000 تومان,6-7-8-9,دبستان1(6 تا 9 سال)
"مجموعه ورزشی تختی شاهین شهر
(شماره تماس: 03145225027)
آدرس: شاهین شهر، خیابان مخابرات، فرعی 11 شرقی",تکواندو پیشرفته  خانم ها,680000 تومان,6-7-8-9,دبستان1(6 تا 9 سال)
"مجموعه ورزشی تختی شاهین شهر
(شماره تماس: 03145225027)
آدرس: شاهین شهر، خیابان مخابرات، فرعی 11 شرقی",نینجا عمومی  خانم ها,880000 تومان,6-7-8-9,دبستان1(6 تا 9 سال)
"مجموعه ورزشی تختی شاهین شهر
(شماره تماس: 03145225027)
آدرس: شاهین شهر، خیابان مخابرات، فرعی 11 شرقی",دفاع شخصی عمومی  خانم ها,680000 تومان,6-7-8-9,دبستان1(6 تا 9 سال)
"مجموعه ورزشی تختی شاهین شهر
(شماره تماس: 03145225027)
آدرس: شاهین شهر، خیابان مخابرات، فرعی 11 شرقی",کیک بوکس عمومی  خانم ها,680000 تومان,6-7-8-9,دبستان1(6 تا 9 سال)
"مجموعه ورزشی تختی شاهین شهر
(شماره تماس: 03145225027)
آدرس: شاهین شهر، خیابان مخابرات، فرعی 11 شرقی",تیراندازی  خانم ها,680000 تومان,6-7-8-9,دبستان1(6 تا 9 سال)
"مجموعه ورزشی تختی شاهین شهر
(شماره تماس: 03145225027)
آدرس: شاهین شهر، خیابان مخابرات، فرعی 11 شرقی",بسکتبال عمومی  خانم ها,2100000 تومان,6-7-8-9,دبستان1(6 تا 9 سال)
"مجموعه ورزشی تختی شاهین شهر
(شماره تماس: 03145225027)
آدرس: شاهین شهر، خیابان مخابرات، فرعی 11 شرقی",والیبال عمومی  خانم ها,680000 تومان,6-7-8-9,دبستان1(6 تا 9 سال)
"مجموعه ورزشی تختی شاهین شهر
(شماره تماس: 03145225027)
آدرس: شاهین شهر، خیابان مخابرات، فرعی 11 شرقی",والیبال پیشرفته  خانم ها,680000 تومان,6-7-8-9,دبستان1(6 تا 9 سال)
"مجموعه ورزشی تختی شاهین شهر
(شماره تماس: 03145225027)
آدرس: شاهین شهر، خیابان مخابرات، فرعی 11 شرقی",فوتسال پیشرفته  خانم ها,1100000 تومان,6-7-8-9,دبستان1(6 تا 9 سال)
"مجموعه ورزشی تختی شاهین شهر
(شماره تماس: 03145225027)
آدرس: شاهین شهر، خیابان مخابرات، فرعی 11 شرقی",بدمینتون عمومی  خانم ها,1500000 تومان,6-7-8-9,دبستان1(6 تا 9 سال)
"مجموعه ورزشی تختی شاهین شهر
(شماره تماس: 03145225027)
آدرس: شاهین شهر، خیابان مخابرات، فرعی 11 شرقی",بدمینتون پیشرفته  خانم ها,680000 تومان,6-7-8-9,دبستان1(6 تا 9 سال)
"مجموعه ورزشی تختی شاهین شهر
(شماره تماس: 03145225027)
آدرس: شاهین شهر، خیابان مخابرات، فرعی 11 شرقی",پیلاتس عمومی,960000 تومان,6-7-8-9,دبستان1(6 تا 9 سال)
"مجموعه ورزشی تختی شاهین شهر
(شماره تماس: 03145225027)
آدرس: شاهین شهر، خیابان مخابرات، فرعی 11 شرقی",پیلاتس پیشرفته,660000 تومان,6-7-8-9,دبستان1(6 تا 9 سال)
"مجموعه ورزشی تختی شاهین شهر
(شماره تماس: 03145225027)
آدرس: شاهین شهر، خیابان مخابرات، فرعی 11 شرقی",ایروبیک عمومی,880000 تومان,6-7-8-9,دبستان1(6 تا 9 سال)
"مجموعه ورزشی تختی شاهین شهر
(شماره تماس: 03145225027)
آدرس: شاهین شهر، خیابان مخابرات، فرعی 11 شرقی",ایروبیک پیشرفته,660000 تومان,6-7-8-9,دبستان1(6 تا 9 سال)
"مجموعه ورزشی تختی شاهین شهر
(شماره تماس: 03145225027)
آدرس: شاهین شهر، خیابان مخابرات، فرعی 11 شرقی",ژیمناستیک عمومی   خانم ها,700000 تومان,6-7-8-9,دبستان1(6 تا 9 سال)
"مجموعه ورزشی تختی شاهین شهر
(شماره تماس: 03145225027)
آدرس: شاهین شهر، خیابان مخابرات، فرعی 11 شرقی",ژیمناستیک پیشرفته   خانم ها,840000 تومان,6-7-8-9,دبستان1(6 تا 9 سال)
"مجموعه ورزشی تختی شاهین شهر
(شماره تماس: 03145225027)
آدرس: شاهین شهر، خیابان مخابرات، فرعی 11 شرقی",والیبال عمومی  آقایان,840000 تومان,6-7-8-9,دبستان1(6 تا 9 سال)
"مجموعه ورزشی تختی شاهین شهر
(شماره تماس: 03145225027)
آدرس: شاهین شهر، خیابان مخابرات، فرعی 11 شرقی",والیبال پیشرفته آقایان,680000 تومان,6-7-8-9,دبستان1(6 تا 9 سال)
"مجموعه ورزشی تختی شاهین شهر
(شماره تماس: 03145225027)
آدرس: شاهین شهر، خیابان مخابرات، فرعی 11 شرقی",بسکتبال عمومی  آقایان,1500000 تومان,6-7-8-9,دبستان1(6 تا 9 سال)
"مجموعه ورزشی تختی شاهین شهر
(شماره تماس: 03145225027)
آدرس: شاهین شهر، خیابان مخابرات، فرعی 11 شرقی",بسکتبال پیشرفته آقایان,680000 تومان,6-7-8-9,دبستان1(6 تا 9 سال)
"مجموعه ورزشی تختی شاهین شهر
(شماره تماس: 03145225027)
آدرس: شاهین شهر، خیابان مخابرات، فرعی 11 شرقی",بدمینتون عمومی  آقایان,980000 تومان,6-7-8-9,دبستان1(6 تا 9 سال)
"مجموعه ورزشی تختی شاهین شهر
(شماره تماس: 03145225027)
آدرس: شاهین شهر، خیابان مخابرات، فرعی 11 شرقی",فوتسال  آقایان,850000 تومان,6-7-8-9,دبستان1(6 تا 9 سال)
"مجموعه ورزشی تختی شاهین شهر
(شماره تماس: 03145225027)
آدرس: شاهین شهر، خیابان مخابرات، فرعی 11 شرقی",فوتبال  آقایان,1500000 تومان,6-7-8-9,دبستان1(6 تا 9 سال)
"مجموعه ورزشی تختی شاهین شهر
(شماره تماس: 03145225027)
آدرس: شاهین شهر، خیابان مخابرات، فرعی 11 شرقی",کاراته عمومی  آقایان,1500000 تومان,6-7-8-9,دبستان1(6 تا 9 سال)
"مجموعه ورزشی تختی شاهین شهر
(شماره تماس: 03145225027)
آدرس: شاهین شهر، خیابان مخابرات، فرعی 11 شرقی",کاراته پیشرفته  آقایان,680000 تومان,6-7-8-9,دبستان1(6 تا 9 سال)
"مجموعه ورزشی تختی شاهین شهر
(شماره تماس: 03145225027)
آدرس: شاهین شهر، خیابان مخابرات، فرعی 11 شرقی",ووشو عمومی  آقایان,750000 تومان,6-7-8-9,دبستان1(6 تا 9 سال)
"مجموعه ورزشی تختی شاهین شهر
(شماره تماس: 03145225027)
آدرس: شاهین شهر، خیابان مخابرات، فرعی 11 شرقی",تیراندازی  آقایان,680000 تومان,6-7-8-9,دبستان1(6 تا 9 سال)
"مجموعه ورزشی تختی شاهین شهر
(شماره تماس: 03145225027)
آدرس: شاهین شهر، خیابان مخابرات، فرعی 11 شرقی",ژیمناستیک عمومی آقایان,2100000 تومان,6-7-8-9,دبستان1(6 تا 9 سال)
"مجموعه ورزشی تختی شاهین شهر
(شماره تماس: 03145225027)
آدرس: شاهین شهر، خیابان مخابرات، فرعی 11 شرقی",کاراته پیشرفته  خانم ها,680000 تومان,9-10-11-12,دبستان 2(9 تا 12 سال)
"مجموعه ورزشی تختی شاهین شهر
(شماره تماس: 03145225027)
آدرس: شاهین شهر، خیابان مخابرات، فرعی 11 شرقی",تکواندو عمومی  خانم ها,1100000 تومان,9-10-11-12,دبستان 2(9 تا 12 سال)
"مجموعه ورزشی تختی شاهین شهر
(شماره تماس: 03145225027)
آدرس: شاهین شهر، خیابان مخابرات، فرعی 11 شرقی",تکواندو پیشرفته  خانم ها,680000 تومان,9-10-11-12,دبستان 2(9 تا 12 سال)
"مجموعه ورزشی تختی شاهین شهر
(شماره تماس: 03145225027)
آدرس: شاهین شهر، خیابان مخابرات، فرعی 11 شرقی",نینجا عمومی  خانم ها,880000 تومان,9-10-11-12,دبستان 2(9 تا 12 سال)
"مجموعه ورزشی تختی شاهین شهر
(شماره تماس: 03145225027)
آدرس: شاهین شهر، خیابان مخابرات، فرعی 11 شرقی",دفاع شخصی عمومی  خانم ها,680000 تومان,9-10-11-12,دبستان 2(9 تا 12 سال)
"مجموعه ورزشی تختی شاهین شهر
(شماره تماس: 03145225027)
آدرس: شاهین شهر، خیابان مخابرات، فرعی 11 شرقی",کیک بوکس عمومی  خانم ها,680000 تومان,9-10-11-12,دبستان 2(9 تا 12 سال)
"مجموعه ورزشی تختی شاهین شهر
(شماره تماس: 03145225027)
آدرس: شاهین شهر، خیابان مخابرات، فرعی 11 شرقی",تیراندازی  خانم ها,680000 تومان,9-10-11-12,دبستان 2(9 تا 12 سال)
"مجموعه ورزشی تختی شاهین شهر
(شماره تماس: 03145225027)
آدرس: شاهین شهر، خیابان مخابرات، فرعی 11 شرقی",بسکتبال عمومی  خانم ها,2100000 تومان,9-10-11-12,دبستان 2(9 تا 12 سال)
"مجموعه ورزشی تختی شاهین شهر
(شماره تماس: 03145225027)
آدرس: شاهین شهر، خیابان مخابرات، فرعی 11 شرقی",والیبال عمومی  خانم ها,680000 تومان,9-10-11-12,دبستان 2(9 تا 12 سال)
"مجموعه ورزشی تختی شاهین شهر
(شماره تماس: 03145225027)
آدرس: شاهین شهر، خیابان مخابرات، فرعی 11 شرقی",والیبال پیشرفته  خانم ها,680000 تومان,9-10-11-12,دبستان 2(9 تا 12 سال)
"مجموعه ورزشی تختی شاهین شهر
(شماره تماس: 03145225027)
آدرس: شاهین شهر، خیابان مخابرات، فرعی 11 شرقی",فوتسال پیشرفته  خانم ها,1100000 تومان,9-10-11-12,دبستان 2(9 تا 12 سال)
"مجموعه ورزشی تختی شاهین شهر
(شماره تماس: 03145225027)
آدرس: شاهین شهر، خیابان مخابرات، فرعی 11 شرقی",بدمینتون عمومی  خانم ها,1500000 تومان,9-10-11-12,دبستان 2(9 تا 12 سال)
"مجموعه ورزشی تختی شاهین شهر
(شماره تماس: 03145225027)
آدرس: شاهین شهر، خیابان مخابرات، فرعی 11 شرقی",بدمینتون پیشرفته  خانم ها,680000 تومان,9-10-11-12,دبستان 2(9 تا 12 سال)
"مجموعه ورزشی تختی شاهین شهر
(شماره تماس: 03145225027)
آدرس: شاهین شهر، خیابان مخابرات، فرعی 11 شرقی",پیلاتس عمومی,960000 تومان,9-10-11-12,دبستان 2(9 تا 12 سال)
"مجموعه ورزشی تختی شاهین شهر
(شماره تماس: 03145225027)
آدرس: شاهین شهر، خیابان مخابرات، فرعی 11 شرقی",پیلاتس پیشرفته,660000 تومان,9-10-11-12,دبستان 2(9 تا 12 سال)
"مجموعه ورزشی تختی شاهین شهر
(شماره تماس: 03145225027)
آدرس: شاهین شهر، خیابان مخابرات، فرعی 11 شرقی",ایروبیک عمومی,880000 تومان,9-10-11-12,دبستان 2(9 تا 12 سال)
"مجموعه ورزشی تختی شاهین شهر
(شماره تماس: 03145225027)
آدرس: شاهین شهر، خیابان مخابرات، فرعی 11 شرقی",ایروبیک پیشرفته,660000 تومان,9-10-11-12,دبستان 2(9 تا 12 سال)
"مجموعه ورزشی تختی شاهین شهر
(شماره تماس: 03145225027)
آدرس: شاهین شهر، خیابان مخابرات، فرعی 11 شرقی",ژیمناستیک عمومی   خانم ها,700000 تومان,9-10-11-12,دبستان 2(9 تا 12 سال)
"مجموعه ورزشی تختی شاهین شهر
(شماره تماس: 03145225027)
آدرس: شاهین شهر، خیابان مخابرات، فرعی 11 شرقی",ژیمناستیک پیشرفته   خانم ها,840000 تومان,9-10-11-12,دبستان 2(9 تا 12 سال)
"مجموعه ورزشی تختی شاهین شهر
(شماره تماس: 03145225027)
آدرس: شاهین شهر، خیابان مخابرات، فرعی 11 شرقی",والیبال عمومی  آقایان,840000 تومان,9-10-11-12,دبستان 2(9 تا 12 سال)
"مجموعه ورزشی تختی شاهین شهر
(شماره تماس: 03145225027)
آدرس: شاهین شهر، خیابان مخابرات، فرعی 11 شرقی",والیبال پیشرفته آقایان,680000 تومان,9-10-11-12,دبستان 2(9 تا 12 سال)
"مجموعه ورزشی تختی شاهین شهر
(شماره تماس: 03145225027)
آدرس: شاهین شهر، خیابان مخابرات، فرعی 11 شرقی",بسکتبال عمومی  آقایان,1500000 تومان,9-10-11-12,دبستان 2(9 تا 12 سال)
"مجموعه ورزشی تختی شاهین شهر
(شماره تماس: 03145225027)
آدرس: شاهین شهر، خیابان مخابرات، فرعی 11 شرقی",بسکتبال پیشرفته آقایان,680000 تومان,9-10-11-12,دبستان 2(9 تا 12 سال)
"مجموعه ورزشی تختی شاهین شهر
(شماره تماس: 03145225027)
آدرس: شاهین شهر، خیابان مخابرات، فرعی 11 شرقی",بدمینتون عمومی  آقایان,980000 تومان,9-10-11-12,دبستان 2(9 تا 12 سال)
"مجموعه ورزشی تختی شاهین شهر
(شماره تماس: 03145225027)
آدرس: شاهین شهر، خیابان مخابرات، فرعی 11 شرقی",فوتسال  آقایان,850000 تومان,9-10-11-12,دبستان 2(9 تا 12 سال)
"مجموعه ورزشی تختی شاهین شهر
(شماره تماس: 03145225027)
آدرس: شاهین شهر، خیابان مخابرات، فرعی 11 شرقی",فوتبال  آقایان,1500000 تومان,9-10-11-12,دبستان 2(9 تا 12 سال)
"مجموعه ورزشی تختی شاهین شهر
(شماره تماس: 03145225027)
آدرس: شاهین شهر، خیابان مخابرات، فرعی 11 شرقی",کاراته عمومی  آقایان,1500000 تومان,9-10-11-12,دبستان 2(9 تا 12 سال)
"مجموعه ورزشی تختی شاهین شهر
(شماره تماس: 03145225027)
آدرس: شاهین شهر، خیابان مخابرات، فرعی 11 شرقی",کاراته پیشرفته  آقایان,680000 تومان,9-10-11-12,دبستان 2(9 تا 12 سال)
"مجموعه ورزشی تختی شاهین شهر
(شماره تماس: 03145225027)
آدرس: شاهین شهر، خیابان مخابرات، فرعی 11 شرقی",ووشو عمومی  آقایان,750000 تومان,9-10-11-12,دبستان 2(9 تا 12 سال)
"مجموعه ورزشی تختی شاهین شهر
(شماره تماس: 03145225027)
آدرس: شاهین شهر، خیابان مخابرات، فرعی 11 شرقی",تیراندازی  آقایان,680000 تومان,9-10-11-12,دبستان 2(9 تا 12 سال)
"مجموعه ورزشی تختی شاهین شهر
(شماره تماس: 03145225027)
آدرس: شاهین شهر، خیابان مخابرات، فرعی 11 شرقی",ژیمناستیک عمومی آقایان,2100000 تومان,9-10-11-12,دبستان 2(9 تا 12 سال)
"مجموعه ورزشی تختی شاهین شهر
(شماره تماس: 03145225027)
آدرس: شاهین شهر، خیابان مخابرات، فرعی 11 شرقی",کاراته پیشرفته  خانم ها,680000 تومان,12-13-14-15,متوسطه 1(12 تا 15 سال)
"مجموعه ورزشی تختی شاهین شهر
(شماره تماس: 03145225027)
آدرس: شاهین شهر، خیابان مخابرات، فرعی 11 شرقی",تکواندو عمومی  خانم ها,1100000 تومان,12-13-14-15,متوسطه 1(12 تا 15 سال)
"مجموعه ورزشی تختی شاهین شهر
(شماره تماس: 03145225027)
آدرس: شاهین شهر، خیابان مخابرات، فرعی 11 شرقی",تکواندو پیشرفته  خانم ها,680000 تومان,12-13-14-15,متوسطه 1(12 تا 15 سال)
"مجموعه ورزشی تختی شاهین شهر
(شماره تماس: 03145225027)
آدرس: شاهین شهر، خیابان مخابرات، فرعی 11 شرقی",نینجا عمومی  خانم ها,880000 تومان,12-13-14-15,متوسطه 1(12 تا 15 سال)
"مجموعه ورزشی تختی شاهین شهر
(شماره تماس: 03145225027)
آدرس: شاهین شهر، خیابان مخابرات، فرعی 11 شرقی",دفاع شخصی عمومی  خانم ها,680000 تومان,12-13-14-15,متوسطه 1(12 تا 15 سال)
"مجموعه ورزشی تختی شاهین شهر
(شماره تماس: 03145225027)
آدرس: شاهین شهر، خیابان مخابرات، فرعی 11 شرقی",کیک بوکس عمومی  خانم ها,680000 تومان,12-13-14-15,متوسطه 1(12 تا 15 سال)
"مجموعه ورزشی تختی شاهین شهر
(شماره تماس: 03145225027)
آدرس: شاهین شهر، خیابان مخابرات، فرعی 11 شرقی",تیراندازی  خانم ها,680000 تومان,12-13-14-15,متوسطه 1(12 تا 15 سال)
"مجموعه ورزشی تختی شاهین شهر
(شماره تماس: 03145225027)
آدرس: شاهین شهر، خیابان مخابرات، فرعی 11 شرقی",بسکتبال عمومی  خانم ها,2100000 تومان,12-13-14-15,متوسطه 1(12 تا 15 سال)
"مجموعه ورزشی تختی شاهین شهر
(شماره تماس: 03145225027)
آدرس: شاهین شهر، خیابان مخابرات، فرعی 11 شرقی",والیبال عمومی  خانم ها,680000 تومان,12-13-14-15,متوسطه 1(12 تا 15 سال)
"مجموعه ورزشی تختی شاهین شهر
(شماره تماس: 03145225027)
آدرس: شاهین شهر، خیابان مخابرات، فرعی 11 شرقی",والیبال پیشرفته  خانم ها,680000 تومان,12-13-14-15,متوسطه 1(12 تا 15 سال)
"مجموعه ورزشی تختی شاهین شهر
(شماره تماس: 03145225027)
آدرس: شاهین شهر، خیابان مخابرات، فرعی 11 شرقی",فوتسال پیشرفته  خانم ها,1100000 تومان,12-13-14-15,متوسطه 1(12 تا 15 سال)
"مجموعه ورزشی تختی شاهین شهر
(شماره تماس: 03145225027)
آدرس: شاهین شهر، خیابان مخابرات، فرعی 11 شرقی",بدمینتون عمومی  خانم ها,1500000 تومان,12-13-14-15,متوسطه 1(12 تا 15 سال)
"مجموعه ورزشی تختی شاهین شهر
(شماره تماس: 03145225027)
آدرس: شاهین شهر، خیابان مخابرات، فرعی 11 شرقی",بدمینتون پیشرفته  خانم ها,680000 تومان,12-13-14-15,متوسطه 1(12 تا 15 سال)
"مجموعه ورزشی تختی شاهین شهر
(شماره تماس: 03145225027)
آدرس: شاهین شهر، خیابان مخابرات، فرعی 11 شرقی",پیلاتس عمومی,960000 تومان,12-13-14-15,متوسطه 1(12 تا 15 سال)
"مجموعه ورزشی تختی شاهین شهر
(شماره تماس: 03145225027)
آدرس: شاهین شهر، خیابان مخابرات، فرعی 11 شرقی",پیلاتس پیشرفته,660000 تومان,12-13-14-15,متوسطه 1(12 تا 15 سال)
"مجموعه ورزشی تختی شاهین شهر
(شماره تماس: 03145225027)
آدرس: شاهین شهر، خیابان مخابرات، فرعی 11 شرقی",ایروبیک عمومی,880000 تومان,12-13-14-15,متوسطه 1(12 تا 15 سال)
"مجموعه ورزشی تختی شاهین شهر
(شماره تماس: 03145225027)
آدرس: شاهین شهر، خیابان مخابرات، فرعی 11 شرقی",ایروبیک پیشرفته,660000 تومان,12-13-14-15,متوسطه 1(12 تا 15 سال)
"مجموعه ورزشی تختی شاهین شهر
(شماره تماس: 03145225027)
آدرس: شاهین شهر، خیابان مخابرات، فرعی 11 شرقی",ژیمناستیک عمومی   خانم ها,700000 تومان,12-13-14-15,متوسطه 1(12 تا 15 سال)
"مجموعه ورزشی تختی شاهین شهر
(شماره تماس: 03145225027)
آدرس: شاهین شهر، خیابان مخابرات، فرعی 11 شرقی",ژیمناستیک پیشرفته   خانم ها,840000 تومان,12-13-14-15,متوسطه 1(12 تا 15 سال)
"مجموعه ورزشی تختی شاهین شهر
(شماره تماس: 03145225027)
آدرس: شاهین شهر، خیابان مخابرات، فرعی 11 شرقی",والیبال عمومی  آقایان,840000 تومان,12-13-14-15,متوسطه 1(12 تا 15 سال)
"مجموعه ورزشی تختی شاهین شهر
(شماره تماس: 03145225027)
آدرس: شاهین شهر، خیابان مخابرات، فرعی 11 شرقی",والیبال پیشرفته آقایان,680000 تومان,12-13-14-15,متوسطه 1(12 تا 15 سال)
"مجموعه ورزشی تختی شاهین شهر
(شماره تماس: 03145225027)
آدرس: شاهین شهر، خیابان مخابرات، فرعی 11 شرقی",بسکتبال عمومی  آقایان,1500000 تومان,12-13-14-15,متوسطه 1(12 تا 15 سال)
"مجموعه ورزشی تختی شاهین شهر
(شماره تماس: 03145225027)
آدرس: شاهین شهر، خیابان مخابرات، فرعی 11 شرقی",بسکتبال پیشرفته آقایان,680000 تومان,12-13-14-15,متوسطه 1(12 تا 15 سال)
"مجموعه ورزشی تختی شاهین شهر
(شماره تماس: 03145225027)
آدرس: شاهین شهر، خیابان مخابرات، فرعی 11 شرقی",بدمینتون عمومی  آقایان,980000 تومان,12-13-14-15,متوسطه 1(12 تا 15 سال)
"مجموعه ورزشی تختی شاهین شهر
(شماره تماس: 03145225027)
آدرس: شاهین شهر، خیابان مخابرات، فرعی 11 شرقی",فوتسال  آقایان,850000 تومان,12-13-14-15,متوسطه 1(12 تا 15 سال)
"مجموعه ورزشی تختی شاهین شهر
(شماره تماس: 03145225027)
آدرس: شاهین شهر، خیابان مخابرات، فرعی 11 شرقی",فوتبال  آقایان,1500000 تومان,12-13-14-15,متوسطه 1(12 تا 15 سال)
"مجموعه ورزشی تختی شاهین شهر
(شماره تماس: 03145225027)
آدرس: شاهین شهر، خیابان مخابرات، فرعی 11 شرقی",کاراته عمومی  آقایان,1500000 تومان,12-13-14-15,متوسطه 1(12 تا 15 سال)
"مجموعه ورزشی تختی شاهین شهر
(شماره تماس: 03145225027)
آدرس: شاهین شهر، خیابان مخابرات، فرعی 11 شرقی",کاراته پیشرفته  آقایان,680000 تومان,12-13-14-15,متوسطه 1(12 تا 15 سال)
"مجموعه ورزشی تختی شاهین شهر
(شماره تماس: 03145225027)
آدرس: شاهین شهر، خیابان مخابرات، فرعی 11 شرقی",ووشو عمومی  آقایان,750000 تومان,12-13-14-15,متوسطه 1(12 تا 15 سال)
"مجموعه ورزشی تختی شاهین شهر
(شماره تماس: 03145225027)
آدرس: شاهین شهر، خیابان مخابرات، فرعی 11 شرقی",تیراندازی  آقایان,680000 تومان,12-13-14-15,متوسطه 1(12 تا 15 سال)
"مجموعه ورزشی تختی شاهین شهر
(شماره تماس: 03145225027)
آدرس: شاهین شهر، خیابان مخابرات، فرعی 11 شرقی",ژیمناستیک عمومی آقایان,2100000 تومان,12-13-14-15,متوسطه 1(12 تا 15 سال)
"کلینیک تخصصی شاهراه(استاد پیمان اربابیان)
شماره تماس: 09130222315
آدرس: خیابان مرداویج، جنب درب ورودی مجموعه پرواز",هر جلسه مشاوره  مرتبط با هدایت تحصیلی پایه نهم,450000 تومان,12-13-14-15,متوسطه 1(12 تا 15 سال)
"باشگاه ورزشی اوتانا نجف آباد
(شماره تماس: 09133312400)
آدرس: نجف آباد، خیابان امام خمینی، نبش خیابان فارابی",بدنسازی آقایان 24 جلسه,1000000 تومان,9-10-11-12,دبستان 2(9 تا 12 سال)
"باشگاه ورزشی اوتانا نجف آباد
(شماره تماس: 09133312400)
آدرس: نجف آباد، خیابان امام خمینی، نبش خیابان فارابی",بدنسازی بانوان 12 جلسه,1400000 تومان,9-10-11-12,دبستان 2(9 تا 12 سال)
"باشگاه ورزشی اوتانا نجف آباد
(شماره تماس: 09133312400)
آدرس: نجف آباد، خیابان امام خمینی، نبش خیابان فارابی",بدنسازی بانوان 24 جلسه,1000000 تومان,9-10-11-12,دبستان 2(9 تا 12 سال)
"باشگاه ورزشی اوتانا نجف آباد
(شماره تماس: 09133312400)
آدرس: نجف آباد، خیابان امام خمینی، نبش خیابان فارابی",فیتنس بانوان تک جلسه ای,1400000 تومان,9-10-11-12,دبستان 2(9 تا 12 سال)
"باشگاه ورزشی اوتانا نجف آباد
(شماره تماس: 09133312400)
آدرس: نجف آباد، خیابان امام خمینی، نبش خیابان فارابی",فیتنس بانوان 12 جلسه,150000 تومان,9-10-11-12,دبستان 2(9 تا 12 سال)
"باشگاه ورزشی اوتانا نجف آباد
(شماره تماس: 09133312400)
آدرس: نجف آباد، خیابان امام خمینی، نبش خیابان فارابی",زوم فیت بانوان تک جلسه ای,1000000 تومان,9-10-11-12,دبستان 2(9 تا 12 سال)
"باشگاه ورزشی اوتانا نجف آباد
(شماره تماس: 09133312400)
آدرس: نجف آباد، خیابان امام خمینی، نبش خیابان فارابی",زوم فیت بانوان 12 جلسه,150000 تومان,9-10-11-12,دبستان 2(9 تا 12 سال)
"باشگاه ورزشی اوتانا نجف آباد
(شماره تماس: 09133312400)
آدرس: نجف آباد، خیابان امام خمینی، نبش خیابان فارابی",ایروبیک CX  بانوان تک جلسه ای,1000000 تومان,9-10-11-12,دبستان 2(9 تا 12 سال)
"باشگاه ورزشی اوتانا نجف آباد
(شماره تماس: 09133312400)
آدرس: نجف آباد، خیابان امام خمینی، نبش خیابان فارابی",ایروبیک CX  بانوان 12 جلسه,150000 تومان,9-10-11-12,دبستان 2(9 تا 12 سال)
"باشگاه ورزشی اوتانا نجف آباد
(شماره تماس: 09133312400)
آدرس: نجف آباد، خیابان امام خمینی، نبش خیابان فارابی",پیلاتس بانوان تک جلسه ای,1000000 تومان,9-10-11-12,دبستان 2(9 تا 12 سال)
"باشگاه ورزشی اوتانا نجف آباد
(شماره تماس: 09133312400)
آدرس: نجف آباد، خیابان امام خمینی، نبش خیابان فارابی",پیلاتس بانوان 12 جلسه,150000 تومان,9-10-11-12,دبستان 2(9 تا 12 سال)
"باشگاه ورزشی اوتانا نجف آباد
(شماره تماس: 09133312400)
آدرس: نجف آباد، خیابان امام خمینی، نبش خیابان فارابی",چربی سوزی بانوان تک جلسه ای,1000000 تومان,9-10-11-12,دبستان 2(9 تا 12 سال)
"باشگاه ورزشی اوتانا نجف آباد
(شماره تماس: 09133312400)
آدرس: نجف آباد، خیابان امام خمینی، نبش خیابان فارابی",چربی سوزی بانوان 12 جلسه,150000 تومان,9-10-11-12,دبستان 2(9 تا 12 سال)
"باشگاه ورزشی اوتانا نجف آباد
(شماره تماس: 09133312400)
آدرس: نجف آباد، خیابان امام خمینی، نبش خیابان فارابی",TRX بانوان تک جلسه ای,1000000 تومان,9-10-11-12,دبستان 2(9 تا 12 سال)
"باشگاه ورزشی اوتانا نجف آباد
(شماره تماس: 09133312400)
آدرس: نجف آباد، خیابان امام خمینی، نبش خیابان فارابی",TRX بانوان 12 جلسه,150000 تومان,9-10-11-12,دبستان 2(9 تا 12 سال)
"باشگاه ورزشی اوتانا نجف آباد
(شماره تماس: 09133312400)
آدرس: نجف آباد، خیابان امام خمینی، نبش خیابان فارابی",کاردیو زوم بانوان تک جلسه ای,1000000 تومان,9-10-11-12,دبستان 2(9 تا 12 سال)
"باشگاه ورزشی اوتانا نجف آباد
(شماره تماس: 09133312400)
آدرس: نجف آباد، خیابان امام خمینی، نبش خیابان فارابی",کاردیو زوم بانوان 12 جلسه,150000 تومان,9-10-11-12,دبستان 2(9 تا 12 سال)
"باشگاه ورزشی اوتانا نجف آباد
(شماره تماس: 09133312400)
آدرس: نجف آباد، خیابان امام خمینی، نبش خیابان فارابی",حرکات اصلاحی-فیتنس بانوان تک جلسه ای,1000000 تومان,9-10-11-12,دبستان 2(9 تا 12 سال)
"باشگاه ورزشی اوتانا نجف آباد
(شماره تماس: 09133312400)
آدرس: نجف آباد، خیابان امام خمینی، نبش خیابان فارابی",حرکات اصلاحی-فیتنس بانوان 12 جلسه,150000 تومان,9-10-11-12,دبستان 2(9 تا 12 سال)
"باشگاه ورزشی اوتانا نجف آباد
(شماره تماس: 09133312400)
آدرس: نجف آباد، خیابان امام خمینی، نبش خیابان فارابی",CX-TRX بانوان تک جلسه ای,1000000 تومان,9-10-11-12,دبستان 2(9 تا 12 سال)
"باشگاه ورزشی اوتانا نجف آباد
(شماره تماس: 09133312400)
آدرس: نجف آباد، خیابان امام خمینی، نبش خیابان فارابی",CX-TRX بانوان 12 جلسه,150000 تومان,9-10-11-12,دبستان 2(9 تا 12 سال)
"باشگاه ورزشی اوتانا نجف آباد
(شماره تماس: 09133312400)
آدرس: نجف آباد، خیابان امام خمینی، نبش خیابان فارابی",ایروفیت بانوان تک جلسه ای,1000000 تومان,9-10-11-12,دبستان 2(9 تا 12 سال)
"باشگاه ورزشی اوتانا نجف آباد
(شماره تماس: 09133312400)
آدرس: نجف آباد، خیابان امام خمینی، نبش خیابان فارابی",ایروفیت بانوان 12 جلسه,150000 تومان,9-10-11-12,دبستان 2(9 تا 12 سال)
"باشگاه ورزشی اوتانا نجف آباد
(شماره تماس: 09133312400)
آدرس: نجف آباد، خیابان امام خمینی، نبش خیابان فارابی",کاردیوفیت بانوان تک جلسه ای,1000000 تومان,9-10-11-12,دبستان 2(9 تا 12 سال)
"باشگاه ورزشی اوتانا نجف آباد
(شماره تماس: 09133312400)
آدرس: نجف آباد، خیابان امام خمینی، نبش خیابان فارابی",کاردیوفیت بانوان 12 جلسه,150000 تومان,9-10-11-12,دبستان 2(9 تا 12 سال)
"باشگاه ورزشی اوتانا نجف آباد
(شماره تماس: 09133312400)
آدرس: نجف آباد، خیابان امام خمینی، نبش خیابان فارابی",حرکات اصلاحی بانوان تک جلسه ای,1000000 تومان,9-10-11-12,دبستان 2(9 تا 12 سال)
"باشگاه ورزشی اوتانا نجف آباد
(شماره تماس: 09133312400)
آدرس: نجف آباد، خیابان امام خمینی، نبش خیابان فارابی",حرکات اصلاحی بانوان 12 جلسه,150000 تومان,9-10-11-12,دبستان 2(9 تا 12 سال)
"باشگاه ورزشی اوتانا نجف آباد
(شماره تماس: 09133312400)
آدرس: نجف آباد، خیابان امام خمینی، نبش خیابان فارابی",جامپینگ بانوان تک جلسه ای,1000000 تومان,9-10-11-12,دبستان 2(9 تا 12 سال)
"باشگاه ورزشی اوتانا نجف آباد
(شماره تماس: 09133312400)
آدرس: نجف آباد، خیابان امام خمینی، نبش خیابان فارابی",جامپینگ بانوان 12 جلسه,150000 تومان,9-10-11-12,دبستان 2(9 تا 12 سال)
"باشگاه ورزشی اوتانا نجف آباد
(شماره تماس: 09133312400)
آدرس: نجف آباد، خیابان امام خمینی، نبش خیابان فارابی",CX و حرکات اصلاحی بانوان تک جلسه ای,1000000 تومان,9-10-11-12,دبستان 2(9 تا 12 سال)
"باشگاه ورزشی اوتانا نجف آباد
(شماره تماس: 09133312400)
آدرس: نجف آباد، خیابان امام خمینی، نبش خیابان فارابی",CX و حرکات اصلاحی بانوان 12 جلسه,150000 تومان,9-10-11-12,دبستان 2(9 تا 12 سال)
"باشگاه ورزشی اوتانا نجف آباد
(شماره تماس: 09133312400)
آدرس: نجف آباد، خیابان امام خمینی، نبش خیابان فارابی",TRX ترکیبی بانوان تک جلسه ای,1000000 تومان,9-10-11-12,دبستان 2(9 تا 12 سال)
"باشگاه ورزشی اوتانا نجف آباد
(شماره تماس: 09133312400)
آدرس: نجف آباد، خیابان امام خمینی، نبش خیابان فارابی",TRX ترکیبی بانوان 12 جلسه,150000 تومان,9-10-11-12,دبستان 2(9 تا 12 سال)
"باشگاه ورزشی اوتانا نجف آباد
(شماره تماس: 09133312400)
آدرس: نجف آباد، خیابان امام خمینی، نبش خیابان فارابی",فانکشنال بانوان تک جلسه ای,1000000 تومان,9-10-11-12,دبستان 2(9 تا 12 سال)
"باشگاه ورزشی اوتانا نجف آباد
(شماره تماس: 09133312400)
آدرس: نجف آباد، خیابان امام خمینی، نبش خیابان فارابی",فانکشنال بانوان 12 جلسه,150000 تومان,9-10-11-12,دبستان 2(9 تا 12 سال)
"باشگاه ورزشی اوتانا نجف آباد
(شماره تماس: 09133312400)
آدرس: نجف آباد، خیابان امام خمینی، نبش خیابان فارابی",ایروبیک CX بانوان تک جلسه ای,1000000 تومان,9-10-11-12,دبستان 2(9 تا 12 سال)
"باشگاه ورزشی اوتانا نجف آباد
(شماره تماس: 09133312400)
آدرس: نجف آباد، خیابان امام خمینی، نبش خیابان فارابی",ایروبیک CX  بانوان 12 جلسه,150000 تومان,9-10-11-12,دبستان 2(9 تا 12 سال)
"باشگاه ورزشی اوتانا نجف آباد
(شماره تماس: 09133312400)
آدرس: نجف آباد، خیابان امام خمینی، نبش خیابان فارابی",بدنسازی آقایان 24 جلسه,1000000 تومان,12-13-14-15,متوسطه 1(12 تا 15 سال)
"باشگاه ورزشی اوتانا نجف آباد
(شماره تماس: 09133312400)
آدرس: نجف آباد، خیابان امام خمینی، نبش خیابان فارابی",بدنسازی بانوان 12 جلسه,1400000 تومان,12-13-14-15,متوسطه 1(12 تا 15 سال)
"باشگاه ورزشی اوتانا نجف آباد
(شماره تماس: 09133312400)
آدرس: نجف آباد، خیابان امام خمینی، نبش خیابان فارابی",بدنسازی بانوان 24 جلسه,1000000 تومان,12-13-14-15,متوسطه 1(12 تا 15 سال)
"باشگاه ورزشی اوتانا نجف آباد
(شماره تماس: 09133312400)
آدرس: نجف آباد، خیابان امام خمینی، نبش خیابان فارابی",فیتنس بانوان تک جلسه ای,1400000 تومان,12-13-14-15,متوسطه 1(12 تا 15 سال)
"باشگاه ورزشی اوتانا نجف آباد
(شماره تماس: 09133312400)
آدرس: نجف آباد، خیابان امام خمینی، نبش خیابان فارابی",فیتنس بانوان 12 جلسه,150000 تومان,12-13-14-15,متوسطه 1(12 تا 15 سال)
"باشگاه ورزشی اوتانا نجف آباد
(شماره تماس: 09133312400)
آدرس: نجف آباد، خیابان امام خمینی، نبش خیابان فارابی",زوم فیت بانوان تک جلسه ای,1000000 تومان,12-13-14-15,متوسطه 1(12 تا 15 سال)
"باشگاه ورزشی اوتانا نجف آباد
(شماره تماس: 09133312400)
آدرس: نجف آباد، خیابان امام خمینی، نبش خیابان فارابی",زوم فیت بانوان 12 جلسه,150000 تومان,12-13-14-15,متوسطه 1(12 تا 15 سال)
"باشگاه ورزشی اوتانا نجف آباد
(شماره تماس: 09133312400)
آدرس: نجف آباد، خیابان امام خمینی، نبش خیابان فارابی",ایروبیک CX  بانوان تک جلسه ای,1000000 تومان,12-13-14-15,متوسطه 1(12 تا 15 سال)
"باشگاه ورزشی اوتانا نجف آباد
(شماره تماس: 09133312400)
آدرس: نجف آباد، خیابان امام خمینی، نبش خیابان فارابی",ایروبیک CX  بانوان 12 جلسه,150000 تومان,12-13-14-15,متوسطه 1(12 تا 15 سال)
"باشگاه ورزشی اوتانا نجف آباد
(شماره تماس: 09133312400)
آدرس: نجف آباد، خیابان امام خمینی، نبش خیابان فارابی",پیلاتس بانوان تک جلسه ای,1000000 تومان,12-13-14-15,متوسطه 1(12 تا 15 سال)
"باشگاه ورزشی اوتانا نجف آباد
(شماره تماس: 09133312400)
آدرس: نجف آباد، خیابان امام خمینی، نبش خیابان فارابی",پیلاتس بانوان 12 جلسه,150000 تومان,12-13-14-15,متوسطه 1(12 تا 15 سال)
"باشگاه ورزشی اوتانا نجف آباد
(شماره تماس: 09133312400)
آدرس: نجف آباد، خیابان امام خمینی، نبش خیابان فارابی",چربی سوزی بانوان تک جلسه ای,1000000 تومان,12-13-14-15,متوسطه 1(12 تا 15 سال)
"باشگاه ورزشی اوتانا نجف آباد
(شماره تماس: 09133312400)
آدرس: نجف آباد، خیابان امام خمینی، نبش خیابان فارابی",چربی سوزی بانوان 12 جلسه,150000 تومان,12-13-14-15,متوسطه 1(12 تا 15 سال)
"باشگاه ورزشی اوتانا نجف آباد
(شماره تماس: 09133312400)
آدرس: نجف آباد، خیابان امام خمینی، نبش خیابان فارابی",TRX بانوان تک جلسه ای,1000000 تومان,12-13-14-15,متوسطه 1(12 تا 15 سال)
"باشگاه ورزشی اوتانا نجف آباد
(شماره تماس: 09133312400)
آدرس: نجف آباد، خیابان امام خمینی، نبش خیابان فارابی",TRX بانوان 12 جلسه,150000 تومان,12-13-14-15,متوسطه 1(12 تا 15 سال)
"باشگاه ورزشی اوتانا نجف آباد
(شماره تماس: 09133312400)
آدرس: نجف آباد، خیابان امام خمینی، نبش خیابان فارابی",کاردیو زوم بانوان تک جلسه ای,1000000 تومان,12-13-14-15,متوسطه 1(12 تا 15 سال)
"باشگاه ورزشی اوتانا نجف آباد
(شماره تماس: 09133312400)
آدرس: نجف آباد، خیابان امام خمینی، نبش خیابان فارابی",کاردیو زوم بانوان 12 جلسه,150000 تومان,12-13-14-15,متوسطه 1(12 تا 15 سال)
"باشگاه ورزشی اوتانا نجف آباد
(شماره تماس: 09133312400)
آدرس: نجف آباد، خیابان امام خمینی، نبش خیابان فارابی",حرکات اصلاحی-فیتنس بانوان تک جلسه ای,1000000 تومان,12-13-14-15,متوسطه 1(12 تا 15 سال)
"باشگاه ورزشی اوتانا نجف آباد
(شماره تماس: 09133312400)
آدرس: نجف آباد، خیابان امام خمینی، نبش خیابان فارابی",حرکات اصلاحی-فیتنس بانوان 12 جلسه,150000 تومان,12-13-14-15,متوسطه 1(12 تا 15 سال)
"باشگاه ورزشی اوتانا نجف آباد
(شماره تماس: 09133312400)
آدرس: نجف آباد، خیابان امام خمینی، نبش خیابان فارابی",CX-TRX بانوان تک جلسه ای,1000000 تومان,12-13-14-15,متوسطه 1(12 تا 15 سال)
"باشگاه ورزشی اوتانا نجف آباد
(شماره تماس: 09133312400)
آدرس: نجف آباد، خیابان امام خمینی، نبش خیابان فارابی",CX-TRX بانوان 12 جلسه,150000 تومان,12-13-14-15,متوسطه 1(12 تا 15 سال)
"باشگاه ورزشی اوتانا نجف آباد
(شماره تماس: 09133312400)
آدرس: نجف آباد، خیابان امام خمینی، نبش خیابان فارابی",ایروفیت بانوان تک جلسه ای,1000000 تومان,12-13-14-15,متوسطه 1(12 تا 15 سال)
"باشگاه ورزشی اوتانا نجف آباد
(شماره تماس: 09133312400)
آدرس: نجف آباد، خیابان امام خمینی، نبش خیابان فارابی",ایروفیت بانوان 12 جلسه,150000 تومان,12-13-14-15,متوسطه 1(12 تا 15 سال)
"باشگاه ورزشی اوتانا نجف آباد
(شماره تماس: 09133312400)
آدرس: نجف آباد، خیابان امام خمینی، نبش خیابان فارابی",کاردیوفیت بانوان تک جلسه ای,1000000 تومان,12-13-14-15,متوسطه 1(12 تا 15 سال)
"باشگاه ورزشی اوتانا نجف آباد
(شماره تماس: 09133312400)
آدرس: نجف آباد، خیابان امام خمینی، نبش خیابان فارابی",کاردیوفیت بانوان 12 جلسه,150000 تومان,12-13-14-15,متوسطه 1(12 تا 15 سال)
"باشگاه ورزشی اوتانا نجف آباد
(شماره تماس: 09133312400)
آدرس: نجف آباد، خیابان امام خمینی، نبش خیابان فارابی",حرکات اصلاحی بانوان تک جلسه ای,1000000 تومان,12-13-14-15,متوسطه 1(12 تا 15 سال)
"باشگاه ورزشی اوتانا نجف آباد
(شماره تماس: 09133312400)
آدرس: نجف آباد، خیابان امام خمینی، نبش خیابان فارابی",حرکات اصلاحی بانوان 12 جلسه,150000 تومان,12-13-14-15,متوسطه 1(12 تا 15 سال)
"باشگاه ورزشی اوتانا نجف آباد
(شماره تماس: 09133312400)
آدرس: نجف آباد، خیابان امام خمینی، نبش خیابان فارابی",جامپینگ بانوان تک جلسه ای,1000000 تومان,12-13-14-15,متوسطه 1(12 تا 15 سال)
"باشگاه ورزشی اوتانا نجف آباد
(شماره تماس: 09133312400)
آدرس: نجف آباد، خیابان امام خمینی، نبش خیابان فارابی",جامپینگ بانوان 12 جلسه,150000 تومان,12-13-14-15,متوسطه 1(12 تا 15 سال)
"باشگاه ورزشی اوتانا نجف آباد
(شماره تماس: 09133312400)
آدرس: نجف آباد، خیابان امام خمینی، نبش خیابان فارابی",CX و حرکات اصلاحی بانوان تک جلسه ای,1000000 تومان,12-13-14-15,متوسطه 1(12 تا 15 سال)
"باشگاه ورزشی اوتانا نجف آباد
(شماره تماس: 09133312400)
آدرس: نجف آباد، خیابان امام خمینی، نبش خیابان فارابی",CX و حرکات اصلاحی بانوان 12 جلسه,150000 تومان,12-13-14-15,متوسطه 1(12 تا 15 سال)
"باشگاه ورزشی اوتانا نجف آباد
(شماره تماس: 09133312400)
آدرس: نجف آباد، خیابان امام خمینی، نبش خیابان فارابی",TRX ترکیبی بانوان تک جلسه ای,1000000 تومان,12-13-14-15,متوسطه 1(12 تا 15 سال)
"باشگاه ورزشی اوتانا نجف آباد
(شماره تماس: 09133312400)
آدرس: نجف آباد، خیابان امام خمینی، نبش خیابان فارابی",TRX ترکیبی بانوان 12 جلسه,150000 تومان,12-13-14-15,متوسطه 1(12 تا 15 سال)
"باشگاه ورزشی اوتانا نجف آباد
(شماره تماس: 09133312400)
آدرس: نجف آباد، خیابان امام خمینی، نبش خیابان فارابی",فانکشنال بانوان تک جلسه ای,1000000 تومان,12-13-14-15,متوسطه 1(12 تا 15 سال)
"باشگاه ورزشی اوتانا نجف آباد
(شماره تماس: 09133312400)
آدرس: نجف آباد، خیابان امام خمینی، نبش خیابان فارابی",فانکشنال بانوان 12 جلسه,150000 تومان,12-13-14-15,متوسطه 1(12 تا 15 سال)
"باشگاه ورزشی اوتانا نجف آباد
(شماره تماس: 09133312400)
آدرس: نجف آباد، خیابان امام خمینی، نبش خیابان فارابی",ایروبیک CX بانوان تک جلسه ای,1000000 تومان,12-13-14-15,متوسطه 1(12 تا 15 سال)
"باشگاه ورزشی اوتانا نجف آباد
(شماره تماس: 09133312400)
آدرس: نجف آباد، خیابان امام خمینی، نبش خیابان فارابی",ایروبیک CX  بانوان 12 جلسه,150000 تومان,12-13-14-15,متوسطه 1(12 تا 15 سال)
"باشگاه ورزشی اوتانا نجف آباد
(شماره تماس: 09133312400)
آدرس: نجف آباد، خیابان امام خمینی، نبش خیابان فارابی",بدنسازی آقایان 24 جلسه,1000000 تومان,15-16-17-18,متوسطه 2(15 تا 18 سال)
"باشگاه ورزشی اوتانا نجف آباد
(شماره تماس: 09133312400)
آدرس: نجف آباد، خیابان امام خمینی، نبش خیابان فارابی",بدنسازی بانوان 12 جلسه,1400000 تومان,15-16-17-18,متوسطه 2(15 تا 18 سال)
"باشگاه ورزشی اوتانا نجف آباد
(شماره تماس: 09133312400)
آدرس: نجف آباد، خیابان امام خمینی، نبش خیابان فارابی",بدنسازی بانوان 24 جلسه,1000000 تومان,15-16-17-18,متوسطه 2(15 تا 18 سال)
"باشگاه ورزشی اوتانا نجف آباد
(شماره تماس: 09133312400)
آدرس: نجف آباد، خیابان امام خمینی، نبش خیابان فارابی",فیتنس بانوان تک جلسه ای,1400000 تومان,15-16-17-18,متوسطه 2(15 تا 18 سال)
"باشگاه ورزشی اوتانا نجف آباد
(شماره تماس: 09133312400)
آدرس: نجف آباد، خیابان امام خمینی، نبش خیابان فارابی",فیتنس بانوان 12 جلسه,150000 تومان,15-16-17-18,متوسطه 2(15 تا 18 سال)
"باشگاه ورزشی اوتانا نجف آباد
(شماره تماس: 09133312400)
آدرس: نجف آباد، خیابان امام خمینی، نبش خیابان فارابی",زوم فیت بانوان تک جلسه ای,1000000 تومان,15-16-17-18,متوسطه 2(15 تا 18 سال)
"باشگاه ورزشی اوتانا نجف آباد
(شماره تماس: 09133312400)
آدرس: نجف آباد، خیابان امام خمینی، نبش خیابان فارابی",زوم فیت بانوان 12 جلسه,150000 تومان,15-16-17-18,متوسطه 2(15 تا 18 سال)
"باشگاه ورزشی اوتانا نجف آباد
(شماره تماس: 09133312400)
آدرس: نجف آباد، خیابان امام خمینی، نبش خیابان فارابی",ایروبیک CX  بانوان تک جلسه ای,1000000 تومان,15-16-17-18,متوسطه 2(15 تا 18 سال)
"باشگاه ورزشی اوتانا نجف آباد
(شماره تماس: 09133312400)
آدرس: نجف آباد، خیابان امام خمینی، نبش خیابان فارابی",ایروبیک CX  بانوان 12 جلسه,150000 تومان,15-16-17-18,متوسطه 2(15 تا 18 سال)
"باشگاه ورزشی اوتانا نجف آباد
(شماره تماس: 09133312400)
آدرس: نجف آباد، خیابان امام خمینی، نبش خیابان فارابی",پیلاتس بانوان تک جلسه ای,1000000 تومان,15-16-17-18,متوسطه 2(15 تا 18 سال)
"باشگاه ورزشی اوتانا نجف آباد
(شماره تماس: 09133312400)
آدرس: نجف آباد، خیابان امام خمینی، نبش خیابان فارابی",پیلاتس بانوان 12 جلسه,150000 تومان,15-16-17-18,متوسطه 2(15 تا 18 سال)
"باشگاه ورزشی اوتانا نجف آباد
(شماره تماس: 09133312400)
آدرس: نجف آباد، خیابان امام خمینی، نبش خیابان فارابی",چربی سوزی بانوان تک جلسه ای,1000000 تومان,15-16-17-18,متوسطه 2(15 تا 18 سال)
"باشگاه ورزشی اوتانا نجف آباد
(شماره تماس: 09133312400)
آدرس: نجف آباد، خیابان امام خمینی، نبش خیابان فارابی",چربی سوزی بانوان 12 جلسه,150000 تومان,15-16-17-18,متوسطه 2(15 تا 18 سال)
"باشگاه ورزشی اوتانا نجف آباد
(شماره تماس: 09133312400)
آدرس: نجف آباد، خیابان امام خمینی، نبش خیابان فارابی",TRX بانوان تک جلسه ای,1000000 تومان,15-16-17-18,متوسطه 2(15 تا 18 سال)
"باشگاه ورزشی اوتانا نجف آباد
(شماره تماس: 09133312400)
آدرس: نجف آباد، خیابان امام خمینی، نبش خیابان فارابی",TRX بانوان 12 جلسه,150000 تومان,15-16-17-18,متوسطه 2(15 تا 18 سال)
"باشگاه ورزشی اوتانا نجف آباد
(شماره تماس: 09133312400)
آدرس: نجف آباد، خیابان امام خمینی، نبش خیابان فارابی",کاردیو زوم بانوان تک جلسه ای,1000000 تومان,15-16-17-18,متوسطه 2(15 تا 18 سال)
"باشگاه ورزشی اوتانا نجف آباد
(شماره تماس: 09133312400)
آدرس: نجف آباد، خیابان امام خمینی، نبش خیابان فارابی",کاردیو زوم بانوان 12 جلسه,150000 تومان,15-16-17-18,متوسطه 2(15 تا 18 سال)
"باشگاه ورزشی اوتانا نجف آباد
(شماره تماس: 09133312400)
آدرس: نجف آباد، خیابان امام خمینی، نبش خیابان فارابی",حرکات اصلاحی-فیتنس بانوان تک جلسه ای,1000000 تومان,15-16-17-18,متوسطه 2(15 تا 18 سال)
"باشگاه ورزشی اوتانا نجف آباد
(شماره تماس: 09133312400)
آدرس: نجف آباد، خیابان امام خمینی، نبش خیابان فارابی",حرکات اصلاحی-فیتنس بانوان 12 جلسه,150000 تومان,15-16-17-18,متوسطه 2(15 تا 18 سال)
"باشگاه ورزشی اوتانا نجف آباد
(شماره تماس: 09133312400)
آدرس: نجف آباد، خیابان امام خمینی، نبش خیابان فارابی",CX-TRX بانوان تک جلسه ای,1000000 تومان,15-16-17-18,متوسطه 2(15 تا 18 سال)
"باشگاه ورزشی اوتانا نجف آباد
(شماره تماس: 09133312400)
آدرس: نجف آباد، خیابان امام خمینی، نبش خیابان فارابی",CX-TRX بانوان 12 جلسه,150000 تومان,15-16-17-18,متوسطه 2(15 تا 18 سال)
"باشگاه ورزشی اوتانا نجف آباد
(شماره تماس: 09133312400)
آدرس: نجف آباد، خیابان امام خمینی، نبش خیابان فارابی",ایروفیت بانوان تک جلسه ای,1000000 تومان,15-16-17-18,متوسطه 2(15 تا 18 سال)
"باشگاه ورزشی اوتانا نجف آباد
(شماره تماس: 09133312400)
آدرس: نجف آباد، خیابان امام خمینی، نبش خیابان فارابی",ایروفیت بانوان 12 جلسه,150000 تومان,15-16-17-18,متوسطه 2(15 تا 18 سال)
"باشگاه ورزشی اوتانا نجف آباد
(شماره تماس: 09133312400)
آدرس: نجف آباد، خیابان امام خمینی، نبش خیابان فارابی",کاردیوفیت بانوان تک جلسه ای,1000000 تومان,15-16-17-18,متوسطه 2(15 تا 18 سال)
"باشگاه ورزشی اوتانا نجف آباد
(شماره تماس: 09133312400)
آدرس: نجف آباد، خیابان امام خمینی، نبش خیابان فارابی",کاردیوفیت بانوان 12 جلسه,150000 تومان,15-16-17-18,متوسطه 2(15 تا 18 سال)
"باشگاه ورزشی اوتانا نجف آباد
(شماره تماس: 09133312400)
آدرس: نجف آباد، خیابان امام خمینی، نبش خیابان فارابی",حرکات اصلاحی بانوان تک جلسه ای,1000000 تومان,15-16-17-18,متوسطه 2(15 تا 18 سال)
"باشگاه ورزشی اوتانا نجف آباد
(شماره تماس: 09133312400)
آدرس: نجف آباد، خیابان امام خمینی، نبش خیابان فارابی",حرکات اصلاحی بانوان 12 جلسه,150000 تومان,15-16-17-18,متوسطه 2(15 تا 18 سال)
"باشگاه ورزشی اوتانا نجف آباد
(شماره تماس: 09133312400)
آدرس: نجف آباد، خیابان امام خمینی، نبش خیابان فارابی",جامپینگ بانوان تک جلسه ای,1000000 تومان,15-16-17-18,متوسطه 2(15 تا 18 سال)
"باشگاه ورزشی اوتانا نجف آباد
(شماره تماس: 09133312400)
آدرس: نجف آباد، خیابان امام خمینی، نبش خیابان فارابی",جامپینگ بانوان 12 جلسه,150000 تومان,15-16-17-18,متوسطه 2(15 تا 18 سال)
"باشگاه ورزشی اوتانا نجف آباد
(شماره تماس: 09133312400)
آدرس: نجف آباد، خیابان امام خمینی، نبش خیابان فارابی",CX و حرکات اصلاحی بانوان تک جلسه ای,1000000 تومان,15-16-17-18,متوسطه 2(15 تا 18 سال)
"باشگاه ورزشی اوتانا نجف آباد
(شماره تماس: 09133312400)
آدرس: نجف آباد، خیابان امام خمینی، نبش خیابان فارابی",CX و حرکات اصلاحی بانوان 12 جلسه,150000 تومان,15-16-17-18,متوسطه 2(15 تا 18 سال)
"باشگاه ورزشی اوتانا نجف آباد
(شماره تماس: 09133312400)
آدرس: نجف آباد، خیابان امام خمینی، نبش خیابان فارابی",TRX ترکیبی بانوان تک جلسه ای,1000000 تومان,15-16-17-18,متوسطه 2(15 تا 18 سال)
"باشگاه ورزشی اوتانا نجف آباد
(شماره تماس: 09133312400)
آدرس: نجف آباد، خیابان امام خمینی، نبش خیابان فارابی",TRX ترکیبی بانوان 12 جلسه,150000 تومان,15-16-17-18,متوسطه 2(15 تا 18 سال)
"باشگاه ورزشی اوتانا نجف آباد
(شماره تماس: 09133312400)
آدرس: نجف آباد، خیابان امام خمینی، نبش خیابان فارابی",فانکشنال بانوان تک جلسه ای,1000000 تومان,15-16-17-18,متوسطه 2(15 تا 18 سال)
"باشگاه ورزشی اوتانا نجف آباد
(شماره تماس: 09133312400)
آدرس: نجف آباد، خیابان امام خمینی، نبش خیابان فارابی",فانکشنال بانوان 12 جلسه,150000 تومان,15-16-17-18,متوسطه 2(15 تا 18 سال)
"باشگاه ورزشی اوتانا نجف آباد
(شماره تماس: 09133312400)
آدرس: نجف آباد، خیابان امام خمینی، نبش خیابان فارابی",ایروبیک CX بانوان تک جلسه ای,1000000 تومان,15-16-17-18,متوسطه 2(15 تا 18 سال)
"باشگاه ورزشی اوتانا نجف آباد
(شماره تماس: 09133312400)
آدرس: نجف آباد، خیابان امام خمینی، نبش خیابان فارابی",ایروبیک CX  بانوان 12 جلسه,150000 تومان,15-16-17-18,متوسطه 2(15 تا 18 سال)
"باشگاه ورزشی اوتانا نجف آباد
(شماره تماس: 09133312400)
آدرس: نجف آباد، خیابان امام خمینی، نبش خیابان فارابی",بدنسازی آقایان 24 جلسه,1000000 تومان,19-...,بزرگسالان ( فرزندان-18 سال به بالا)
"باشگاه ورزشی اوتانا نجف آباد
(شماره تماس: 09133312400)
آدرس: نجف آباد، خیابان امام خمینی، نبش خیابان فارابی",بدنسازی بانوان 12 جلسه,1400000 تومان,19-...,بزرگسالان ( فرزندان-18 سال به بالا)
"باشگاه ورزشی اوتانا نجف آباد
(شماره تماس: 09133312400)
آدرس: نجف آباد، خیابان امام خمینی، نبش خیابان فارابی",بدنسازی بانوان 24 جلسه,1000000 تومان,19-...,بزرگسالان ( فرزندان-18 سال به بالا)
"باشگاه ورزشی اوتانا نجف آباد
(شماره تماس: 09133312400)
آدرس: نجف آباد، خیابان امام خمینی، نبش خیابان فارابی",فیتنس بانوان تک جلسه ای,1400000 تومان,19-...,بزرگسالان ( فرزندان-18 سال به بالا)
"باشگاه ورزشی اوتانا نجف آباد
(شماره تماس: 09133312400)
آدرس: نجف آباد، خیابان امام خمینی، نبش خیابان فارابی",فیتنس بانوان 12 جلسه,150000 تومان,19-...,بزرگسالان ( فرزندان-18 سال به بالا)
"باشگاه ورزشی اوتانا نجف آباد
(شماره تماس: 09133312400)
آدرس: نجف آباد، خیابان امام خمینی، نبش خیابان فارابی",زوم فیت بانوان تک جلسه ای,1000000 تومان,19-...,بزرگسالان ( فرزندان-18 سال به بالا)
"باشگاه ورزشی اوتانا نجف آباد
(شماره تماس: 09133312400)
آدرس: نجف آباد، خیابان امام خمینی، نبش خیابان فارابی",زوم فیت بانوان 12 جلسه,150000 تومان,19-...,بزرگسالان ( فرزندان-18 سال به بالا)
"باشگاه ورزشی اوتانا نجف آباد
(شماره تماس: 09133312400)
آدرس: نجف آباد، خیابان امام خمینی، نبش خیابان فارابی",ایروبیک CX  بانوان تک جلسه ای,1000000 تومان,19-...,بزرگسالان ( فرزندان-18 سال به بالا)
"باشگاه ورزشی اوتانا نجف آباد
(شماره تماس: 09133312400)
آدرس: نجف آباد، خیابان امام خمینی، نبش خیابان فارابی",ایروبیک CX  بانوان 12 جلسه,150000 تومان,19-...,بزرگسالان ( فرزندان-18 سال به بالا)
"باشگاه ورزشی اوتانا نجف آباد
(شماره تماس: 09133312400)
آدرس: نجف آباد، خیابان امام خمینی، نبش خیابان فارابی",پیلاتس بانوان تک جلسه ای,1000000 تومان,19-...,بزرگسالان ( فرزندان-18 سال به بالا)
"باشگاه ورزشی اوتانا نجف آباد
(شماره تماس: 09133312400)
آدرس: نجف آباد، خیابان امام خمینی، نبش خیابان فارابی",پیلاتس بانوان 12 جلسه,150000 تومان,19-...,بزرگسالان ( فرزندان-18 سال به بالا)
"باشگاه ورزشی اوتانا نجف آباد
(شماره تماس: 09133312400)
آدرس: نجف آباد، خیابان امام خمینی، نبش خیابان فارابی",چربی سوزی بانوان تک جلسه ای,1000000 تومان,19-...,بزرگسالان ( فرزندان-18 سال به بالا)
"باشگاه ورزشی اوتانا نجف آباد
(شماره تماس: 09133312400)
آدرس: نجف آباد، خیابان امام خمینی، نبش خیابان فارابی",چربی سوزی بانوان 12 جلسه,150000 تومان,19-...,بزرگسالان ( فرزندان-18 سال به بالا)
"باشگاه ورزشی اوتانا نجف آباد
(شماره تماس: 09133312400)
آدرس: نجف آباد، خیابان امام خمینی، نبش خیابان فارابی",TRX بانوان تک جلسه ای,1000000 تومان,19-...,بزرگسالان ( فرزندان-18 سال به بالا)
"باشگاه ورزشی اوتانا نجف آباد
(شماره تماس: 09133312400)
آدرس: نجف آباد، خیابان امام خمینی، نبش خیابان فارابی",TRX بانوان 12 جلسه,150000 تومان,19-...,بزرگسالان ( فرزندان-18 سال به بالا)
"باشگاه ورزشی اوتانا نجف آباد
(شماره تماس: 09133312400)
آدرس: نجف آباد، خیابان امام خمینی، نبش خیابان فارابی",کاردیو زوم بانوان تک جلسه ای,1000000 تومان,19-...,بزرگسالان ( فرزندان-18 سال به بالا)
"باشگاه ورزشی اوتانا نجف آباد
(شماره تماس: 09133312400)
آدرس: نجف آباد، خیابان امام خمینی، نبش خیابان فارابی",کاردیو زوم بانوان 12 جلسه,150000 تومان,19-...,بزرگسالان ( فرزندان-18 سال به بالا)
"باشگاه ورزشی اوتانا نجف آباد
(شماره تماس: 09133312400)
آدرس: نجف آباد، خیابان امام خمینی، نبش خیابان فارابی",حرکات اصلاحی-فیتنس بانوان تک جلسه ای,1000000 تومان,19-...,بزرگسالان ( فرزندان-18 سال به بالا)
"باشگاه ورزشی اوتانا نجف آباد
(شماره تماس: 09133312400)
آدرس: نجف آباد، خیابان امام خمینی، نبش خیابان فارابی",حرکات اصلاحی-فیتنس بانوان 12 جلسه,150000 تومان,19-...,بزرگسالان ( فرزندان-18 سال به بالا)
"باشگاه ورزشی اوتانا نجف آباد
(شماره تماس: 09133312400)
آدرس: نجف آباد، خیابان امام خمینی، نبش خیابان فارابی",CX-TRX بانوان تک جلسه ای,1000000 تومان,19-...,بزرگسالان ( فرزندان-18 سال به بالا)
"باشگاه ورزشی اوتانا نجف آباد
(شماره تماس: 09133312400)
آدرس: نجف آباد، خیابان امام خمینی، نبش خیابان فارابی",CX-TRX بانوان 12 جلسه,150000 تومان,19-...,بزرگسالان ( فرزندان-18 سال به بالا)
"باشگاه ورزشی اوتانا نجف آباد
(شماره تماس: 09133312400)
آدرس: نجف آباد، خیابان امام خمینی، نبش خیابان فارابی",ایروفیت بانوان تک جلسه ای,1000000 تومان,19-...,بزرگسالان ( فرزندان-18 سال به بالا)
"باشگاه ورزشی اوتانا نجف آباد
(شماره تماس: 09133312400)
آدرس: نجف آباد، خیابان امام خمینی، نبش خیابان فارابی",ایروفیت بانوان 12 جلسه,150000 تومان,19-...,بزرگسالان ( فرزندان-18 سال به بالا)
"باشگاه ورزشی اوتانا نجف آباد
(شماره تماس: 09133312400)
آدرس: نجف آباد، خیابان امام خمینی، نبش خیابان فارابی",کاردیوفیت بانوان تک جلسه ای,1000000 تومان,19-...,بزرگسالان ( فرزندان-18 سال به بالا)
"باشگاه ورزشی اوتانا نجف آباد
(شماره تماس: 09133312400)
آدرس: نجف آباد، خیابان امام خمینی، نبش خیابان فارابی",کاردیوفیت بانوان 12 جلسه,150000 تومان,19-...,بزرگسالان ( فرزندان-18 سال به بالا)
"باشگاه ورزشی اوتانا نجف آباد
(شماره تماس: 09133312400)
آدرس: نجف آباد، خیابان امام خمینی، نبش خیابان فارابی",حرکات اصلاحی بانوان تک جلسه ای,1000000 تومان,19-...,بزرگسالان ( فرزندان-18 سال به بالا)
"باشگاه ورزشی اوتانا نجف آباد
(شماره تماس: 09133312400)
آدرس: نجف آباد، خیابان امام خمینی، نبش خیابان فارابی",حرکات اصلاحی بانوان 12 جلسه,150000 تومان,19-...,بزرگسالان ( فرزندان-18 سال به بالا)
"باشگاه ورزشی اوتانا نجف آباد
(شماره تماس: 09133312400)
آدرس: نجف آباد، خیابان امام خمینی، نبش خیابان فارابی",جامپینگ بانوان تک جلسه ای,1000000 تومان,19-...,بزرگسالان ( فرزندان-18 سال به بالا)
"باشگاه ورزشی اوتانا نجف آباد
(شماره تماس: 09133312400)
آدرس: نجف آباد، خیابان امام خمینی، نبش خیابان فارابی",جامپینگ بانوان 12 جلسه,150000 تومان,19-...,بزرگسالان ( فرزندان-18 سال به بالا)
"باشگاه ورزشی اوتانا نجف آباد
(شماره تماس: 09133312400)
آدرس: نجف آباد، خیابان امام خمینی، نبش خیابان فارابی",CX و حرکات اصلاحی بانوان تک جلسه ای,1000000 تومان,19-...,بزرگسالان ( فرزندان-18 سال به بالا)
"باشگاه ورزشی اوتانا نجف آباد
(شماره تماس: 09133312400)
آدرس: نجف آباد، خیابان امام خمینی، نبش خیابان فارابی",CX و حرکات اصلاحی بانوان 12 جلسه,150000 تومان,19-...,بزرگسالان ( فرزندان-18 سال به بالا)
"باشگاه ورزشی اوتانا نجف آباد
(شماره تماس: 09133312400)
آدرس: نجف آباد، خیابان امام خمینی، نبش خیابان فارابی",TRX ترکیبی بانوان تک جلسه ای,1000000 تومان,19-...,بزرگسالان ( فرزندان-18 سال به بالا)
"باشگاه ورزشی اوتانا نجف آباد
(شماره تماس: 09133312400)
آدرس: نجف آباد، خیابان امام خمینی، نبش خیابان فارابی",TRX ترکیبی بانوان 12 جلسه,150000 تومان,19-...,بزرگسالان ( فرزندان-18 سال به بالا)
"باشگاه ورزشی اوتانا نجف آباد
(شماره تماس: 09133312400)
آدرس: نجف آباد، خیابان امام خمینی، نبش خیابان فارابی",فانکشنال بانوان تک جلسه ای,1000000 تومان,19-...,بزرگسالان ( فرزندان-18 سال به بالا)
"باشگاه ورزشی اوتانا نجف آباد
(شماره تماس: 09133312400)
آدرس: نجف آباد، خیابان امام خمینی، نبش خیابان فارابی",فانکشنال بانوان 12 جلسه,150000 تومان,19-...,بزرگسالان ( فرزندان-18 سال به بالا)
"باشگاه ورزشی اوتانا نجف آباد
(شماره تماس: 09133312400)
آدرس: نجف آباد، خیابان امام خمینی، نبش خیابان فارابی",ایروبیک CX بانوان تک جلسه ای,1000000 تومان,19-...,بزرگسالان ( فرزندان-18 سال به بالا)
"باشگاه ورزشی اوتانا نجف آباد
(شماره تماس: 09133312400)
آدرس: نجف آباد، خیابان امام خمینی، نبش خیابان فارابی",ایروبیک CX  بانوان 12 جلسه,150000 تومان,19-...,بزرگسالان ( فرزندان-18 سال به بالا)
"آموزشگاه فنی و حرفه ای قله استوار 20 درصد
(شماره تماس:09137062125)
آدرس: خیابان ارباب، کوچه 2",تحلیل بنیادی(مقدماتی و پیشرفته),8500000 تومان,19-...,بزرگسالان ( فرزندان-18 سال به بالا)
"آموزشگاه فنی و حرفه ای قله استوار 20 درصد
(شماره تماس:09137062125)
آدرس: خیابان ارباب، کوچه 2",دوره مالی(رفتاری، روانشناسی و سرمایه گذاری),8500000 تومان,19-...,بزرگسالان ( فرزندان-18 سال به بالا)
"آموزشگاه فنی و حرفه ای قله استوار 20 درصد
(شماره تماس:09137062125)
آدرس: خیابان ارباب، کوچه 2",مدیریت ریسک و سرمایه گذاری در بازارهای مالی,6500000 تومان,19-...,بزرگسالان ( فرزندان-18 سال به بالا)
"آموزشگاه فنی و حرفه ای قله استوار 20 درصد
(شماره تماس:09137062125)
آدرس: خیابان ارباب، کوچه 2",ارزش گذاری سهام و اوراق,6500000 تومان,19-...,بزرگسالان ( فرزندان-18 سال به بالا)
"آموزشگاه فنی و حرفه ای قله استوار 20 درصد
(شماره تماس:09137062125)
آدرس: خیابان ارباب، کوچه 2",تابلوخوانی بورس,8500000 تومان,19-...,بزرگسالان ( فرزندان-18 سال به بالا)
"آموزشگاه فنی و حرفه ای قله استوار 20 درصد
(شماره تماس:09137062125)
آدرس: خیابان ارباب، کوچه 2",آشنایی با بورس و سهام بازار سرمایه,5500000 تومان,19-...,بزرگسالان ( فرزندان-18 سال به بالا)
"آموزشگاه فنی و حرفه ای قله استوار 20 درصد
(شماره تماس:09137062125)
آدرس: خیابان ارباب، کوچه 2",مدیریت مالی برای مدیران غیرمالی,6500000 تومان,19-...,بزرگسالان ( فرزندان-18 سال به بالا)
"آموزشگاه فنی و حرفه ای قله استوار 20 درصد
(شماره تماس:09137062125)
آدرس: خیابان ارباب، کوچه 2",MBA فشرده,6500000 تومان,19-...,بزرگسالان ( فرزندان-18 سال به بالا)
"آموزشگاه فنی و حرفه ای قله استوار 20 درصد
(شماره تماس:09137062125)
آدرس: خیابان ارباب، کوچه 2",DBA فشرده,24500000 تومان,19-...,بزرگسالان ( فرزندان-18 سال به بالا)
"آموزشگاه فنی و حرفه ای قله استوار 20 درصد
(شماره تماس:09137062125)
آدرس: خیابان ارباب، کوچه 2",اکسل برای مدیران مالی(مقدماتی),25500000 تومان,19-...,بزرگسالان ( فرزندان-18 سال به بالا)
"آموزشگاه فنی و حرفه ای قله استوار 20 درصد
(شماره تماس:09137062125)
آدرس: خیابان ارباب، کوچه 2",سواد مالی(مقدماتی-فردی-خانوادگی),5500000 تومان,19-...,بزرگسالان ( فرزندان-18 سال به بالا)
"آموزشگاه فنی و حرفه ای قله استوار 20 درصد
(شماره تماس:09137062125)
آدرس: خیابان ارباب، کوچه 2",سواد مالی و آموزش سرمایه گذاری,5500000 تومان,19-...,بزرگسالان ( فرزندان-18 سال به بالا)
"آموزشگاه فنی و حرفه ای قله استوار 20 درصد
(شماره تماس:09137062125)
آدرس: خیابان ارباب، کوچه 2",مدیریت ارتباط با مشتری(CRM),6500000 تومان,19-...,بزرگسالان ( فرزندان-18 سال به بالا)
"آموزشگاه فنی و حرفه ای قله استوار 20 درصد
(شماره تماس:09137062125)
آدرس: خیابان ارباب، کوچه 2",دوره ایده تا محصول فناورانه,6500000 تومان,19-...,بزرگسالان ( فرزندان-18 سال به بالا)
"آموزشگاه فنی و حرفه ای قله استوار 20 درصد
(شماره تماس:09137062125)
آدرس: خیابان ارباب، کوچه 2",سیستم سازی کسب و کار(مقدماتی),4500000 تومان,19-...,بزرگسالان ( فرزندان-18 سال به بالا)
"آموزشگاه فنی و حرفه ای قله استوار 20 درصد
(شماره تماس:09137062125)
آدرس: خیابان ارباب، کوچه 2",سیستم سازی کسب و کار(پیشرفته),5500000 تومان,19-...,بزرگسالان ( فرزندان-18 سال به بالا)
"آموزشگاه فنی و حرفه ای قله استوار 20 درصد
(شماره تماس:09137062125)
آدرس: خیابان ارباب، کوچه 2",هنر خودمربیگری در کسب و کار,18500000 تومان,19-...,بزرگسالان ( فرزندان-18 سال به بالا)
"آموزشگاه فنی و حرفه ای قله استوار 20 درصد
(شماره تماس:09137062125)
آدرس: خیابان ارباب، کوچه 2",بازاریابی صادراتی,7500000 تومان,19-...,بزرگسالان ( فرزندان-18 سال به بالا)
"آموزشگاه فنی و حرفه ای قله استوار 20 درصد
(شماره تماس:09137062125)
آدرس: خیابان ارباب، کوچه 2",مبانی واردات و صادرات,5500000 تومان,19-...,بزرگسالان ( فرزندان-18 سال به بالا)
"آموزشگاه فنی و حرفه ای قله استوار 20 درصد
(شماره تماس:09137062125)
آدرس: خیابان ارباب، کوچه 2",فن بیان و سخنوری,8500000 تومان,19-...,بزرگسالان ( فرزندان-18 سال به بالا)
"آموزشگاه فنی و حرفه ای قله استوار 20 درصد
(شماره تماس:09137062125)
آدرس: خیابان ارباب، کوچه 2",زبان بدن,6500000 تومان,19-...,بزرگسالان ( فرزندان-18 سال به بالا)
"آموزشگاه فنی و حرفه ای قله استوار 20 درصد
(شماره تماس:09137062125)
آدرس: خیابان ارباب، کوچه 2",کارآفرینی و مدیریت استارتاپ با کمک هوش مصنوعی,5500000 تومان,19-...,بزرگسالان ( فرزندان-18 سال به بالا)
"آموزشگاه فنی و حرفه ای قله استوار 20 درصد
(شماره تماس:09137062125)
آدرس: خیابان ارباب، کوچه 2",هوش تجاری,8500000 تومان,19-...,بزرگسالان ( فرزندان-18 سال به بالا)
"آموزشگاه فنی و حرفه ای قله استوار 20 درصد
(شماره تماس:09137062125)
آدرس: خیابان ارباب، کوچه 2",مدیریت فروش و اصول مذاکره,6500000 تومان,19-...,بزرگسالان ( فرزندان-18 سال به بالا)
"آموزشگاه فنی و حرفه ای قله استوار 20 درصد
(شماره تماس:09137062125)
آدرس: خیابان ارباب، کوچه 2",مدیریت بازرگانی(مارکتینگ),8500000 تومان,19-...,بزرگسالان ( فرزندان-18 سال به بالا)
"آموزشگاه فنی و حرفه ای قله استوار 20 درصد
(شماره تماس:09137062125)
آدرس: خیابان ارباب، کوچه 2",اکسل در داشبورد مدیریتی,8500000 تومان,19-...,بزرگسالان ( فرزندان-18 سال به بالا)
"آموزشگاه فنی و حرفه ای قله استوار 20 درصد
(شماره تماس:09137062125)
آدرس: خیابان ارباب، کوچه 2",دیجیتال مارکتینگ,7500000 تومان,19-...,بزرگسالان ( فرزندان-18 سال به بالا)
"آموزشگاه فنی و حرفه ای قله استوار 20 درصد
(شماره تماس:09137062125)
آدرس: خیابان ارباب، کوچه 2",تحلیل کسب و کار و R&D,7500000 تومان,19-...,بزرگسالان ( فرزندان-18 سال به بالا)
"آموزشگاه فنی و حرفه ای قله استوار 20 درصد
(شماره تماس:09137062125)
آدرس: خیابان ارباب، کوچه 2",حسابداری مقدماتی و پیشرفته,7500000 تومان,19-...,بزرگسالان ( فرزندان-18 سال به بالا)
"آموزشگاه فنی و حرفه ای قله استوار 20 درصد
(شماره تماس:09137062125)
آدرس: خیابان ارباب، کوچه 2",حسابداری حقوق و دستمزد(نرم افزار),7500000 تومان,19-...,بزرگسالان ( فرزندان-18 سال به بالا)
"آموزشگاه فنی و حرفه ای قله استوار 20 درصد
(شماره تماس:09137062125)
آدرس: خیابان ارباب، کوچه 2",حسابداری مالیاتی,9500000 تومان,19-...,بزرگسالان ( فرزندان-18 سال به بالا)
"آموزشگاه فنی و حرفه ای قله استوار 20 درصد
(شماره تماس:09137062125)
آدرس: خیابان ارباب، کوچه 2",مشاور مالیاتی,8500000 تومان,19-...,بزرگسالان ( فرزندان-18 سال به بالا)
"آموزشگاه فنی و حرفه ای قله استوار 20 درصد
(شماره تماس:09137062125)
آدرس: خیابان ارباب، کوچه 2",آموزش نرم افزار حسابداری سپیدار,7500000 تومان,19-...,بزرگسالان ( فرزندان-18 سال به بالا)
"آموزشگاه فنی و حرفه ای قله استوار 20 درصد
(شماره تماس:09137062125)
آدرس: خیابان ارباب، کوچه 2",آموزش نرم افزار حسابداری نوآوران,7500000 تومان,19-...,بزرگسالان ( فرزندان-18 سال به بالا)
"آموزشگاه فنی و حرفه ای قله استوار 20 درصد
(شماره تماس:09137062125)
آدرس: خیابان ارباب، کوچه 2",آموزش نرم افزار حسابداری آساسیستم,7500000 تومان,19-...,بزرگسالان ( فرزندان-18 سال به بالا)
"آموزشگاه فنی و حرفه ای قله استوار 20 درصد
(شماره تماس:09137062125)
آدرس: خیابان ارباب، کوچه 2",آموزش تئوری حسابداری و نرم افزار پارسیان,7500000 تومان,19-...,بزرگسالان ( فرزندان-18 سال به بالا)
"آموزشگاه فنی و حرفه ای قله استوار 20 درصد
(شماره تماس:09137062125)
آدرس: خیابان ارباب، کوچه 2",اکسل ویژه حسابداری,8500000 تومان,19-...,بزرگسالان ( فرزندان-18 سال به بالا)
"آموزشگاه فنی و حرفه ای قله استوار 20 درصد
(شماره تماس:09137062125)
آدرس: خیابان ارباب، کوچه 2",آموزش حسابرسی,7500000 تومان,19-...,بزرگسالان ( فرزندان-18 سال به بالا)
"آموزشگاه فنی و حرفه ای قله استوار 20 درصد
(شماره تماس:09137062125)
آدرس: خیابان ارباب، کوچه 2",تنظیم و نگارش قراردادها,6500000 تومان,19-...,بزرگسالان ( فرزندان-18 سال به بالا)
"آموزشگاه فنی و حرفه ای قله استوار 20 درصد
(شماره تماس:09137062125)
آدرس: خیابان ارباب، کوچه 2",دوره جامع حسابداری(از مبتدی تا بازار کار),6500000 تومان,19-...,بزرگسالان ( فرزندان-18 سال به بالا)
"آموزشگاه فنی و حرفه ای قله استوار 20 درصد
(شماره تماس:09137062125)
آدرس: خیابان ارباب، کوچه 2",سیستم اطلاعات MIS,27500000 تومان,19-...,بزرگسالان ( فرزندان-18 سال به بالا)
"آموزشگاه فنی و حرفه ای قله استوار 20 درصد
(شماره تماس:09137062125)
آدرس: خیابان ارباب، کوچه 2",اصول لجستیک و زنجیره تامین(SCM),7500000 تومان,19-...,بزرگسالان ( فرزندان-18 سال به بالا)
"آموزشگاه فنی و حرفه ای قله استوار 20 درصد
(شماره تماس:09137062125)
آدرس: خیابان ارباب، کوچه 2",مدیریت کیفیت(ISO 9001),8500000 تومان,19-...,بزرگسالان ( فرزندان-18 سال به بالا)
"آموزشگاه فنی و حرفه ای قله استوار 20 درصد
(شماره تماس:09137062125)
آدرس: خیابان ارباب، کوچه 2",برنامه نویسی پایتون,9500000 تومان,19-...,بزرگسالان ( فرزندان-18 سال به بالا)
"آموزشگاه فنی و حرفه ای قله استوار 20 درصد
(شماره تماس:09137062125)
آدرس: خیابان ارباب، کوچه 2",برنامه نویسی پایتون,12500000 تومان,19-...,بزرگسالان ( فرزندان-18 سال به بالا)
"آموزشگاه فنی و حرفه ای قله استوار 20 درصد
(شماره تماس:09137062125)
آدرس: خیابان ارباب، کوچه 2",نرم افزار گمز,9500000 تومان,19-...,بزرگسالان ( فرزندان-18 سال به بالا)
"آموزشگاه فنی و حرفه ای قله استوار 20 درصد
(شماره تماس:09137062125)
آدرس: خیابان ارباب، کوچه 2",نرم افزار متلب,12500000 تومان,19-...,بزرگسالان ( فرزندان-18 سال به بالا)
"آموزشگاه فنی و حرفه ای قله استوار 20 درصد
(شماره تماس:09137062125)
آدرس: خیابان ارباب، کوچه 2",نرم افزار SPSS,12500000 تومان,19-...,بزرگسالان ( فرزندان-18 سال به بالا)
"آموزشگاه فنی و حرفه ای قله استوار 20 درصد
(شماره تماس:09137062125)
آدرس: خیابان ارباب، کوچه 2",نرم افزار مینی تب,7500000 تومان,19-...,بزرگسالان ( فرزندان-18 سال به بالا)
"آموزشگاه فنی و حرفه ای قله استوار 20 درصد
(شماره تماس:09137062125)
آدرس: خیابان ارباب، کوچه 2",مدیریت منابع انسانی کاربردی,9500000 تومان,19-...,بزرگسالان ( فرزندان-18 سال به بالا)
"آموزشگاه فنی و حرفه ای قله استوار 20 درصد
(شماره تماس:09137062125)
آدرس: خیابان ارباب، کوچه 2",اصول 5S و بهره وری,6500000 تومان,19-...,بزرگسالان ( فرزندان-18 سال به بالا)
"آموزشگاه فنی و حرفه ای قله استوار 20 درصد
(شماره تماس:09137062125)
آدرس: خیابان ارباب، کوچه 2",برنامه نویسی تولید,6500000 تومان,19-...,بزرگسالان ( فرزندان-18 سال به بالا)
"آموزشگاه فنی و حرفه ای قله استوار 20 درصد
(شماره تماس:09137062125)
آدرس: خیابان ارباب، کوچه 2",تحلیل سیستم ها,7500000 تومان,19-...,بزرگسالان ( فرزندان-18 سال به بالا)
"آموزشگاه فنی و حرفه ای قله استوار 20 درصد
(شماره تماس:09137062125)
آدرس: خیابان ارباب، کوچه 2",اکسل برای گروه مهندسی صنایع,7500000 تومان,19-...,بزرگسالان ( فرزندان-18 سال به بالا)
"آموزشگاه فنی و حرفه ای قله استوار 20 درصد
(شماره تماس:09137062125)
آدرس: خیابان ارباب، کوچه 2",اکسل برای برنامه ریزی و کنترل پروژه,7500000 تومان,19-...,بزرگسالان ( فرزندان-18 سال به بالا)
"آموزشگاه فنی و حرفه ای قله استوار 20 درصد
(شماره تماس:09137062125)
آدرس: خیابان ارباب، کوچه 2",HSE Plan,7500000 تومان,19-...,بزرگسالان ( فرزندان-18 سال به بالا)
"آموزشگاه فنی و حرفه ای قله استوار 20 درصد
(شماره تماس:09137062125)
آدرس: خیابان ارباب، کوچه 2",PMBOK,4500000 تومان,19-...,بزرگسالان ( فرزندان-18 سال به بالا)
"آموزشگاه فنی و حرفه ای قله استوار 20 درصد
(شماره تماس:09137062125)
آدرس: خیابان ارباب، کوچه 2",تحلیل ریسک با نرم افزار پریماورا,12500000 تومان,19-...,بزرگسالان ( فرزندان-18 سال به بالا)
"آموزشگاه فنی و حرفه ای قله استوار 20 درصد
(شماره تماس:09137062125)
آدرس: خیابان ارباب، کوچه 2",COMFAR,8500000 تومان,19-...,بزرگسالان ( فرزندان-18 سال به بالا)
"آموزشگاه فنی و حرفه ای قله استوار 20 درصد
(شماره تماس:09137062125)
آدرس: خیابان ارباب، کوچه 2",پریماورا P6 (مقدماتی و پیشرفته),8500000 تومان,19-...,بزرگسالان ( فرزندان-18 سال به بالا)
"آموزشگاه فنی و حرفه ای قله استوار 20 درصد
(شماره تماس:09137062125)
آدرس: خیابان ارباب، کوچه 2",MS-Project (مقدماتی و پیشرفته),14500000 تومان,19-...,بزرگسالان ( فرزندان-18 سال به بالا)
"آموزشگاه فنی و حرفه ای قله استوار 20 درصد
(شماره تماس:09137062125)
آدرس: خیابان ارباب، کوچه 2",EPC,12900000 تومان,19-...,بزرگسالان ( فرزندان-18 سال به بالا)
"آموزشگاه فنی و حرفه ای قله استوار 20 درصد
(شماره تماس:09137062125)
آدرس: خیابان ارباب، کوچه 2",AutoCad الکتریکال,7500000 تومان,19-...,بزرگسالان ( فرزندان-18 سال به بالا)
"آموزشگاه فنی و حرفه ای قله استوار 20 درصد
(شماره تماس:09137062125)
آدرس: خیابان ارباب، کوچه 2",برنامه نویسی PLC,8500000 تومان,19-...,بزرگسالان ( فرزندان-18 سال به بالا)
"آموزشگاه فنی و حرفه ای قله استوار 20 درصد
(شماره تماس:09137062125)
آدرس: خیابان ارباب، کوچه 2",MATLAB Simulink,9500000 تومان,19-...,بزرگسالان ( فرزندان-18 سال به بالا)
"آموزشگاه فنی و حرفه ای قله استوار 20 درصد
(شماره تماس:09137062125)
آدرس: خیابان ارباب، کوچه 2",Network+,9500000 تومان,19-...,بزرگسالان ( فرزندان-18 سال به بالا)
"آموزشگاه فنی و حرفه ای قله استوار 20 درصد
(شماره تماس:09137062125)
آدرس: خیابان ارباب، کوچه 2",Security+,7500000 تومان,19-...,بزرگسالان ( فرزندان-18 سال به بالا)
"آموزشگاه فنی و حرفه ای قله استوار 20 درصد
(شماره تماس:09137062125)
آدرس: خیابان ارباب، کوچه 2",CCNA,7500000 تومان,19-...,بزرگسالان ( فرزندان-18 سال به بالا)
"آموزشگاه فنی و حرفه ای قله استوار 20 درصد
(شماره تماس:09137062125)
آدرس: خیابان ارباب، کوچه 2",CCNP,12500000 تومان,19-...,بزرگسالان ( فرزندان-18 سال به بالا)
"آموزشگاه فنی و حرفه ای قله استوار 20 درصد
(شماره تماس:09137062125)
آدرس: خیابان ارباب، کوچه 2",Linux,14500000 تومان,19-...,بزرگسالان ( فرزندان-18 سال به بالا)
"آموزشگاه فنی و حرفه ای قله استوار 20 درصد
(شماره تماس:09137062125)
آدرس: خیابان ارباب، کوچه 2",وایرلس,8500000 تومان,19-...,بزرگسالان ( فرزندان-18 سال به بالا)
"آموزشگاه فنی و حرفه ای قله استوار 20 درصد
(شماره تماس:09137062125)
آدرس: خیابان ارباب، کوچه 2",نصب سیستم های امنیتی مقدماتی,8500000 تومان,19-...,بزرگسالان ( فرزندان-18 سال به بالا)
"آموزشگاه فنی و حرفه ای قله استوار 20 درصد
(شماره تماس:09137062125)
آدرس: خیابان ارباب، کوچه 2",نصب سیستم های امنیتی پیشرفته,6500000 تومان,19-...,بزرگسالان ( فرزندان-18 سال به بالا)
"آموزشگاه فنی و حرفه ای قله استوار 20 درصد
(شماره تماس:09137062125)
آدرس: خیابان ارباب، کوچه 2",مدیریت شبکه های ماکروسافت ویندوز,7500000 تومان,19-...,بزرگسالان ( فرزندان-18 سال به بالا)
"آموزشگاه فنی و حرفه ای قله استوار 20 درصد
(شماره تماس:09137062125)
آدرس: خیابان ارباب، کوچه 2",پیکربندی و مدیریت میکروتیک,10500000 تومان,19-...,بزرگسالان ( فرزندان-18 سال به بالا)
"آموزشگاه فنی و حرفه ای قله استوار 20 درصد
(شماره تماس:09137062125)
آدرس: خیابان ارباب، کوچه 2",مجازی سازی سرور با Vmware,8500000 تومان,19-...,بزرگسالان ( فرزندان-18 سال به بالا)
"آموزشگاه فنی و حرفه ای قله استوار 20 درصد
(شماره تماس:09137062125)
آدرس: خیابان ارباب، کوچه 2",استقرار فایروال و مدیریت امنیت شبکه,9500000 تومان,19-...,بزرگسالان ( فرزندان-18 سال به بالا)
"آموزشگاه فنی و حرفه ای قله استوار 20 درصد
(شماره تماس:09137062125)
آدرس: خیابان ارباب، کوچه 2",استقرار تلفن اینترنتی(Voip),8500000 تومان,19-...,بزرگسالان ( فرزندان-18 سال به بالا)
"آموزشگاه فنی و حرفه ای قله استوار 20 درصد
(شماره تماس:09137062125)
آدرس: خیابان ارباب، کوچه 2",سیستم های امنیت تصویری,8500000 تومان,19-...,بزرگسالان ( فرزندان-18 سال به بالا)
"آموزشگاه فنی و حرفه ای قله استوار 20 درصد
(شماره تماس:09137062125)
آدرس: خیابان ارباب، کوچه 2",سیستم های امنیتی Genetec,7500000 تومان,19-...,بزرگسالان ( فرزندان-18 سال به بالا)
"آموزشگاه فنی و حرفه ای قله استوار 20 درصد
(شماره تماس:09137062125)
آدرس: خیابان ارباب، کوچه 2",ICDL سطح 1,7500000 تومان,19-...,بزرگسالان ( فرزندان-18 سال به بالا)
"آموزشگاه فنی و حرفه ای قله استوار 20 درصد
(شماره تماس:09137062125)
آدرس: خیابان ارباب، کوچه 2",ICDL سطح 2,5500000 تومان,19-...,بزرگسالان ( فرزندان-18 سال به بالا)
"آموزشگاه فنی و حرفه ای قله استوار 20 درصد
(شماره تماس:09137062125)
آدرس: خیابان ارباب، کوچه 2",Excel,7500000 تومان,19-...,بزرگسالان ( فرزندان-18 سال به بالا)
"آموزشگاه فنی و حرفه ای قله استوار 20 درصد
(شماره تماس:09137062125)
آدرس: خیابان ارباب، کوچه 2",Word,8500000 تومان,19-...,بزرگسالان ( فرزندان-18 سال به بالا)
"آموزشگاه فنی و حرفه ای قله استوار 20 درصد
(شماره تماس:09137062125)
آدرس: خیابان ارباب، کوچه 2",PowerPoint,5500000 تومان,19-...,بزرگسالان ( فرزندان-18 سال به بالا)
"آموزشگاه فنی و حرفه ای قله استوار 20 درصد
(شماره تماس:09137062125)
آدرس: خیابان ارباب، کوچه 2",فوتوشاپ مقدماتی,5500000 تومان,19-...,بزرگسالان ( فرزندان-18 سال به بالا)
"آموزشگاه فنی و حرفه ای قله استوار 20 درصد
(شماره تماس:09137062125)
آدرس: خیابان ارباب، کوچه 2",فوتوشاپ پیشرفته,7500000 تومان,19-...,بزرگسالان ( فرزندان-18 سال به بالا)
"آموزشگاه فنی و حرفه ای قله استوار 20 درصد
(شماره تماس:09137062125)
آدرس: خیابان ارباب، کوچه 2",طراحی وبسایت,7500000 تومان,19-...,بزرگسالان ( فرزندان-18 سال به بالا)
"آموزشگاه فنی و حرفه ای قله استوار 20 درصد
(شماره تماس:09137062125)
آدرس: خیابان ارباب، کوچه 2",برنامه نویسی اندروید,8500000 تومان,19-...,بزرگسالان ( فرزندان-18 سال به بالا)
"آموزشگاه فنی و حرفه ای قله استوار 20 درصد
(شماره تماس:09137062125)
آدرس: خیابان ارباب، کوچه 2",طراحی وب با CSS و HTML,12500000 تومان,19-...,بزرگسالان ( فرزندان-18 سال به بالا)
"آموزشگاه فنی و حرفه ای قله استوار 20 درصد
(شماره تماس:09137062125)
آدرس: خیابان ارباب، کوچه 2",اتوماسیون و یکپارچه سازی فرآیندها با N&N,8500000 تومان,19-...,بزرگسالان ( فرزندان-18 سال به بالا)
"آموزشگاه فنی و حرفه ای قله استوار 20 درصد
(شماره تماس:09137062125)
آدرس: خیابان ارباب، کوچه 2",برنامه نویسی با JavaScript,10500000 تومان,19-...,بزرگسالان ( فرزندان-18 سال به بالا)
"آموزشگاه فنی و حرفه ای قله استوار 20 درصد
(شماره تماس:09137062125)
آدرس: خیابان ارباب، کوچه 2",طراحی و مدیریت سایت با WordPress,7500000 تومان,19-...,بزرگسالان ( فرزندان-18 سال به بالا)
"آموزشگاه فنی و حرفه ای قله استوار 20 درصد
(شماره تماس:09137062125)
آدرس: خیابان ارباب، کوچه 2",توسعه بک اند با Node.js,7500000 تومان,19-...,بزرگسالان ( فرزندان-18 سال به بالا)
"آموزشگاه فنی و حرفه ای قله استوار 20 درصد
(شماره تماس:09137062125)
آدرس: خیابان ارباب، کوچه 2",توسعه فرانت اند با React,8500000 تومان,19-...,بزرگسالان ( فرزندان-18 سال به بالا)
"آموزشگاه فنی و حرفه ای قله استوار 20 درصد
(شماره تماس:09137062125)
آدرس: خیابان ارباب، کوچه 2",برنامه جامع مهارت های کامپیوتری,11500000 تومان,19-...,بزرگسالان ( فرزندان-18 سال به بالا)
"آموزشگاه فنی و حرفه ای قله استوار 20 درصد
(شماره تماس:09137062125)
آدرس: خیابان ارباب، کوچه 2",ETABS,26500000 تومان,19-...,بزرگسالان ( فرزندان-18 سال به بالا)
"آموزشگاه فنی و حرفه ای قله استوار 20 درصد
(شماره تماس:09137062125)
آدرس: خیابان ارباب، کوچه 2",SAFE,12150000 تومان,19-...,بزرگسالان ( فرزندان-18 سال به بالا)
"آموزشگاه فنی و حرفه ای قله استوار 20 درصد
(شماره تماس:09137062125)
آدرس: خیابان ارباب، کوچه 2",AutoCad برای مهندسی عمران,9900000 تومان,19-...,بزرگسالان ( فرزندان-18 سال به بالا)
"آموزشگاه فنی و حرفه ای قله استوار 20 درصد
(شماره تماس:09137062125)
آدرس: خیابان ارباب، کوچه 2",متره و برآورد,9500000 تومان,19-...,بزرگسالان ( فرزندان-18 سال به بالا)
"آموزشگاه فنی و حرفه ای قله استوار 20 درصد
(شماره تماس:09137062125)
آدرس: خیابان ارباب، کوچه 2",امور قراردادها(عمران),12150000 تومان,19-...,بزرگسالان ( فرزندان-18 سال به بالا)
"آموزشگاه فنی و حرفه ای قله استوار 20 درصد
(شماره تماس:09137062125)
آدرس: خیابان ارباب، کوچه 2",نرم افزار Tadbir,6500000 تومان,19-...,بزرگسالان ( فرزندان-18 سال به بالا)
"آموزشگاه فنی و حرفه ای قله استوار 20 درصد
(شماره تماس:09137062125)
آدرس: خیابان ارباب، کوچه 2",نرم افزار Tekla,12200000 تومان,19-...,بزرگسالان ( فرزندان-18 سال به بالا)
"آموزشگاه فنی و حرفه ای قله استوار 20 درصد
(شماره تماس:09137062125)
آدرس: خیابان ارباب، کوچه 2",نرم افزار Tadkaar,12200000 تومان,19-...,بزرگسالان ( فرزندان-18 سال به بالا)
"آموزشگاه فنی و حرفه ای قله استوار 20 درصد
(شماره تماس:09137062125)
آدرس: خیابان ارباب، کوچه 2",اکسل برای مهندسی عمران,12200000 تومان,19-...,بزرگسالان ( فرزندان-18 سال به بالا)
"آموزشگاه فنی و حرفه ای قله استوار 20 درصد
(شماره تماس:09137062125)
آدرس: خیابان ارباب، کوچه 2",نقشه خوانی سازه و معماری,7500000 تومان,19-...,بزرگسالان ( فرزندان-18 سال به بالا)
"آموزشگاه فنی و حرفه ای قله استوار 20 درصد
(شماره تماس:09137062125)
آدرس: خیابان ارباب، کوچه 2",دوره جامع مهندسی عمران,7500000 تومان,19-...,بزرگسالان ( فرزندان-18 سال به بالا)
"آموزشگاه فنی و حرفه ای قله استوار 20 درصد
(شماره تماس:09137062125)
آدرس: خیابان ارباب، کوچه 2",هوش مصنوعی و ترفند بازار کار,35500000 تومان,19-...,بزرگسالان ( فرزندان-18 سال به بالا)
"آموزشگاه فنی و حرفه ای قله استوار 20 درصد
(شماره تماس:09137062125)
آدرس: خیابان ارباب، کوچه 2",دوره نظام مهندسی طراحی,9500000 تومان,19-...,بزرگسالان ( فرزندان-18 سال به بالا)
"آموزشگاه فنی و حرفه ای قله استوار 20 درصد
(شماره تماس:09137062125)
آدرس: خیابان ارباب، کوچه 2",دوره نظام مهندسی اجرا,12500000 تومان,19-...,بزرگسالان ( فرزندان-18 سال به بالا)
"آموزشگاه فنی و حرفه ای قله استوار 20 درصد
(شماره تماس:09137062125)
آدرس: خیابان ارباب، کوچه 2",دوره نظام مهندسی نظارت,11000000 تومان,19-...,بزرگسالان ( فرزندان-18 سال به بالا)
"آموزشگاه فنی و حرفه ای قله استوار 20 درصد
(شماره تماس:09137062125)
آدرس: خیابان ارباب، کوچه 2",نقشه کشی(مقدماتی و پیشرفته),11500000 تومان,19-...,بزرگسالان ( فرزندان-18 سال به بالا)
"آموزشگاه فنی و حرفه ای قله استوار 20 درصد
(شماره تماس:09137062125)
آدرس: خیابان ارباب، کوچه 2",اکسل برای معماری,12500000 تومان,19-...,بزرگسالان ( فرزندان-18 سال به بالا)
"آموزشگاه فنی و حرفه ای قله استوار 20 درصد
(شماره تماس:09137062125)
آدرس: خیابان ارباب، کوچه 2",طراحی داخلی,7500000 تومان,19-...,بزرگسالان ( فرزندان-18 سال به بالا)
"آموزشگاه فنی و حرفه ای قله استوار 20 درصد
(شماره تماس:09137062125)
آدرس: خیابان ارباب، کوچه 2",فوتوشاپ معماری,12500000 تومان,19-...,بزرگسالان ( فرزندان-18 سال به بالا)
"آموزشگاه فنی و حرفه ای قله استوار 20 درصد
(شماره تماس:09137062125)
آدرس: خیابان ارباب، کوچه 2",Lumion,7500000 تومان,19-...,بزرگسالان ( فرزندان-18 سال به بالا)
"آموزشگاه فنی و حرفه ای قله استوار 20 درصد
(شماره تماس:09137062125)
آدرس: خیابان ارباب، کوچه 2",Corona Render,9500000 تومان,19-...,بزرگسالان ( فرزندان-18 سال به بالا)
"آموزشگاه فنی و حرفه ای قله استوار 20 درصد
(شماره تماس:09137062125)
آدرس: خیابان ارباب، کوچه 2",V-Ray,9500000 تومان,19-...,بزرگسالان ( فرزندان-18 سال به بالا)
"آموزشگاه فنی و حرفه ای قله استوار 20 درصد
(شماره تماس:09137062125)
آدرس: خیابان ارباب، کوچه 2",Revit,9500000 تومان,19-...,بزرگسالان ( فرزندان-18 سال به بالا)
"آموزشگاه فنی و حرفه ای قله استوار 20 درصد
(شماره تماس:09137062125)
آدرس: خیابان ارباب، کوچه 2",3ds Max,12200000 تومان,19-...,بزرگسالان ( فرزندان-18 سال به بالا)
"آموزشگاه فنی و حرفه ای قله استوار 20 درصد
(شماره تماس:09137062125)
آدرس: خیابان ارباب، کوچه 2",AutoCad,9200000 تومان,19-...,بزرگسالان ( فرزندان-18 سال به بالا)
"آموزشگاه فنی و حرفه ای قله استوار 20 درصد
(شماره تماس:09137062125)
آدرس: خیابان ارباب، کوچه 2",دوره جامع معماری,9500000 تومان,19-...,بزرگسالان ( فرزندان-18 سال به بالا)
"آموزشگاه فنی و حرفه ای قله استوار 20 درصد
(شماره تماس:09137062125)
آدرس: خیابان ارباب، کوچه 2",اصول ثبت اختراع و مالکیت معنوی,35500000 تومان,19-...,بزرگسالان ( فرزندان-18 سال به بالا)
"آموزشگاه فنی و حرفه ای قله استوار 20 درصد
(شماره تماس:09137062125)
آدرس: خیابان ارباب، کوچه 2",رزومه نویسی,4500000 تومان,19-...,بزرگسالان ( فرزندان-18 سال به بالا)
"آموزشگاه فنی و حرفه ای قله استوار 20 درصد
(شماره تماس:09137062125)
آدرس: خیابان ارباب، کوچه 2",مقاله نویسی (مقدماتی),4500000 تومان,19-...,بزرگسالان ( فرزندان-18 سال به بالا)
"آموزشگاه فنی و حرفه ای قله استوار 20 درصد
(شماره تماس:09137062125)
آدرس: خیابان ارباب، کوچه 2",مقاله نویسی (پیشرفته),6500000 تومان,19-...,بزرگسالان ( فرزندان-18 سال به بالا)
"آموزشگاه فنی و حرفه ای قله استوار 20 درصد
(شماره تماس:09137062125)
آدرس: خیابان ارباب، کوچه 2",فروش آنلاین طلا بدون سرمایه,7500000 تومان,19-...,بزرگسالان ( فرزندان-18 سال به بالا)
"آموزشگاه فنی و حرفه ای قله استوار 20 درصد
(شماره تماس:09137062125)
آدرس: خیابان ارباب، کوچه 2",فروشندگی طلا با سرمایه گذاری,12500000 تومان,19-...,بزرگسالان ( فرزندان-18 سال به بالا)
"استخر قصر موج
(شماره تماس: 03134343461)
آدرس: خانه اصفهان، میدان ماه فرخی، خیابان ماه فرخی",سانس استخر,150000 تومان,9-10-11-12,دبستان 2(9 تا 12 سال)
"استخر قصر موج
(شماره تماس: 03134343461)
آدرس: خانه اصفهان، میدان ماه فرخی، خیابان ماه فرخی",سانس استخر,150000 تومان,12-13-14-15,متوسطه 1(12 تا 15 سال)
"استخر قصر موج
(شماره تماس: 03134343461)
آدرس: خانه اصفهان، میدان ماه فرخی، خیابان ماه فرخی",سانس استخر,150000 تومان,15-16-17-18,متوسطه 2(15 تا 18 سال)
"استخر قصر موج
(شماره تماس: 03134343461)
آدرس: خانه اصفهان، میدان ماه فرخی، خیابان ماه فرخی",سانس استخر,2500000 تومان,19-...,بزرگسالان ( فرزندان-18 سال به بالا)
"موسسه آموزشی تکین
(شماره تماس: 03136624957-09131008133)
آدرس: خیابان آبشار اول، روبروی خانه هنرمندان",ریاضی(پایه اول),6220000 تومان,6-7-8-9,دبستان1(6 تا 9 سال)
"موسسه آموزشی تکین
(شماره تماس: 03136624957-09131008133)
آدرس: خیابان آبشار اول، روبروی خانه هنرمندان",ریاضی(پایه اول),6220000 تومان,6-7-8-9,دبستان1(6 تا 9 سال)
"موسسه آموزشی تکین
(شماره تماس: 03136624957-09131008133)
آدرس: خیابان آبشار اول، روبروی خانه هنرمندان",فارسی(پایه اول),7290000 تومان,6-7-8-9,دبستان1(6 تا 9 سال)
"موسسه آموزشی تکین
(شماره تماس: 03136624957-09131008133)
آدرس: خیابان آبشار اول، روبروی خانه هنرمندان",فارسی(پایه اول),6220000 تومان,6-7-8-9,دبستان1(6 تا 9 سال)
"موسسه آموزشی تکین
(شماره تماس: 03136624957-09131008133)
آدرس: خیابان آبشار اول، روبروی خانه هنرمندان",هوش و استعداد تحصیلی(پایه دوم),7290000 تومان,6-7-8-9,دبستان1(6 تا 9 سال)
"موسسه آموزشی تکین
(شماره تماس: 03136624957-09131008133)
آدرس: خیابان آبشار اول، روبروی خانه هنرمندان",هوش کلامی(پایه دوم),6220000 تومان,6-7-8-9,دبستان1(6 تا 9 سال)
"موسسه آموزشی تکین
(شماره تماس: 03136624957-09131008133)
آدرس: خیابان آبشار اول، روبروی خانه هنرمندان",ریاضی(پایه دوم),6220000 تومان,6-7-8-9,دبستان1(6 تا 9 سال)
"موسسه آموزشی تکین
(شماره تماس: 03136624957-09131008133)
آدرس: خیابان آبشار اول، روبروی خانه هنرمندان",ریاضی(پایه دوم),6220000 تومان,6-7-8-9,دبستان1(6 تا 9 سال)
"موسسه آموزشی تکین
(شماره تماس: 03136624957-09131008133)
آدرس: خیابان آبشار اول، روبروی خانه هنرمندان",هوش و استعداد تحصیلی(پایه سوم),7290000 تومان,6-7-8-9,دبستان1(6 تا 9 سال)
"موسسه آموزشی تکین
(شماره تماس: 03136624957-09131008133)
آدرس: خیابان آبشار اول، روبروی خانه هنرمندان",هوش کلامی(پایه سوم),6950000 تومان,6-7-8-9,دبستان1(6 تا 9 سال)
"موسسه آموزشی تکین
(شماره تماس: 03136624957-09131008133)
آدرس: خیابان آبشار اول، روبروی خانه هنرمندان",ریاضی(پایه سوم),6950000 تومان,6-7-8-9,دبستان1(6 تا 9 سال)
"موسسه آموزشی تکین
(شماره تماس: 03136624957-09131008133)
آدرس: خیابان آبشار اول، روبروی خانه هنرمندان",هوش و استعداد ریاضی(پایه چهارم),6950000 تومان,9-10-11-12,دبستان 2(9 تا 12 سال)
"موسسه آموزشی تکین
(شماره تماس: 03136624957-09131008133)
آدرس: خیابان آبشار اول، روبروی خانه هنرمندان",ادبیات و هوش کلامی(پایه چهارم),6950000 تومان,9-10-11-12,دبستان 2(9 تا 12 سال)
"موسسه آموزشی تکین
(شماره تماس: 03136624957-09131008133)
آدرس: خیابان آبشار اول، روبروی خانه هنرمندان",ریاضی(پایه چهارم),6950000 تومان,9-10-11-12,دبستان 2(9 تا 12 سال)
"موسسه آموزشی تکین
(شماره تماس: 03136624957-09131008133)
آدرس: خیابان آبشار اول، روبروی خانه هنرمندان",ریاضی(پایه چهارم),10420000 تومان,9-10-11-12,دبستان 2(9 تا 12 سال)
"موسسه آموزشی تکین
(شماره تماس: 03136624957-09131008133)
آدرس: خیابان آبشار اول، روبروی خانه هنرمندان",علوم(پایه چهارم),9260000 تومان,9-10-11-12,دبستان 2(9 تا 12 سال)
"موسسه آموزشی تکین
(شماره تماس: 03136624957-09131008133)
آدرس: خیابان آبشار اول، روبروی خانه هنرمندان",المپیاد ریاضی(پایه چهارم),6950000 تومان,9-10-11-12,دبستان 2(9 تا 12 سال)
"موسسه آموزشی تکین
(شماره تماس: 03136624957-09131008133)
آدرس: خیابان آبشار اول، روبروی خانه هنرمندان",هوش و استعداد تحصیلی(پایه پنجم),2500000 تومان,9-10-11-12,دبستان 2(9 تا 12 سال)
"موسسه آموزشی تکین
(شماره تماس: 03136624957-09131008133)
آدرس: خیابان آبشار اول، روبروی خانه هنرمندان",ادبیات و هوش کلامی(پایه پنجم),6950000 تومان,9-10-11-12,دبستان 2(9 تا 12 سال)
"موسسه آموزشی تکین
(شماره تماس: 03136624957-09131008133)
آدرس: خیابان آبشار اول، روبروی خانه هنرمندان",ریاضی(پایه پنجم),9260000 تومان,9-10-11-12,دبستان 2(9 تا 12 سال)
"موسسه آموزشی تکین
(شماره تماس: 03136624957-09131008133)
آدرس: خیابان آبشار اول، روبروی خانه هنرمندان",ریاضی(پایه پنجم),6950000 تومان,9-10-11-12,دبستان 2(9 تا 12 سال)
"موسسه آموزشی تکین
(شماره تماس: 03136624957-09131008133)
آدرس: خیابان آبشار اول، روبروی خانه هنرمندان",ریاضی(پایه پنجم),10420000 تومان,9-10-11-12,دبستان 2(9 تا 12 سال)
"موسسه آموزشی تکین
(شماره تماس: 03136624957-09131008133)
آدرس: خیابان آبشار اول، روبروی خانه هنرمندان",علوم(پایه پنجم),9260000 تومان,9-10-11-12,دبستان 2(9 تا 12 سال)
"موسسه آموزشی تکین
(شماره تماس: 03136624957-09131008133)
آدرس: خیابان آبشار اول، روبروی خانه هنرمندان",المپیاد ریاضی(پایه پنجم),6950000 تومان,9-10-11-12,دبستان 2(9 تا 12 سال)
"موسسه آموزشی تکین
(شماره تماس: 03136624957-09131008133)
آدرس: خیابان آبشار اول، روبروی خانه هنرمندان",هوش و استعداد تحصیلی(پایه ششم),2500000 تومان,9-10-11-12,دبستان 2(9 تا 12 سال)
"موسسه آموزشی تکین
(شماره تماس: 03136624957-09131008133)
آدرس: خیابان آبشار اول، روبروی خانه هنرمندان",هوش محاسباتی(پایه ششم),7800000 تومان,9-10-11-12,دبستان 2(9 تا 12 سال)
"موسسه آموزشی تکین
(شماره تماس: 03136624957-09131008133)
آدرس: خیابان آبشار اول، روبروی خانه هنرمندان",هوش ترکیبی(پایه ششم),7800000 تومان,9-10-11-12,دبستان 2(9 تا 12 سال)
"موسسه آموزشی تکین
(شماره تماس: 03136624957-09131008133)
آدرس: خیابان آبشار اول، روبروی خانه هنرمندان",هوش و خلاقیت مرشد(پایه ششم),7800000 تومان,9-10-11-12,دبستان 2(9 تا 12 سال)
"موسسه آموزشی تکین
(شماره تماس: 03136624957-09131008133)
آدرس: خیابان آبشار اول، روبروی خانه هنرمندان",هوش و استعداد ریاضی(پایه ششم),7800000 تومان,9-10-11-12,دبستان 2(9 تا 12 سال)
"موسسه آموزشی تکین
(شماره تماس: 03136624957-09131008133)
آدرس: خیابان آبشار اول، روبروی خانه هنرمندان",هوش کلامی(پایه ششم),7800000 تومان,9-10-11-12,دبستان 2(9 تا 12 سال)
"موسسه آموزشی تکین
(شماره تماس: 03136624957-09131008133)
آدرس: خیابان آبشار اول، روبروی خانه هنرمندان",ادبیات(پایه ششم),7800000 تومان,9-10-11-12,دبستان 2(9 تا 12 سال)
"موسسه آموزشی تکین
(شماره تماس: 03136624957-09131008133)
آدرس: خیابان آبشار اول، روبروی خانه هنرمندان",ریاضی(پایه ششم),7800000 تومان,9-10-11-12,دبستان 2(9 تا 12 سال)
"موسسه آموزشی تکین
(شماره تماس: 03136624957-09131008133)
آدرس: خیابان آبشار اول، روبروی خانه هنرمندان",ریاضی(پایه ششم),7800000 تومان,9-10-11-12,دبستان 2(9 تا 12 سال)
"موسسه آموزشی تکین
(شماره تماس: 03136624957-09131008133)
آدرس: خیابان آبشار اول، روبروی خانه هنرمندان",علوم(پایه ششم),11460000 تومان,9-10-11-12,دبستان 2(9 تا 12 سال)
"موسسه آموزشی تکین
(شماره تماس: 03136624957-09131008133)
آدرس: خیابان آبشار اول، روبروی خانه هنرمندان",المپیاد ریاضی(پایه ششم),7800000 تومان,9-10-11-12,دبستان 2(9 تا 12 سال)
"موسسه آموزشی تکین
(شماره تماس: 03136624957-09131008133)
آدرس: خیابان آبشار اول، روبروی خانه هنرمندان",ریاضی(پایه هفتم),8840000 تومان,12-13-14-15,متوسطه 1(12 تا 15 سال)
"موسسه آموزشی تکین
(شماره تماس: 03136624957-09131008133)
آدرس: خیابان آبشار اول، روبروی خانه هنرمندان",فیزیک(پایه هفتم),5790000 تومان,12-13-14-15,متوسطه 1(12 تا 15 سال)
"موسسه آموزشی تکین
(شماره تماس: 03136624957-09131008133)
آدرس: خیابان آبشار اول، روبروی خانه هنرمندان",فیزیک(پایه هفتم),8840000 تومان,12-13-14-15,متوسطه 1(12 تا 15 سال)
"موسسه آموزشی تکین
(شماره تماس: 03136624957-09131008133)
آدرس: خیابان آبشار اول، روبروی خانه هنرمندان",شیمی(پایه هفتم),5790000 تومان,12-13-14-15,متوسطه 1(12 تا 15 سال)
"موسسه آموزشی تکین
(شماره تماس: 03136624957-09131008133)
آدرس: خیابان آبشار اول، روبروی خانه هنرمندان",شیمی(پایه هفتم),8840000 تومان,12-13-14-15,متوسطه 1(12 تا 15 سال)
"موسسه آموزشی تکین
(شماره تماس: 03136624957-09131008133)
آدرس: خیابان آبشار اول، روبروی خانه هنرمندان",زیست شناسی(پایه هفتم),5790000 تومان,12-13-14-15,متوسطه 1(12 تا 15 سال)
"موسسه آموزشی تکین
(شماره تماس: 03136624957-09131008133)
آدرس: خیابان آبشار اول، روبروی خانه هنرمندان",ادبیات(پایه هفتم),6000000 تومان,12-13-14-15,متوسطه 1(12 تا 15 سال)
"موسسه آموزشی تکین
(شماره تماس: 03136624957-09131008133)
آدرس: خیابان آبشار اول، روبروی خانه هنرمندان",عربی(پایه هفتم),4100000 تومان,12-13-14-15,متوسطه 1(12 تا 15 سال)
"موسسه آموزشی تکین
(شماره تماس: 03136624957-09131008133)
آدرس: خیابان آبشار اول، روبروی خانه هنرمندان",زبان(پایه هفتم),6000000 تومان,12-13-14-15,متوسطه 1(12 تا 15 سال)
"موسسه آموزشی تکین
(شماره تماس: 03136624957-09131008133)
آدرس: خیابان آبشار اول، روبروی خانه هنرمندان",ریاضی(پایه هشتم),4100000 تومان,12-13-14-15,متوسطه 1(12 تا 15 سال)
"موسسه آموزشی تکین
(شماره تماس: 03136624957-09131008133)
آدرس: خیابان آبشار اول، روبروی خانه هنرمندان",ریاضی(پایه هشتم),8840000 تومان,12-13-14-15,متوسطه 1(12 تا 15 سال)
"موسسه آموزشی تکین
(شماره تماس: 03136624957-09131008133)
آدرس: خیابان آبشار اول، روبروی خانه هنرمندان",ریاضی(پایه هشتم),10420000 تومان,12-13-14-15,متوسطه 1(12 تا 15 سال)
"موسسه آموزشی تکین
(شماره تماس: 03136624957-09131008133)
آدرس: خیابان آبشار اول، روبروی خانه هنرمندان",فیزیک(پایه هشتم),6210000 تومان,12-13-14-15,متوسطه 1(12 تا 15 سال)
"موسسه آموزشی تکین
(شماره تماس: 03136624957-09131008133)
آدرس: خیابان آبشار اول، روبروی خانه هنرمندان",فیزیک(پایه هشتم),10420000 تومان,12-13-14-15,متوسطه 1(12 تا 15 سال)
"موسسه آموزشی تکین
(شماره تماس: 03136624957-09131008133)
آدرس: خیابان آبشار اول، روبروی خانه هنرمندان",شیمی(پایه هشتم),6210000 تومان,12-13-14-15,متوسطه 1(12 تا 15 سال)
"موسسه آموزشی تکین
(شماره تماس: 03136624957-09131008133)
آدرس: خیابان آبشار اول، روبروی خانه هنرمندان",شیمی(پایه هشتم),10420000 تومان,12-13-14-15,متوسطه 1(12 تا 15 سال)
"موسسه آموزشی تکین
(شماره تماس: 03136624957-09131008133)
آدرس: خیابان آبشار اول، روبروی خانه هنرمندان",زیست شناسی(پایه هشتم),6210000 تومان,12-13-14-15,متوسطه 1(12 تا 15 سال)
"موسسه آموزشی تکین
(شماره تماس: 03136624957-09131008133)
آدرس: خیابان آبشار اول، روبروی خانه هنرمندان",زیست شناسی(پایه هشتم),7260000 تومان,12-13-14-15,متوسطه 1(12 تا 15 سال)
"موسسه آموزشی تکین
(شماره تماس: 03136624957-09131008133)
آدرس: خیابان آبشار اول، روبروی خانه هنرمندان",ادبیات(پایه هشتم),6000000 تومان,12-13-14-15,متوسطه 1(12 تا 15 سال)
"موسسه آموزشی تکین
(شماره تماس: 03136624957-09131008133)
آدرس: خیابان آبشار اول، روبروی خانه هنرمندان",عربی(پایه هشتم),4095000 تومان,12-13-14-15,متوسطه 1(12 تا 15 سال)
"موسسه آموزشی تکین
(شماره تماس: 03136624957-09131008133)
آدرس: خیابان آبشار اول، روبروی خانه هنرمندان",زبان(پایه هشتم),6000000 تومان,12-13-14-15,متوسطه 1(12 تا 15 سال)
"موسسه آموزشی تکین
(شماره تماس: 03136624957-09131008133)
آدرس: خیابان آبشار اول، روبروی خانه هنرمندان",ریاضی(پایه نهم),4100000 تومان,12-13-14-15,متوسطه 1(12 تا 15 سال)
"موسسه آموزشی تکین
(شماره تماس: 03136624957-09131008133)
آدرس: خیابان آبشار اول، روبروی خانه هنرمندان",ریاضی(پایه نهم),8840000 تومان,12-13-14-15,متوسطه 1(12 تا 15 سال)
"موسسه آموزشی تکین
(شماره تماس: 03136624957-09131008133)
آدرس: خیابان آبشار اول، روبروی خانه هنرمندان",ریاضی(پایه نهم),10420000 تومان,12-13-14-15,متوسطه 1(12 تا 15 سال)
"موسسه آموزشی تکین
(شماره تماس: 03136624957-09131008133)
آدرس: خیابان آبشار اول، روبروی خانه هنرمندان",فیزیک(پایه نهم),6210000 تومان,12-13-14-15,متوسطه 1(12 تا 15 سال)
"موسسه آموزشی تکین
(شماره تماس: 03136624957-09131008133)
آدرس: خیابان آبشار اول، روبروی خانه هنرمندان",فیزیک(پایه نهم),10420000 تومان,12-13-14-15,متوسطه 1(12 تا 15 سال)
"موسسه آموزشی تکین
(شماره تماس: 03136624957-09131008133)
آدرس: خیابان آبشار اول، روبروی خانه هنرمندان",فیزیک(پایه نهم),8840000 تومان,12-13-14-15,متوسطه 1(12 تا 15 سال)
"موسسه آموزشی تکین
(شماره تماس: 03136624957-09131008133)
آدرس: خیابان آبشار اول، روبروی خانه هنرمندان",شیمی(پایه نهم),6210000 تومان,12-13-14-15,متوسطه 1(12 تا 15 سال)
"موسسه آموزشی تکین
(شماره تماس: 03136624957-09131008133)
آدرس: خیابان آبشار اول، روبروی خانه هنرمندان",شیمی(پایه نهم),10420000 تومان,12-13-14-15,متوسطه 1(12 تا 15 سال)
"موسسه آموزشی تکین
(شماره تماس: 03136624957-09131008133)
آدرس: خیابان آبشار اول، روبروی خانه هنرمندان",شیمی(پایه نهم),11580000 تومان,12-13-14-15,متوسطه 1(12 تا 15 سال)
"موسسه آموزشی تکین
(شماره تماس: 03136624957-09131008133)
آدرس: خیابان آبشار اول، روبروی خانه هنرمندان",زیست شناسی(پایه نهم),5790000 تومان,12-13-14-15,متوسطه 1(12 تا 15 سال)
"موسسه آموزشی تکین
(شماره تماس: 03136624957-09131008133)
آدرس: خیابان آبشار اول، روبروی خانه هنرمندان",زیست شناسی(پایه نهم),7260000 تومان,12-13-14-15,متوسطه 1(12 تا 15 سال)
"موسسه آموزشی تکین
(شماره تماس: 03136624957-09131008133)
آدرس: خیابان آبشار اول، روبروی خانه هنرمندان",هوش و استعداد تحصیلی(پایه نهم),6000000 تومان,12-13-14-15,متوسطه 1(12 تا 15 سال)
"موسسه آموزشی تکین
(شماره تماس: 03136624957-09131008133)
آدرس: خیابان آبشار اول، روبروی خانه هنرمندان",هوش و استعداد تحصیلی(پایه نهم),8840000 تومان,12-13-14-15,متوسطه 1(12 تا 15 سال)
"موسسه آموزشی تکین
(شماره تماس: 03136624957-09131008133)
آدرس: خیابان آبشار اول، روبروی خانه هنرمندان",ادبیات و هوش کلامی(پایه نهم),5790000 تومان,12-13-14-15,متوسطه 1(12 تا 15 سال)
"موسسه آموزشی تکین
(شماره تماس: 03136624957-09131008133)
آدرس: خیابان آبشار اول، روبروی خانه هنرمندان",عربی(پایه نهم),8840000 تومان,12-13-14-15,متوسطه 1(12 تا 15 سال)
"موسسه آموزشی تکین
(شماره تماس: 03136624957-09131008133)
آدرس: خیابان آبشار اول، روبروی خانه هنرمندان",زبان(پایه نهم),6000000 تومان,12-13-14-15,متوسطه 1(12 تا 15 سال)
"موسسه آموزشی تکین
(شماره تماس: 03136624957-09131008133)
آدرس: خیابان آبشار اول، روبروی خانه هنرمندان",ریاضی(پایه دهم),15690000 تومان,15-16-17-18,متوسطه 2(15 تا 18 سال)
"موسسه آموزشی تکین
(شماره تماس: 03136624957-09131008133)
آدرس: خیابان آبشار اول، روبروی خانه هنرمندان",هندسه(پایه دهم),5580000 تومان,15-16-17-18,متوسطه 2(15 تا 18 سال)
"موسسه آموزشی تکین
(شماره تماس: 03136624957-09131008133)
آدرس: خیابان آبشار اول، روبروی خانه هنرمندان",فیزیک(پایه دهم),8840000 تومان,15-16-17-18,متوسطه 2(15 تا 18 سال)
"موسسه آموزشی تکین
(شماره تماس: 03136624957-09131008133)
آدرس: خیابان آبشار اول، روبروی خانه هنرمندان",فیزیک(پایه دهم),15690000 تومان,15-16-17-18,متوسطه 2(15 تا 18 سال)
"موسسه آموزشی تکین
(شماره تماس: 03136624957-09131008133)
آدرس: خیابان آبشار اول، روبروی خانه هنرمندان",فیزیک(پایه دهم),16210000 تومان,15-16-17-18,متوسطه 2(15 تا 18 سال)
"موسسه آموزشی تکین
(شماره تماس: 03136624957-09131008133)
آدرس: خیابان آبشار اول، روبروی خانه هنرمندان",شیمی(پایه دهم),7260000 تومان,15-16-17-18,متوسطه 2(15 تا 18 سال)
"موسسه آموزشی تکین
(شماره تماس: 03136624957-09131008133)
آدرس: خیابان آبشار اول، روبروی خانه هنرمندان",شیمی(پایه دهم),16740000 تومان,15-16-17-18,متوسطه 2(15 تا 18 سال)
"موسسه آموزشی تکین
(شماره تماس: 03136624957-09131008133)
آدرس: خیابان آبشار اول، روبروی خانه هنرمندان",شیمی(پایه دهم),7260000 تومان,15-16-17-18,متوسطه 2(15 تا 18 سال)
"موسسه آموزشی تکین
(شماره تماس: 03136624957-09131008133)
آدرس: خیابان آبشار اول، روبروی خانه هنرمندان",زیست شناسی(پایه دهم),15690000 تومان,15-16-17-18,متوسطه 2(15 تا 18 سال)
"موسسه آموزشی تکین
(شماره تماس: 03136624957-09131008133)
آدرس: خیابان آبشار اول، روبروی خانه هنرمندان",زیست شناسی(پایه دهم),15690000 تومان,15-16-17-18,متوسطه 2(15 تا 18 سال)
"موسسه آموزشی تکین
(شماره تماس: 03136624957-09131008133)
آدرس: خیابان آبشار اول، روبروی خانه هنرمندان",ادبیات(پایه دهم),5580000 تومان,15-16-17-18,متوسطه 2(15 تا 18 سال)
"موسسه آموزشی تکین
(شماره تماس: 03136624957-09131008133)
آدرس: خیابان آبشار اول، روبروی خانه هنرمندان",عربی(پایه دهم),8320000 تومان,15-16-17-18,متوسطه 2(15 تا 18 سال)
"موسسه آموزشی تکین
(شماره تماس: 03136624957-09131008133)
آدرس: خیابان آبشار اول، روبروی خانه هنرمندان",زبان(پایه دهم),8320000 تومان,15-16-17-18,متوسطه 2(15 تا 18 سال)
"موسسه آموزشی تکین
(شماره تماس: 03136624957-09131008133)
آدرس: خیابان آبشار اول، روبروی خانه هنرمندان",ریاضی(پایه یازدهم),8320000 تومان,15-16-17-18,متوسطه 2(15 تا 18 سال)
"موسسه آموزشی تکین
(شماره تماس: 03136624957-09131008133)
آدرس: خیابان آبشار اول، روبروی خانه هنرمندان",ریاضی(پایه یازدهم),16740000 تومان,15-16-17-18,متوسطه 2(15 تا 18 سال)
"موسسه آموزشی تکین
(شماره تماس: 03136624957-09131008133)
آدرس: خیابان آبشار اول، روبروی خانه هنرمندان",حسابان(پایه یازدهم),7260000 تومان,15-16-17-18,متوسطه 2(15 تا 18 سال)
"موسسه آموزشی تکین
(شماره تماس: 03136624957-09131008133)
آدرس: خیابان آبشار اول، روبروی خانه هنرمندان",حسابان(پایه یازدهم),16740000 تومان,15-16-17-18,متوسطه 2(15 تا 18 سال)
"موسسه آموزشی تکین
(شماره تماس: 03136624957-09131008133)
آدرس: خیابان آبشار اول، روبروی خانه هنرمندان",هندسه(پایه یازدهم),7260000 تومان,15-16-17-18,متوسطه 2(15 تا 18 سال)
"موسسه آموزشی تکین
(شماره تماس: 03136624957-09131008133)
آدرس: خیابان آبشار اول، روبروی خانه هنرمندان",فیزیک(پایه یازدهم),9370000 تومان,15-16-17-18,متوسطه 2(15 تا 18 سال)
"موسسه آموزشی تکین
(شماره تماس: 03136624957-09131008133)
آدرس: خیابان آبشار اول، روبروی خانه هنرمندان",فیزیک(پایه یازدهم),16740000 تومان,15-16-17-18,متوسطه 2(15 تا 18 سال)
"موسسه آموزشی تکین
(شماره تماس: 03136624957-09131008133)
آدرس: خیابان آبشار اول، روبروی خانه هنرمندان",شیمی(پایه یازدهم),7260000 تومان,15-16-17-18,متوسطه 2(15 تا 18 سال)
"موسسه آموزشی تکین
(شماره تماس: 03136624957-09131008133)
آدرس: خیابان آبشار اول، روبروی خانه هنرمندان",شیمی(پایه یازدهم),16740000 تومان,15-16-17-18,متوسطه 2(15 تا 18 سال)
"موسسه آموزشی تکین
(شماره تماس: 03136624957-09131008133)
آدرس: خیابان آبشار اول، روبروی خانه هنرمندان",زیست شناسی(پایه یازدهم),7260000 تومان,15-16-17-18,متوسطه 2(15 تا 18 سال)
"موسسه آموزشی تکین
(شماره تماس: 03136624957-09131008133)
آدرس: خیابان آبشار اول، روبروی خانه هنرمندان",زیست شناسی(پایه یازدهم),16740000 تومان,15-16-17-18,متوسطه 2(15 تا 18 سال)
"موسسه آموزشی تکین
(شماره تماس: 03136624957-09131008133)
آدرس: خیابان آبشار اول، روبروی خانه هنرمندان",ادبیات(پایه یازدهم),7260000 تومان,15-16-17-18,متوسطه 2(15 تا 18 سال)
"موسسه آموزشی تکین
(شماره تماس: 03136624957-09131008133)
آدرس: خیابان آبشار اول، روبروی خانه هنرمندان",عربی(پایه یازدهم),8320000 تومان,15-16-17-18,متوسطه 2(15 تا 18 سال)
"موسسه آموزشی تکین
(شماره تماس: 03136624957-09131008133)
آدرس: خیابان آبشار اول، روبروی خانه هنرمندان",زبان(پایه یازدهم),8320000 تومان,15-16-17-18,متوسطه 2(15 تا 18 سال)
"موسسه آموزشی تکین
(شماره تماس: 03136624957-09131008133)
آدرس: خیابان آبشار اول، روبروی خانه هنرمندان",ریاضی(پایه دوازدهم),8320000 تومان,15-16-17-18,متوسطه 2(15 تا 18 سال)
"موسسه آموزشی تکین
(شماره تماس: 03136624957-09131008133)
آدرس: خیابان آبشار اول، روبروی خانه هنرمندان",ریاضی(پایه دوازدهم),16740000 تومان,15-16-17-18,متوسطه 2(15 تا 18 سال)
"موسسه آموزشی تکین
(شماره تماس: 03136624957-09131008133)
آدرس: خیابان آبشار اول، روبروی خانه هنرمندان",حسابان(پایه دوازدهم),7260000 تومان,15-16-17-18,متوسطه 2(15 تا 18 سال)
"موسسه آموزشی تکین
(شماره تماس: 03136624957-09131008133)
آدرس: خیابان آبشار اول، روبروی خانه هنرمندان",حسابان(پایه دوازدهم),16740000 تومان,15-16-17-18,متوسطه 2(15 تا 18 سال)
"موسسه آموزشی تکین
(شماره تماس: 03136624957-09131008133)
آدرس: خیابان آبشار اول، روبروی خانه هنرمندان",هندسه(پایه دوازدهم),7260000 تومان,15-16-17-18,متوسطه 2(15 تا 18 سال)
"موسسه آموزشی تکین
(شماره تماس: 03136624957-09131008133)
آدرس: خیابان آبشار اول، روبروی خانه هنرمندان",فیزیک(پایه دوازدهم),9900000 تومان,15-16-17-18,متوسطه 2(15 تا 18 سال)
"موسسه آموزشی تکین
(شماره تماس: 03136624957-09131008133)
آدرس: خیابان آبشار اول، روبروی خانه هنرمندان",فیزیک(پایه دوازدهم),16740000 تومان,15-16-17-18,متوسطه 2(15 تا 18 سال)
"موسسه آموزشی تکین
(شماره تماس: 03136624957-09131008133)
آدرس: خیابان آبشار اول، روبروی خانه هنرمندان",شیمی(پایه دوازدهم),7260000 تومان,15-16-17-18,متوسطه 2(15 تا 18 سال)
"موسسه آموزشی تکین
(شماره تماس: 03136624957-09131008133)
آدرس: خیابان آبشار اول، روبروی خانه هنرمندان",شیمی(پایه دوازدهم),16740000 تومان,15-16-17-18,متوسطه 2(15 تا 18 سال)
"موسسه آموزشی تکین
(شماره تماس: 03136624957-09131008133)
آدرس: خیابان آبشار اول، روبروی خانه هنرمندان",زیست شناسی(پایه دوازدهم),7260000 تومان,15-16-17-18,متوسطه 2(15 تا 18 سال)
"موسسه آموزشی تکین
(شماره تماس: 03136624957-09131008133)
آدرس: خیابان آبشار اول، روبروی خانه هنرمندان",ادبیات(پایه دوازدهم),16740000 تومان,15-16-17-18,متوسطه 2(15 تا 18 سال)
"موسسه آموزشی تکین
(شماره تماس: 03136624957-09131008133)
آدرس: خیابان آبشار اول، روبروی خانه هنرمندان",عربی(پایه دوازدهم),8295000 تومان,15-16-17-18,متوسطه 2(15 تا 18 سال)
"موسسه آموزشی تکین
(شماره تماس: 03136624957-09131008133)
آدرس: خیابان آبشار اول، روبروی خانه هنرمندان",زبان(پایه دوازدهم),8295000 تومان,15-16-17-18,متوسطه 2(15 تا 18 سال)
"موسسه آموزشی تکین
(شماره تماس: 03136624957-09131008133)
آدرس: خیابان آبشار اول، روبروی خانه هنرمندان",زبان(پایه دوازدهم),8320000 تومان,15-16-17-18,متوسطه 2(15 تا 18 سال)
"استخر شاهین خمینی شهر
(شماره تماس: 03133629991-09131187291-09373818917)
آدرس: خمینی شهر، خیابان شریعتی شمالی، کوچه 94، استخر و تالار شاهین",آموزش نیمه خصوصی شنا,5000000 تومان,6-7-8-9,دبستان1(6 تا 9 سال)
"استخر شاهین خمینی شهر
(شماره تماس: 03133629991-09131187291-09373818917)
آدرس: خمینی شهر، خیابان شریعتی شمالی، کوچه 94، استخر و تالار شاهین",آموزش عمومی شنا,4000000 تومان,6-7-8-9,دبستان1(6 تا 9 سال)
"استخر شاهین خمینی شهر
(شماره تماس: 03133629991-09131187291-09373818917)
آدرس: خمینی شهر، خیابان شریعتی شمالی، کوچه 94، استخر و تالار شاهین",آموزش نیمه خصوصی شنا,5000000 تومان,9-10-11-12,دبستان 2(9 تا 12 سال)
"استخر شاهین خمینی شهر
(شماره تماس: 03133629991-09131187291-09373818917)
آدرس: خمینی شهر، خیابان شریعتی شمالی، کوچه 94، استخر و تالار شاهین",آموزش عمومی شنا,4000000 تومان,9-10-11-12,دبستان 2(9 تا 12 سال)
"استخر شاهین خمینی شهر
(شماره تماس: 03133629991-09131187291-09373818917)
آدرس: خمینی شهر، خیابان شریعتی شمالی، کوچه 94، استخر و تالار شاهین",آموزش نیمه خصوصی شنا,5000000 تومان,12-13-14-15,متوسطه 1(12 تا 15 سال)
"استخر شاهین خمینی شهر
(شماره تماس: 03133629991-09131187291-09373818917)
آدرس: خمینی شهر، خیابان شریعتی شمالی، کوچه 94، استخر و تالار شاهین",آموزش عمومی شنا,4000000 تومان,12-13-14-15,متوسطه 1(12 تا 15 سال)
"استخر شاهین خمینی شهر
(شماره تماس: 03133629991-09131187291-09373818917)
آدرس: خمینی شهر، خیابان شریعتی شمالی، کوچه 94، استخر و تالار شاهین",آموزش نیمه خصوصی شنا,5000000 تومان,15-16-17-18,متوسطه 2(15 تا 18 سال)
"استخر شاهین خمینی شهر
(شماره تماس: 03133629991-09131187291-09373818917)
آدرس: خمینی شهر، خیابان شریعتی شمالی، کوچه 94، استخر و تالار شاهین",آموزش عمومی شنا,4000000 تومان,15-16-17-18,متوسطه 2(15 تا 18 سال)
"استخر شاهین خمینی شهر
(شماره تماس: 03133629991-09131187291-09373818917)
آدرس: خمینی شهر، خیابان شریعتی شمالی، کوچه 94، استخر و تالار شاهین",آموزش نیمه خصوصی شنا,5000000 تومان,19-...,بزرگسالان ( فرزندان-18 سال به بالا)
"استخر شاهین خمینی شهر
(شماره تماس: 03133629991-09131187291-09373818917)
آدرس: خمینی شهر، خیابان شریعتی شمالی، کوچه 94، استخر و تالار شاهین",آموزش عمومی شنا,4000000 تومان,19-...,بزرگسالان ( فرزندان-18 سال به بالا)
"باشگاه ورزشی شهدای مخابرات
(شماره تماس: 09131020810)
آدرس: اصفهان، انتهای خیابان بی سیم شرقی",آموزش بسکتبال پسران,1900000 تومان,9-10-11-12,دبستان 2(9 تا 12 سال)
"باشگاه ورزشی شهدای مخابرات
(شماره تماس: 09131020810)
آدرس: اصفهان، انتهای خیابان بی سیم شرقی",آموزش بسکتبال دختران,1900000 تومان,9-10-11-12,دبستان 2(9 تا 12 سال)
"باشگاه ورزشی شهدای مخابرات
(شماره تماس: 09131020810)
آدرس: اصفهان، انتهای خیابان بی سیم شرقی",آموزش بسکتبال پسران,1900000 تومان,12-13-14-15,متوسطه 1(12 تا 15 سال)
"باشگاه ورزشی شهدای مخابرات
(شماره تماس: 09131020810)
آدرس: اصفهان، انتهای خیابان بی سیم شرقی",آموزش بسکتبال دختران,1900000 تومان,12-13-14-15,متوسطه 1(12 تا 15 سال)
"خانه شطرنج اصفهان
(شماره تماس: 03135685100)
آدرس: اتوبان چمران، خیابان محمدطاهر، خانه شطرنج اصفهان",آموزش شطرنج متوسطه,750000 تومان,6-7-8-9,دبستان1(6 تا 9 سال)
"خانه شطرنج اصفهان
(شماره تماس: 03135685100)
آدرس: اتوبان چمران، خیابان محمدطاهر، خانه شطرنج اصفهان",آموزش شطرنج پیشرفته,850000 تومان,6-7-8-9,دبستان1(6 تا 9 سال)
"خانه شطرنج اصفهان
(شماره تماس: 03135685100)
آدرس: اتوبان چمران، خیابان محمدطاهر، خانه شطرنج اصفهان",آموزش شطرنج متوسطه,750000 تومان,9-10-11-12,دبستان 2(9 تا 12 سال)
"خانه شطرنج اصفهان
(شماره تماس: 03135685100)
آدرس: اتوبان چمران، خیابان محمدطاهر، خانه شطرنج اصفهان",آموزش شطرنج پیشرفته,850000 تومان,9-10-11-12,دبستان 2(9 تا 12 سال)
"خانه شطرنج اصفهان
(شماره تماس: 03135685100)
آدرس: اتوبان چمران، خیابان محمدطاهر، خانه شطرنج اصفهان",آموزش شطرنج متوسطه,750000 تومان,12-13-14-15,متوسطه 1(12 تا 15 سال)
"خانه شطرنج اصفهان
(شماره تماس: 03135685100)
آدرس: اتوبان چمران، خیابان محمدطاهر، خانه شطرنج اصفهان",آموزش شطرنج پیشرفته,850000 تومان,12-13-14-15,متوسطه 1(12 تا 15 سال)
"خانه شطرنج اصفهان
(شماره تماس: 03135685100)
آدرس: اتوبان چمران، خیابان محمدطاهر، خانه شطرنج اصفهان",آموزش شطرنج متوسطه,750000 تومان,15-16-17-18,متوسطه 2(15 تا 18 سال)
"خانه شطرنج اصفهان
(شماره تماس: 03135685100)
آدرس: اتوبان چمران، خیابان محمدطاهر، خانه شطرنج اصفهان",آموزش شطرنج پیشرفته,850000 تومان,15-16-17-18,متوسطه 2(15 تا 18 سال)
"خانه شطرنج اصفهان
(شماره تماس: 03135685100)
آدرس: اتوبان چمران، خیابان محمدطاهر، خانه شطرنج اصفهان",آموزش شطرنج متوسطه,750000 تومان,19-...,بزرگسالان ( فرزندان-18 سال به بالا)
"خانه شطرنج اصفهان
(شماره تماس: 03135685100)
آدرس: اتوبان چمران، خیابان محمدطاهر، خانه شطرنج اصفهان",آموزش شطرنج پیشرفته,850000 تومان,19-...,بزرگسالان ( فرزندان-18 سال به بالا)
"مرکز رشد فطرت
(شماره تماس: 09934991335)
آدرس: میدان برازنده، مسجد بقیه الله، طبقه فوقانی",نقاشی و خلاقیت کودک,700000 تومان,4-5-6-,پیش دبستانی(5 سال یا کمتر)
"مرکز رشد فطرت
(شماره تماس: 09934991335)
آدرس: میدان برازنده، مسجد بقیه الله، طبقه فوقانی",سفال,700000 تومان,4-5-6-,پیش دبستانی(5 سال یا کمتر)
"مرکز رشد فطرت
(شماره تماس: 09934991335)
آدرس: میدان برازنده، مسجد بقیه الله، طبقه فوقانی",قرآن شکوفه ها,500000 تومان,4-5-6-,پیش دبستانی(5 سال یا کمتر)
"مرکز رشد فطرت
(شماره تماس: 09934991335)
آدرس: میدان برازنده، مسجد بقیه الله، طبقه فوقانی",مهارت های زندگی کودک,700000 تومان,6-7-8-9,دبستان1(6 تا 9 سال)
"مرکز رشد فطرت
(شماره تماس: 09934991335)
آدرس: میدان برازنده، مسجد بقیه الله، طبقه فوقانی",نقاشی دختران,700000 تومان,6-7-8-9,دبستان1(6 تا 9 سال)
"مرکز رشد فطرت
(شماره تماس: 09934991335)
آدرس: میدان برازنده، مسجد بقیه الله، طبقه فوقانی",کونگ فو دختران,900000 تومان,6-7-8-9,دبستان1(6 تا 9 سال)
"مرکز رشد فطرت
(شماره تماس: 09934991335)
آدرس: میدان برازنده، مسجد بقیه الله، طبقه فوقانی",ژیمناستیک دختران,900000 تومان,6-7-8-9,دبستان1(6 تا 9 سال)
"مرکز رشد فطرت
(شماره تماس: 09934991335)
آدرس: میدان برازنده، مسجد بقیه الله، طبقه فوقانی",تکواندو دختران,900000 تومان,6-7-8-9,دبستان1(6 تا 9 سال)
"مرکز رشد فطرت
(شماره تماس: 09934991335)
آدرس: میدان برازنده، مسجد بقیه الله، طبقه فوقانی",کاراته دختران,900000 تومان,6-7-8-9,دبستان1(6 تا 9 سال)
"مرکز رشد فطرت
(شماره تماس: 09934991335)
آدرس: میدان برازنده، مسجد بقیه الله، طبقه فوقانی",فوتسال دختران,1200000 تومان,6-7-8-9,دبستان1(6 تا 9 سال)
"مرکز رشد فطرت
(شماره تماس: 09934991335)
آدرس: میدان برازنده، مسجد بقیه الله، طبقه فوقانی",ریاضی(اول به دوم) دختران,800000 تومان,6-7-8-9,دبستان1(6 تا 9 سال)
"مرکز رشد فطرت
(شماره تماس: 09934991335)
آدرس: میدان برازنده، مسجد بقیه الله، طبقه فوقانی",فارسی(اول به دوم) دختران,800000 تومان,6-7-8-9,دبستان1(6 تا 9 سال)
"مرکز رشد فطرت
(شماره تماس: 09934991335)
آدرس: میدان برازنده، مسجد بقیه الله، طبقه فوقانی",نقاشی پسران,700000 تومان,6-7-8-9,دبستان1(6 تا 9 سال)
"مرکز رشد فطرت
(شماره تماس: 09934991335)
آدرس: میدان برازنده، مسجد بقیه الله، طبقه فوقانی",کاراته پسران,900000 تومان,6-7-8-9,دبستان1(6 تا 9 سال)
"مرکز رشد فطرت
(شماره تماس: 09934991335)
آدرس: میدان برازنده، مسجد بقیه الله، طبقه فوقانی",کونگ فو پسران,900000 تومان,6-7-8-9,دبستان1(6 تا 9 سال)
"مرکز رشد فطرت
(شماره تماس: 09934991335)
آدرس: میدان برازنده، مسجد بقیه الله، طبقه فوقانی",ژیمناستیک پسران,900000 تومان,6-7-8-9,دبستان1(6 تا 9 سال)
"مرکز رشد فطرت
(شماره تماس: 09934991335)
آدرس: میدان برازنده، مسجد بقیه الله، طبقه فوقانی",فوتسال پسران,1200000 تومان,6-7-8-9,دبستان1(6 تا 9 سال)
"مرکز رشد فطرت
(شماره تماس: 09934991335)
آدرس: میدان برازنده، مسجد بقیه الله، طبقه فوقانی",جعبه گفتار(فن بیان) دختران,1500000 تومان,9-10-11-12,دبستان 2(9 تا 12 سال)
"مرکز رشد فطرت
(شماره تماس: 09934991335)
آدرس: میدان برازنده، مسجد بقیه الله، طبقه فوقانی",خوشنویسی دختران,900000 تومان,9-10-11-12,دبستان 2(9 تا 12 سال)
"مرکز رشد فطرت
(شماره تماس: 09934991335)
آدرس: میدان برازنده، مسجد بقیه الله، طبقه فوقانی",نقاشی روی پارچه دختران,700000 تومان,9-10-11-12,دبستان 2(9 تا 12 سال)
"مرکز رشد فطرت
(شماره تماس: 09934991335)
آدرس: میدان برازنده، مسجد بقیه الله، طبقه فوقانی",نقاشی دختران,700000 تومان,9-10-11-12,دبستان 2(9 تا 12 سال)
"مرکز رشد فطرت
(شماره تماس: 09934991335)
آدرس: میدان برازنده، مسجد بقیه الله، طبقه فوقانی",کارگاه چرم(دوخت چرم، نقاشی روی چرم و معرق چرم) دختران,700000 تومان,9-10-11-12,دبستان 2(9 تا 12 سال)
"مرکز رشد فطرت
(شماره تماس: 09934991335)
آدرس: میدان برازنده، مسجد بقیه الله، طبقه فوقانی",رزین دختران,700000 تومان,9-10-11-12,دبستان 2(9 تا 12 سال)
"مرکز رشد فطرت
(شماره تماس: 09934991335)
آدرس: میدان برازنده، مسجد بقیه الله، طبقه فوقانی",آموزش سنگ  مصنوعی و دکوراسیون دختران,700000 تومان,9-10-11-12,دبستان 2(9 تا 12 سال)
"مرکز رشد فطرت
(شماره تماس: 09934991335)
آدرس: میدان برازنده، مسجد بقیه الله، طبقه فوقانی",کونگ فو دختران,700000 تومان,9-10-11-12,دبستان 2(9 تا 12 سال)
"مرکز رشد فطرت
(شماره تماس: 09934991335)
آدرس: میدان برازنده، مسجد بقیه الله، طبقه فوقانی",ژیمناستیک دختران,900000 تومان,9-10-11-12,دبستان 2(9 تا 12 سال)
"مرکز رشد فطرت
(شماره تماس: 09934991335)
آدرس: میدان برازنده، مسجد بقیه الله، طبقه فوقانی",تکواندو دختران,900000 تومان,9-10-11-12,دبستان 2(9 تا 12 سال)
"مرکز رشد فطرت
(شماره تماس: 09934991335)
آدرس: میدان برازنده، مسجد بقیه الله، طبقه فوقانی",کاراته دختران,900000 تومان,9-10-11-12,دبستان 2(9 تا 12 سال)
"مرکز رشد فطرت
(شماره تماس: 09934991335)
آدرس: میدان برازنده، مسجد بقیه الله، طبقه فوقانی",فوتسال دختران,900000 تومان,9-10-11-12,دبستان 2(9 تا 12 سال)
"مرکز رشد فطرت
(شماره تماس: 09934991335)
آدرس: میدان برازنده، مسجد بقیه الله، طبقه فوقانی",والیبال دختران,1200000 تومان,9-10-11-12,دبستان 2(9 تا 12 سال)
"مرکز رشد فطرت
(شماره تماس: 09934991335)
آدرس: میدان برازنده، مسجد بقیه الله، طبقه فوقانی",شنا دختران(قد 120 سانت به بالا),1200000 تومان,9-10-11-12,دبستان 2(9 تا 12 سال)
"مرکز رشد فطرت
(شماره تماس: 09934991335)
آدرس: میدان برازنده، مسجد بقیه الله، طبقه فوقانی",چرتکه دختران,2500000 تومان,9-10-11-12,دبستان 2(9 تا 12 سال)
"مرکز رشد فطرت
(شماره تماس: 09934991335)
آدرس: میدان برازنده، مسجد بقیه الله، طبقه فوقانی",روان خوانی قرآن دختران,800000 تومان,9-10-11-12,دبستان 2(9 تا 12 سال)
"مرکز رشد فطرت
(شماره تماس: 09934991335)
آدرس: میدان برازنده، مسجد بقیه الله، طبقه فوقانی",چرتکه پسران,500000 تومان,9-10-11-12,دبستان 2(9 تا 12 سال)
"مرکز رشد فطرت
(شماره تماس: 09934991335)
آدرس: میدان برازنده، مسجد بقیه الله، طبقه فوقانی",زبان  Family & Friends پسران,800000 تومان,9-10-11-12,دبستان 2(9 تا 12 سال)
"مرکز رشد فطرت
(شماره تماس: 09934991335)
آدرس: میدان برازنده، مسجد بقیه الله، طبقه فوقانی",خوشنویسی پسران,1500000 تومان,9-10-11-12,دبستان 2(9 تا 12 سال)
"مرکز رشد فطرت
(شماره تماس: 09934991335)
آدرس: میدان برازنده، مسجد بقیه الله، طبقه فوقانی",نقاشی پسران,700000 تومان,9-10-11-12,دبستان 2(9 تا 12 سال)
"مرکز رشد فطرت
(شماره تماس: 09934991335)
آدرس: میدان برازنده، مسجد بقیه الله، طبقه فوقانی",شنا پسران(قد 120 سانت به بالا),700000 تومان,9-10-11-12,دبستان 2(9 تا 12 سال)
"مرکز رشد فطرت
(شماره تماس: 09934991335)
آدرس: میدان برازنده، مسجد بقیه الله، طبقه فوقانی",کاراته پسران,2500000 تومان,9-10-11-12,دبستان 2(9 تا 12 سال)
"مرکز رشد فطرت
(شماره تماس: 09934991335)
آدرس: میدان برازنده، مسجد بقیه الله، طبقه فوقانی",کونگ فو پسران,900000 تومان,9-10-11-12,دبستان 2(9 تا 12 سال)
"مرکز رشد فطرت
(شماره تماس: 09934991335)
آدرس: میدان برازنده، مسجد بقیه الله، طبقه فوقانی",ژیمناستیک پسران,900000 تومان,9-10-11-12,دبستان 2(9 تا 12 سال)
"مرکز رشد فطرت
(شماره تماس: 09934991335)
آدرس: میدان برازنده، مسجد بقیه الله، طبقه فوقانی",فوتسال پسران,900000 تومان,9-10-11-12,دبستان 2(9 تا 12 سال)
"مرکز رشد فطرت
(شماره تماس: 09934991335)
آدرس: میدان برازنده، مسجد بقیه الله، طبقه فوقانی",پرورش استعداد کودکان,1200000 تومان,9-10-11-12,دبستان 2(9 تا 12 سال)
"مرکز رشد فطرت
(شماره تماس: 09934991335)
آدرس: میدان برازنده، مسجد بقیه الله، طبقه فوقانی",تئاتر دختران,1500000 تومان,12-13-14-15,متوسطه 1(12 تا 15 سال)
"مرکز رشد فطرت
(شماره تماس: 09934991335)
آدرس: میدان برازنده، مسجد بقیه الله، طبقه فوقانی",خوشنویسی دختران,1000000 تومان,12-13-14-15,متوسطه 1(12 تا 15 سال)
"مرکز رشد فطرت
(شماره تماس: 09934991335)
آدرس: میدان برازنده، مسجد بقیه الله، طبقه فوقانی",گلدوزی دختران,700000 تومان,12-13-14-15,متوسطه 1(12 تا 15 سال)
"مرکز رشد فطرت
(شماره تماس: 09934991335)
آدرس: میدان برازنده، مسجد بقیه الله، طبقه فوقانی",نقاشی روی پارچه دختران,700000 تومان,12-13-14-15,متوسطه 1(12 تا 15 سال)
"مرکز رشد فطرت
(شماره تماس: 09934991335)
آدرس: میدان برازنده، مسجد بقیه الله، طبقه فوقانی",کارگاه چرم(دوخت چرم، نقاشی روی چرم و معرق چرم) دختران,700000 تومان,12-13-14-15,متوسطه 1(12 تا 15 سال)
"مرکز رشد فطرت
(شماره تماس: 09934991335)
آدرس: میدان برازنده، مسجد بقیه الله، طبقه فوقانی",رزین دختران,700000 تومان,12-13-14-15,متوسطه 1(12 تا 15 سال)
"مرکز رشد فطرت
(شماره تماس: 09934991335)
آدرس: میدان برازنده، مسجد بقیه الله، طبقه فوقانی",آموزش سنگ  مصنوعی و دکوراسیون دختران,700000 تومان,12-13-14-15,متوسطه 1(12 تا 15 سال)
"مرکز رشد فطرت
(شماره تماس: 09934991335)
آدرس: میدان برازنده، مسجد بقیه الله، طبقه فوقانی",کونگ فو دختران,700000 تومان,12-13-14-15,متوسطه 1(12 تا 15 سال)
"مرکز رشد فطرت
(شماره تماس: 09934991335)
آدرس: میدان برازنده، مسجد بقیه الله، طبقه فوقانی",ژیمناستیک دختران,900000 تومان,12-13-14-15,متوسطه 1(12 تا 15 سال)
"مرکز رشد فطرت
(شماره تماس: 09934991335)
آدرس: میدان برازنده، مسجد بقیه الله، طبقه فوقانی",تکواندو دختران,900000 تومان,12-13-14-15,متوسطه 1(12 تا 15 سال)
"مرکز رشد فطرت
(شماره تماس: 09934991335)
آدرس: میدان برازنده، مسجد بقیه الله، طبقه فوقانی",کاراته دختران,900000 تومان,12-13-14-15,متوسطه 1(12 تا 15 سال)
"مرکز رشد فطرت
(شماره تماس: 09934991335)
آدرس: میدان برازنده، مسجد بقیه الله، طبقه فوقانی",فوتسال دختران,900000 تومان,12-13-14-15,متوسطه 1(12 تا 15 سال)
"مرکز رشد فطرت
(شماره تماس: 09934991335)
آدرس: میدان برازنده، مسجد بقیه الله، طبقه فوقانی",والیبال دختران,1200000 تومان,12-13-14-15,متوسطه 1(12 تا 15 سال)
"مرکز رشد فطرت
(شماره تماس: 09934991335)
آدرس: میدان برازنده، مسجد بقیه الله، طبقه فوقانی",شنا دختران(قد 120 سانت به بالا),1200000 تومان,12-13-14-15,متوسطه 1(12 تا 15 سال)
"مرکز رشد فطرت
(شماره تماس: 09934991335)
آدرس: میدان برازنده، مسجد بقیه الله، طبقه فوقانی",چرتکه دختران,2500000 تومان,12-13-14-15,متوسطه 1(12 تا 15 سال)
"مرکز رشد فطرت
(شماره تماس: 09934991335)
آدرس: میدان برازنده، مسجد بقیه الله، طبقه فوقانی",روان خوانی قرآن دختران,800000 تومان,12-13-14-15,متوسطه 1(12 تا 15 سال)
"مرکز رشد فطرت
(شماره تماس: 09934991335)
آدرس: میدان برازنده، مسجد بقیه الله، طبقه فوقانی",چرتکه پسران,500000 تومان,12-13-14-15,متوسطه 1(12 تا 15 سال)
"مرکز رشد فطرت
(شماره تماس: 09934991335)
آدرس: میدان برازنده، مسجد بقیه الله، طبقه فوقانی",زبان  Family & Friends پسران,800000 تومان,12-13-14-15,متوسطه 1(12 تا 15 سال)
"مرکز رشد فطرت
(شماره تماس: 09934991335)
آدرس: میدان برازنده، مسجد بقیه الله، طبقه فوقانی",خوشنویسی پسران,1500000 تومان,12-13-14-15,متوسطه 1(12 تا 15 سال)
"مرکز رشد فطرت
(شماره تماس: 09934991335)
آدرس: میدان برازنده، مسجد بقیه الله، طبقه فوقانی",شنا پسران(قد 120 سانت به بالا),700000 تومان,12-13-14-15,متوسطه 1(12 تا 15 سال)
"مرکز رشد فطرت
(شماره تماس: 09934991335)
آدرس: میدان برازنده، مسجد بقیه الله، طبقه فوقانی",کاراته پسران,2500000 تومان,12-13-14-15,متوسطه 1(12 تا 15 سال)
"مرکز رشد فطرت
(شماره تماس: 09934991335)
آدرس: میدان برازنده، مسجد بقیه الله، طبقه فوقانی",کونگ فو پسران,900000 تومان,12-13-14-15,متوسطه 1(12 تا 15 سال)
"مرکز رشد فطرت
(شماره تماس: 09934991335)
آدرس: میدان برازنده، مسجد بقیه الله، طبقه فوقانی",ژیمناستیک پسران,900000 تومان,12-13-14-15,متوسطه 1(12 تا 15 سال)
"مرکز رشد فطرت
(شماره تماس: 09934991335)
آدرس: میدان برازنده، مسجد بقیه الله، طبقه فوقانی",فوتسال پسران,900000 تومان,12-13-14-15,متوسطه 1(12 تا 15 سال)
"مرکز رشد فطرت
(شماره تماس: 09934991335)
آدرس: میدان برازنده، مسجد بقیه الله، طبقه فوقانی",تئاتر دختران,1500000 تومان,15-16-17-18,متوسطه 2(15 تا 18 سال)
"مرکز رشد فطرت
(شماره تماس: 09934991335)
آدرس: میدان برازنده، مسجد بقیه الله، طبقه فوقانی",خوشنویسی دختران,1000000 تومان,15-16-17-18,متوسطه 2(15 تا 18 سال)
"مرکز رشد فطرت
(شماره تماس: 09934991335)
آدرس: میدان برازنده، مسجد بقیه الله، طبقه فوقانی",گلدوزی دختران,700000 تومان,15-16-17-18,متوسطه 2(15 تا 18 سال)
"مرکز رشد فطرت
(شماره تماس: 09934991335)
آدرس: میدان برازنده، مسجد بقیه الله، طبقه فوقانی",نقاشی روی پارچه دختران,700000 تومان,15-16-17-18,متوسطه 2(15 تا 18 سال)
"مرکز رشد فطرت
(شماره تماس: 09934991335)
آدرس: میدان برازنده، مسجد بقیه الله، طبقه فوقانی",کارگاه چرم(دوخت چرم، نقاشی روی چرم و معرق چرم) دختران,700000 تومان,15-16-17-18,متوسطه 2(15 تا 18 سال)
"مرکز رشد فطرت
(شماره تماس: 09934991335)
آدرس: میدان برازنده، مسجد بقیه الله، طبقه فوقانی",رزین دختران,700000 تومان,15-16-17-18,متوسطه 2(15 تا 18 سال)
"مرکز رشد فطرت
(شماره تماس: 09934991335)
آدرس: میدان برازنده، مسجد بقیه الله، طبقه فوقانی",آموزش سنگ  مصنوعی و دکوراسیون دختران,700000 تومان,15-16-17-18,متوسطه 2(15 تا 18 سال)
"مرکز رشد فطرت
(شماره تماس: 09934991335)
آدرس: میدان برازنده، مسجد بقیه الله، طبقه فوقانی",کونگ فو دختران,700000 تومان,15-16-17-18,متوسطه 2(15 تا 18 سال)
"مرکز رشد فطرت
(شماره تماس: 09934991335)
آدرس: میدان برازنده، مسجد بقیه الله، طبقه فوقانی",ژیمناستیک دختران,900000 تومان,15-16-17-18,متوسطه 2(15 تا 18 سال)
"مرکز رشد فطرت
(شماره تماس: 09934991335)
آدرس: میدان برازنده، مسجد بقیه الله، طبقه فوقانی",تکواندو دختران,900000 تومان,15-16-17-18,متوسطه 2(15 تا 18 سال)
"مرکز رشد فطرت
(شماره تماس: 09934991335)
آدرس: میدان برازنده، مسجد بقیه الله، طبقه فوقانی",کاراته دختران,900000 تومان,15-16-17-18,متوسطه 2(15 تا 18 سال)
"مرکز رشد فطرت
(شماره تماس: 09934991335)
آدرس: میدان برازنده، مسجد بقیه الله، طبقه فوقانی",فوتسال دختران,900000 تومان,15-16-17-18,متوسطه 2(15 تا 18 سال)
"مرکز رشد فطرت
(شماره تماس: 09934991335)
آدرس: میدان برازنده، مسجد بقیه الله، طبقه فوقانی",والیبال دختران,1200000 تومان,15-16-17-18,متوسطه 2(15 تا 18 سال)
"مرکز رشد فطرت
(شماره تماس: 09934991335)
آدرس: میدان برازنده، مسجد بقیه الله، طبقه فوقانی",شنا دختران(قد 120 سانت به بالا),1200000 تومان,15-16-17-18,متوسطه 2(15 تا 18 سال)
"مرکز رشد فطرت
(شماره تماس: 09934991335)
آدرس: میدان برازنده، مسجد بقیه الله، طبقه فوقانی",چرتکه دختران,2500000 تومان,15-16-17-18,متوسطه 2(15 تا 18 سال)
"مرکز رشد فطرت
(شماره تماس: 09934991335)
آدرس: میدان برازنده، مسجد بقیه الله، طبقه فوقانی",روان خوانی قرآن دختران,800000 تومان,15-16-17-18,متوسطه 2(15 تا 18 سال)
"مرکز رشد فطرت
(شماره تماس: 09934991335)
آدرس: میدان برازنده، مسجد بقیه الله، طبقه فوقانی",چرتکه پسران,500000 تومان,15-16-17-18,متوسطه 2(15 تا 18 سال)
"مرکز رشد فطرت
(شماره تماس: 09934991335)
آدرس: میدان برازنده، مسجد بقیه الله، طبقه فوقانی",زبان  Family & Friends پسران,800000 تومان,15-16-17-18,متوسطه 2(15 تا 18 سال)
"مرکز رشد فطرت
(شماره تماس: 09934991335)
آدرس: میدان برازنده، مسجد بقیه الله، طبقه فوقانی",خوشنویسی پسران,1500000 تومان,15-16-17-18,متوسطه 2(15 تا 18 سال)
"مرکز رشد فطرت
(شماره تماس: 09934991335)
آدرس: میدان برازنده، مسجد بقیه الله، طبقه فوقانی",شنا پسران(قد 120 سانت به بالا),700000 تومان,15-16-17-18,متوسطه 2(15 تا 18 سال)
"مرکز رشد فطرت
(شماره تماس: 09934991335)
آدرس: میدان برازنده، مسجد بقیه الله، طبقه فوقانی",کاراته پسران,2500000 تومان,15-16-17-18,متوسطه 2(15 تا 18 سال)
"مرکز رشد فطرت
(شماره تماس: 09934991335)
آدرس: میدان برازنده، مسجد بقیه الله، طبقه فوقانی",کونگ فو پسران,900000 تومان,15-16-17-18,متوسطه 2(15 تا 18 سال)
"مرکز رشد فطرت
(شماره تماس: 09934991335)
آدرس: میدان برازنده، مسجد بقیه الله، طبقه فوقانی",ژیمناستیک پسران,900000 تومان,15-16-17-18,متوسطه 2(15 تا 18 سال)
"مرکز رشد فطرت
(شماره تماس: 09934991335)
آدرس: میدان برازنده، مسجد بقیه الله، طبقه فوقانی",فوتسال پسران,900000 تومان,15-16-17-18,متوسطه 2(15 تا 18 سال)
"مرکز رشد فطرت
(شماره تماس: 09934991335)
آدرس: میدان برازنده، مسجد بقیه الله، طبقه فوقانی",دوخت مقدماتی بانوان,2500000 تومان,19-...,بزرگسالان ( فرزندان-18 سال به بالا)
"مرکز رشد فطرت
(شماره تماس: 09934991335)
آدرس: میدان برازنده، مسجد بقیه الله، طبقه فوقانی",دوخت تکمیلی بانوان,2500000 تومان,19-...,بزرگسالان ( فرزندان-18 سال به بالا)
"مرکز رشد فطرت
(شماره تماس: 09934991335)
آدرس: میدان برازنده، مسجد بقیه الله، طبقه فوقانی",پیلاتس بانوان,900000 تومان,19-...,بزرگسالان ( فرزندان-18 سال به بالا)
"آموزش تنیس خاکی
(شماره تماس: 09130202670)
آدرس:  پرواز پلاس",آموزش تنیس خاکی 3 نفره,6000000 تومان,19-...,بزرگسالان ( فرزندان-18 سال به بالا)
"آموزش تنیس خاکی
(شماره تماس: 09130202670)
آدرس:  پرواز پلاس",آموزش تنیس خاکی 2 نفره,7500000 تومان,19-...,بزرگسالان ( فرزندان-18 سال به بالا)
خانواده با سه فرزند و بیشتر,متوسطه اول,قیمت موجود نیست,12-13-14-15,متوسطه 1(12 تا 15 سال)
خانواده با سه فرزند و بیشتر,متوسطه دوم,قیمت موجود نیست,12-13-14-15,متوسطه 1(12 تا 15 سال)
خانواده با سه فرزند و بیشتر,مقاطع بالاتر,قیمت موجود نیست,12-13-14-15,متوسطه 1(12 تا 15 سال)
خانواده با سه فرزند و بیشتر,144,قیمت موجود نیست,15-16-17-18,متوسطه 2(15 تا 18 سال)
خانواده با سه فرزند و بیشتر,120,قیمت موجود نیست,15-16-17-18,متوسطه 2(15 تا 18 سال)
خانواده با سه فرزند و بیشتر,184,قیمت موجود نیست,15-16-17-18,متوسطه 2(15 تا 18 سال)
خانواده با سه فرزند و بیشتر,1072,قیمت موجود نیست,15-16-17-18,متوسطه 2(15 تا 18 سال)
