institute,address,phone,title,price,min_age,max_age,grade
جهاد دانشگاهی اصفهان 20 درصد,آدرس شعب در فایل پیوست,03137932073,چرتکه,2.750.000 تومان,9,12,دبستان2
جهاد دانشگاهی اصفهان 20 درصد,آدرس شعب در فایل پیوست,03137932073,هوش مصنوعی,2.400.000 تومان,12,15,متوسطه1
جهاد دانشگاهی اصفهان 20 درصد,آدرس شعب در فایل پیوست,03137932073,هوش مصنوعی,2.400.000 تومان,15,18,متوسطه2
جهاد دانشگاهی اصفهان 20 درصد,آدرس شعب در فایل پیوست,03137932073,راه اندازی مشاغل خانگی,250.000 تومان,19,99,بزرگسالان
جهاد دانشگاهی اصفهان 20 درصد,آدرس شعب در فایل پیوست,03137932073,ICDL,9.500.000 تومان,12,15,متوسطه1
جهاد دانشگاهی اصفهان 20 درصد,آدرس شعب در فایل پیوست,03137932073,ICDL,9.500.000 تومان,15,18,متوسطه2
جهاد دانشگاهی اصفهان 20 درصد,آدرس شعب در فایل پیوست,03137932073,ICDL,9.500.000 تومان,19,99,بزرگسالان
جهاد دانشگاهی اصفهان 20 درصد,آدرس شعب در فایل پیوست,03137932073,بازی سازی با اسکرچ,2.400.000 تومان,9,12,دبستان2
جهاد دانشگاهی اصفهان 20 درصد,آدرس شعب در فایل پیوست,03137932073,پایتون نوجوانان,4.500.000 تومان,12,15,متوسطه1
جهاد دانشگاهی اصفهان 20 درصد,آدرس شعب در فایل پیوست,03137932073,پایتون نوجوانان,4.500.000 تومان,15,18,متوسطه2
جهاد دانشگاهی اصفهان 20 درصد,آدرس شعب در فایل پیوست,03137932073,امداد و نجات,2.500.000 تومان,19,99,بزرگسالان
جهاد دانشگاهی اصفهان 20 درصد,آدرس شعب در فایل پیوست,03137932073,هوش مالی کودکان,3.000.000 تومان,9,12,دبستان2
جهاد دانشگاهی اصفهان 20 درصد,آدرس شعب در فایل پیوست,03137932073,طراحی سایت,4.500.000 تومان,12,15,متوسطه1
جهاد دانشگاهی اصفهان 20 درصد,آدرس شعب در فایل پیوست,03137932073,طراحی سایت,4.500.000 تومان,15,18,متوسطه2
جهاد دانشگاهی اصفهان 20 درصد,آدرس شعب در فایل پیوست,03137932073,رباتیک,3.500.000 تومان,9,12,دبستان2
جهاد دانشگاهی اصفهان 20 درصد,آدرس شعب در فایل پیوست,03137932073,فن بیان,2.400.000 تومان,12,15,متوسطه1
جهاد دانشگاهی اصفهان 20 درصد,آدرس شعب در فایل پیوست,03137932073,فن بیان,2.400.000 تومان,15,18,متوسطه2
جهاد دانشگاهی اصفهان 20 درصد,آدرس شعب در فایل پیوست,03137932073,فتوشاپ مقدماتی و پیشرفته,9.000.000 تومان,6,9,دبستان1
جهاد دانشگاهی اصفهان 20 درصد,آدرس شعب در فایل پیوست,03137932073,فتوشاپ مقدماتی و پیشرفته,9.000.000 تومان,9,12,دبستان2
جهاد دانشگاهی اصفهان 20 درصد,آدرس شعب در فایل پیوست,03137932073,فتوشاپ مقدماتی و پیشرفته,9.000.000 تومان,12,15,متوسطه1
جهاد دانشگاهی اصفهان 20 درصد,آدرس شعب در فایل پیوست,03137932073,فتوشاپ مقدماتی و پیشرفته,9.000.000 تومان,15,18,متوسطه2
جهاد دانشگاهی اصفهان 20 درصد,آدرس شعب در فایل پیوست,03137932073,صداسازی قرآنی و زیباخوانی قرآن و اذان,1.200.000 تومان,6,9,دبستان1
جهاد دانشگاهی اصفهان 20 درصد,آدرس شعب در فایل پیوست,03137932073,صداسازی قرآنی و زیباخوانی قرآن و اذان,1.200.000 تومان,9,12,دبستان2
جهاد دانشگاهی اصفهان 20 درصد,آدرس شعب در فایل پیوست,03137932073,صداسازی قرآنی و زیباخوانی قرآن و اذان,1.200.000 تومان,12,15,متوسطه1
جهاد دانشگاهی اصفهان 20 درصد,آدرس شعب در فایل پیوست,03137932073,صداسازی قرآنی و زیباخوانی قرآن و اذان,1.200.000 تومان,15,18,متوسطه2
جهاد دانشگاهی اصفهان 20 درصد,آدرس شعب در فایل پیوست,03137932073,مهارت های ارتباطی,2.400.000 تومان,6,9,دبستان1
جهاد دانشگاهی اصفهان 20 درصد,آدرس شعب در فایل پیوست,03137932073,مهارت های ارتباطی,2.400.000 تومان,9,12,دبستان2
جهاد دانشگاهی اصفهان 20 درصد,آدرس شعب در فایل پیوست,03137932073,مهارت های ارتباطی,2.400.000 تومان,12,15,متوسطه1
جهاد دانشگاهی اصفهان 20 درصد,آدرس شعب در فایل پیوست,03137932073,مهارت های ارتباطی,2.400.000 تومان,15,18,متوسطه2
جهاد دانشگاهی اصفهان 20 درصد,آدرس شعب در فایل پیوست,03137932073,سواد رسانه ای,1.200.000 تومان,6,9,دبستان1
جهاد دانشگاهی اصفهان 20 درصد,آدرس شعب در فایل پیوست,03137932073,سواد رسانه ای,1.200.000 تومان,9,12,دبستان2
جهاد دانشگاهی اصفهان 20 درصد,آدرس شعب در فایل پیوست,03137932073,سواد رسانه ای,1.200.000 تومان,12,15,متوسطه1
جهاد دانشگاهی اصفهان 20 درصد,آدرس شعب در فایل پیوست,03137932073,سواد رسانه ای,1.200.000 تومان,15,18,متوسطه2
جهاد دانشگاهی اصفهان 20 درصد,آدرس شعب در فایل پیوست,03137932073,خبرنگاری و نشریه,1.700.000 تومان,6,9,دبستان1
جهاد دانشگاهی اصفهان 20 درصد,آدرس شعب در فایل پیوست,03137932073,خبرنگاری و نشریه,1.700.000 تومان,9,12,دبستان2
جهاد دانشگاهی اصفهان 20 درصد,آدرس شعب در فایل پیوست,03137932073,خبرنگاری و نشریه,1.700.000 تومان,12,15,متوسطه1
جهاد دانشگاهی اصفهان 20 درصد,آدرس شعب در فایل پیوست,03137932073,خبرنگاری و نشریه,1.700.000 تومان,15,18,متوسطه2
جهاد دانشگاهی اصفهان 20 درصد,آدرس شعب در فایل پیوست,03137932073,خوشنویسی و تحریر,1.500.000 تومان,6,9,دبستان1
جهاد دانشگاهی اصفهان 20 درصد,آدرس شعب در فایل پیوست,03137932073,خوشنویسی و تحریر,1.500.000 تومان,9,12,دبستان2
جهاد دانشگاهی اصفهان 20 درصد,آدرس شعب در فایل پیوست,03137932073,خوشنویسی و تحریر,1.500.000 تومان,12,15,متوسطه1
جهاد دانشگاهی اصفهان 20 درصد,آدرس شعب در فایل پیوست,03137932073,خوشنویسی و تحریر,1.500.000 تومان,15,18,متوسطه2
جهاد دانشگاهی اصفهان 20 درصد,آدرس شعب در فایل پیوست,03137932073,تولید محتوای فرهنگی,1.000.000 تومان,6,9,دبستان1
جهاد دانشگاهی اصفهان 20 درصد,آدرس شعب در فایل پیوست,03137932073,تولید محتوای فرهنگی,1.000.000 تومان,9,12,دبستان2
جهاد دانشگاهی اصفهان 20 درصد,آدرس شعب در فایل پیوست,03137932073,تولید محتوای فرهنگی,1.000.000 تومان,12,15,متوسطه1
جهاد دانشگاهی اصفهان 20 درصد,آدرس شعب در فایل پیوست,03137932073,تولید محتوای فرهنگی,1.000.000 تومان,15,18,متوسطه2
جهاد دانشگاهی اصفهان 20 درصد,آدرس شعب در فایل پیوست,03137932073,تئاتر و بازیگری نوجوان,1.700.000 تومان,12,15,متوسطه1
جهاد دانشگاهی اصفهان 20 درصد,آدرس شعب در فایل پیوست,03137932073,تئاتر و بازیگری نوجوان,1.700.000 تومان,15,18,متوسطه2
جهاد دانشگاهی اصفهان 20 درصد,آدرس شعب در فایل پیوست,03137932073,عکاسی با موبایل,2.800.000 تومان,12,15,متوسطه1
جهاد دانشگاهی اصفهان 20 درصد,آدرس شعب در فایل پیوست,03137932073,عکاسی با موبایل,2.800.000 تومان,15,18,متوسطه2
جهاد دانشگاهی اصفهان 20 درصد,آدرس شعب در فایل پیوست,03137932073,نقاشی,2.600.000 تومان,6,9,دبستان1
جهاد دانشگاهی اصفهان 20 درصد,آدرس شعب در فایل پیوست,03137932073,نقاشی,2.600.000 تومان,9,12,دبستان2
جهاد دانشگاهی اصفهان 20 درصد,آدرس شعب در فایل پیوست,03137932073,نقاشی,2.600.000 تومان,12,15,متوسطه1
جهاد دانشگاهی اصفهان 20 درصد,آدرس شعب در فایل پیوست,03137932073,نقاشی,2.600.000 تومان,15,18,متوسطه2
جهاد دانشگاهی صنعتی اصفهان 20 درصد,آدرس شعب در فایل پیوست,0313849,فوتوشاپ,3.900.000 تومان,12,15,متوسطه1
جهاد دانشگاهی صنعتی اصفهان 20 درصد,آدرس شعب در فایل پیوست,0313849,طراحی سایت,6.400.000 تومان,15,18,متوسطه2
جهاد دانشگاهی صنعتی اصفهان 20 درصد,آدرس شعب در فایل پیوست,0313849,طراحی سایت,6.400.000 تومان,19,99,بزرگسالان
جهاد دانشگاهی صنعتی اصفهان 20 درصد,آدرس شعب در فایل پیوست,0313849,افترافکت,5.400.000 تومان,15,18,متوسطه2
جهاد دانشگاهی صنعتی اصفهان 20 درصد,آدرس شعب در فایل پیوست,0313849,افترافکت,5.400.000 تومان,19,99,بزرگسالان
جهاد دانشگاهی صنعتی اصفهان 20 درصد,آدرس شعب در فایل پیوست,0313849,زبان انگلیسی,2.600.000 تومان,6,9,دبستان1
جهاد دانشگاهی صنعتی اصفهان 20 درصد,آدرس شعب در فایل پیوست,0313849,زبان انگلیسی,2.600.000 تومان,9,12,دبستان2
جهاد دانشگاهی صنعتی اصفهان 20 درصد,آدرس شعب در فایل پیوست,0313849,زبان انگلیسی,2.600.000 تومان,12,15,متوسطه1
جهاد دانشگاهی صنعتی اصفهان 20 درصد,آدرس شعب در فایل پیوست,0313849,زبان انگلیسی,2.600.000 تومان,15,18,متوسطه2
جهاد دانشگاهی صنعتی اصفهان 20 درصد,آدرس شعب در فایل پیوست,0313849,زبان انگلیسی,3.000.000 تومان,19,99,بزرگسالان
جهاد دانشگاهی صنعتی اصفهان 20 درصد,آدرس شعب در فایل پیوست,0313849,تولید محتوا با هوش مصنوعی,3.600.000 تومان,15,18,متوسطه2
جهاد دانشگاهی صنعتی اصفهان 20 درصد,آدرس شعب در فایل پیوست,0313849,تولید محتوا با هوش مصنوعی,3.600.000 تومان,19,99,بزرگسالان
جهاد دانشگاهی صنعتی اصفهان 20 درصد,آدرس شعب در فایل پیوست,0313849,باشگاه کارآفرین نوجوان,3.000.000 تومان,12,15,متوسطه1
جهاد دانشگاهی صنعتی اصفهان 20 درصد,آدرس شعب در فایل پیوست,0313849,باشگاه کارآفرین نوجوان,3.000.000 تومان,15,18,متوسطه2
جهاد دانشگاهی صنعتی اصفهان 20 درصد,آدرس شعب در فایل پیوست,0313849,یادگیری ماشین,7.800.000 تومان,19,99,بزرگسالان
مجتمع آموزشی متاکو 15 درصد,آدرس : خیابان هزار جریب خیابان کارگر جنب فنی حرفه ای,03136683290,پایتون مقدماتی و پیشرفته,5.700.000 تومان,12,15,متوسطه1
مجتمع آموزشی متاکو 15 درصد,آدرس : خیابان هزار جریب خیابان کارگر جنب فنی حرفه ای,03136683290,پایتون مقدماتی و پیشرفته,5.700.000 تومان,15,18,متوسطه2
مجتمع آموزشی متاکو 15 درصد,آدرس : خیابان هزار جریب خیابان کارگر جنب فنی حرفه ای,03136683290,حسابداری ویژه بازار کار,12.700.000 تومان,19,99,بزرگسالان
مجتمع آموزشی متاکو 15 درصد,آدرس : خیابان هزار جریب خیابان کارگر جنب فنی حرفه ای,03136683290,ساخت اپلیکیشن  با پایتون,6.000.000 تومان,12,15,متوسطه1
مجتمع آموزشی متاکو 15 درصد,آدرس : خیابان هزار جریب خیابان کارگر جنب فنی حرفه ای,03136683290,ساخت اپلیکیشن  با پایتون,6.000.000 تومان,15,18,متوسطه2
مجتمع آموزشی متاکو 15 درصد,آدرس : خیابان هزار جریب خیابان کارگر جنب فنی حرفه ای,03136683290,پایتون,8.100.000 تومان,19,99,بزرگسالان
مجتمع آموزشی متاکو 15 درصد,آدرس : خیابان هزار جریب خیابان کارگر جنب فنی حرفه ای,03136683290,پرامپت نویسی و راستی آزمایی Al,6.800.000 تومان,9,12,دبستان2
مجتمع آموزشی متاکو 15 درصد,آدرس : خیابان هزار جریب خیابان کارگر جنب فنی حرفه ای,03136683290,پرامپت نویسی و راستی آزمایی Al,6.800.000 تومان,12,15,متوسطه1
مجتمع آموزشی متاکو 15 درصد,آدرس : خیابان هزار جریب خیابان کارگر جنب فنی حرفه ای,03136683290,پرامپت نویسی و راستی آزمایی Al,6.800.000 تومان,15,18,متوسطه2
مجتمع آموزشی متاکو 15 درصد,آدرس : خیابان هزار جریب خیابان کارگر جنب فنی حرفه ای,03136683290,افترافکت,6.800.000 تومان,19,99,بزرگسالان
مجتمع آموزشی متاکو 15 درصد,آدرس : خیابان هزار جریب خیابان کارگر جنب فنی حرفه ای,03136683290,iCDL1(windows-Word-Power point-internet),5.100.000 تومان,12,15,متوسطه1
مجتمع آموزشی متاکو 15 درصد,آدرس : خیابان هزار جریب خیابان کارگر جنب فنی حرفه ای,03136683290,iCDL1(windows-Word-Power point-internet),5.100.000 تومان,15,18,متوسطه2
مجتمع آموزشی متاکو 15 درصد,آدرس : خیابان هزار جریب خیابان کارگر جنب فنی حرفه ای,03136683290,ICDL 1,6.800.000 تومان,19,99,بزرگسالان
مجتمع آموزشی متاکو 15 درصد,آدرس : خیابان هزار جریب خیابان کارگر جنب فنی حرفه ای,03136683290,اکسل,5.500.000 تومان,12,15,متوسطه1
مجتمع آموزشی متاکو 15 درصد,آدرس : خیابان هزار جریب خیابان کارگر جنب فنی حرفه ای,03136683290,اکسل,5.500.000 تومان,15,18,متوسطه2
مجتمع آموزشی متاکو 15 درصد,آدرس : خیابان هزار جریب خیابان کارگر جنب فنی حرفه ای,03136683290,فوتوشاپ,6.800.000 تومان,19,99,بزرگسالان
مجتمع آموزشی متاکو 15 درصد,آدرس : خیابان هزار جریب خیابان کارگر جنب فنی حرفه ای,03136683290,اسکرچ,5.500.000 تومان,9,12,دبستان2
مجتمع آموزشی متاکو 15 درصد,آدرس : خیابان هزار جریب خیابان کارگر جنب فنی حرفه ای,03136683290,تولید محتوا با موبایل,7.200.000 تومان,12,15,متوسطه1
مجتمع آموزشی متاکو 15 درصد,آدرس : خیابان هزار جریب خیابان کارگر جنب فنی حرفه ای,03136683290,تولید محتوا با موبایل,7.200.000 تومان,15,18,متوسطه2
مجتمع آموزشی متاکو 15 درصد,آدرس : خیابان هزار جریب خیابان کارگر جنب فنی حرفه ای,03136683290,دوره کاربردی مدیر شبکه,15.300.000 تومان,19,99,بزرگسالان
مجتمع آموزشی متاکو 15 درصد,آدرس : خیابان هزار جریب خیابان کارگر جنب فنی حرفه ای,03136683290,هوش مصنوعی,6.000.000 تومان,9,12,دبستان2
مجتمع آموزشی متاکو 15 درصد,آدرس : خیابان هزار جریب خیابان کارگر جنب فنی حرفه ای,03136683290,هوش مصنوعی,6.000.000 تومان,12,15,متوسطه1
مجتمع آموزشی متاکو 15 درصد,آدرس : خیابان هزار جریب خیابان کارگر جنب فنی حرفه ای,03136683290,هوش مصنوعی,6.000.000 تومان,15,18,متوسطه2
مجتمع آموزشی متاکو 15 درصد,آدرس : خیابان هزار جریب خیابان کارگر جنب فنی حرفه ای,03136683290,هوش مصنوعی,6.000.000 تومان,19,99,بزرگسالان
مجتمع آموزشی متاکو 15 درصد,آدرس : خیابان هزار جریب خیابان کارگر جنب فنی حرفه ای,03136683290,آموزش بازی سازی,6.000.000 تومان,9,12,دبستان2
مجتمع آموزشی متاکو 15 درصد,آدرس : خیابان هزار جریب خیابان کارگر جنب فنی حرفه ای,03136683290,لیگ های حرفه ای بازی سازی,6.000.000 تومان,12,15,متوسطه1
مجتمع آموزشی متاکو 15 درصد,آدرس : خیابان هزار جریب خیابان کارگر جنب فنی حرفه ای,03136683290,لیگ های حرفه ای بازی سازی,6.000.000 تومان,15,18,متوسطه2
اداره کل آموزش فنی و حرفه ای اصفهان,آدرس : خیابان هزار جریب خیابان کارگر,,برق خودرو,"1,000,000 تا 1,500,000 تومان",15,18,متوسطه2
اداره کل آموزش فنی و حرفه ای اصفهان,آدرس : خیابان هزار جریب خیابان کارگر,,برق خودرو,"1,000,000 تا 1,500,000 تومان",19,99,بزرگسالان
اداره کل آموزش فنی و حرفه ای اصفهان,آدرس : خیابان هزار جریب خیابان کارگر,,ECU,"1,000,000 تا 1,500,000 تومان",15,18,متوسطه2
اداره کل آموزش فنی و حرفه ای اصفهان,آدرس : خیابان هزار جریب خیابان کارگر,,ECU,"1,000,000 تا 1,500,000 تومان",19,99,بزرگسالان
اداره کل آموزش فنی و حرفه ای اصفهان,آدرس : خیابان هزار جریب خیابان کارگر,,PLC,"1,000,000 تا 1,500,000 تومان",15,18,متوسطه2
اداره کل آموزش فنی و حرفه ای اصفهان,آدرس : خیابان هزار جریب خیابان کارگر,,PLC,"1,000,000 تا 1,500,000 تومان",19,99,بزرگسالان
اداره کل آموزش فنی و حرفه ای اصفهان,آدرس : خیابان هزار جریب خیابان کارگر,,مکانیک خودرو,"1,000,000 تا 1,500,000 تومان",15,18,متوسطه2
اداره کل آموزش فنی و حرفه ای اصفهان,آدرس : خیابان هزار جریب خیابان کارگر,,مکانیک خودرو,"1,000,000 تا 1,500,000 تومان",19,99,بزرگسالان
اداره کل آموزش فنی و حرفه ای اصفهان,آدرس : خیابان هزار جریب خیابان کارگر,,تعمیرات موبایل,"1,000,000 تا 1,500,000 تومان",15,18,متوسطه2
اداره کل آموزش فنی و حرفه ای اصفهان,آدرس : خیابان هزار جریب خیابان کارگر,,تعمیرات موبایل,"1,000,000 تا 1,500,000 تومان",19,99,بزرگسالان
تاسیسات گستران  15 درصد,,09135551215,تعمیرات لوازم خانگی(یخچال،لباسشویی،ظرفشویی),"10,540,000 تومان",15,18,متوسطه2
تاسیسات گستران  15 درصد,,09135551215,تعمیرات لوازم خانگی(یخچال،لباسشویی،ظرفشویی),"10,540,000 تومان",19,99,بزرگسالان
تاسیسات گستران  15 درصد,,09135551215,پنل خورشیدی,"10,540,000 تومان",15,18,متوسطه2
تاسیسات گستران  15 درصد,,09135551215,پنل خورشیدی,"10,540,000 تومان",19,99,بزرگسالان
تاسیسات گستران  15 درصد,,09135551215,پمپ و منبع آب,"8,840,000 تومان",15,18,متوسطه2
تاسیسات گستران  15 درصد,,09135551215,پمپ و منبع آب,"8,840,000 تومان",19,99,بزرگسالان
تاسیسات گستران  15 درصد,,09135551215,تصفیه آب خانگی و نیمه صنعتی,"8,840,000 تومان",15,18,متوسطه2
تاسیسات گستران  15 درصد,,09135551215,تصفیه آب خانگی و نیمه صنعتی,"8,840,000 تومان",19,99,بزرگسالان
تاسیسات گستران  15 درصد,,09135551215,تعمیرات بردهای الکترونیکی,"10,540,000 تومان",15,18,متوسطه2
تاسیسات گستران  15 درصد,,09135551215,تعمیرات بردهای الکترونیکی,"10,540,000 تومان",19,99,بزرگسالان
تاسیسات گستران  15 درصد,,09135551215,نعمیر کولر گازی و اسپلیت,"8,840,000 تومان",15,18,متوسطه2
تاسیسات گستران  15 درصد,,09135551215,نعمیر کولر گازی و اسپلیت,"8,840,000 تومان",19,99,بزرگسالان
مرکز تخصصی آیتک 10 درصد (شماره تماس : 03136671590),آدرس : خیابان میر جنب آسمان هفتم,,رباتیک,5.300.000 تومان,9,12,دبستان2
مرکز تخصصی آیتک 10 درصد (شماره تماس : 03136671590),آدرس : خیابان میر جنب آسمان هفتم,,رباتیک,5.300.000 تومان,12,15,متوسطه1
مرکز تخصصی آیتک 10 درصد (شماره تماس : 03136671590),آدرس : خیابان میر جنب آسمان هفتم,,رباتیک,5.300.000 تومان,15,18,متوسطه2
مرکز تخصصی آیتک 10 درصد (شماره تماس : 03136671590),آدرس : خیابان میر جنب آسمان هفتم,,رباتیک,5.300.000 تومان,19,99,بزرگسالان
آموزش رباتیک صدرا 20 درصد     (شماره تماس : 03134416200),آدرس : چهارراه رزمندگان-خیابان اصفهان ویلا ساختمان اداری ویلا,,الکترونیک ربات,4.300.000 تومان,9,12,دبستان2
آموزش رباتیک صدرا 20 درصد     (شماره تماس : 03134416200),آدرس : چهارراه رزمندگان-خیابان اصفهان ویلا ساختمان اداری ویلا,,قطعه شناسی,4.900.000 تومان,12,15,متوسطه1
آموزش رباتیک صدرا 20 درصد     (شماره تماس : 03134416200),آدرس : چهارراه رزمندگان-خیابان اصفهان ویلا ساختمان اداری ویلا,,نرم افزار آلتیوم دیزاینر,5.700.000 تومان,15,18,متوسطه2
آموزش رباتیک صدرا 20 درصد     (شماره تماس : 03134416200),آدرس : چهارراه رزمندگان-خیابان اصفهان ویلا ساختمان اداری ویلا,,قطعه شناسی,4.900.000 تومان,9,12,دبستان2
آموزش رباتیک صدرا 20 درصد     (شماره تماس : 03134416200),آدرس : چهارراه رزمندگان-خیابان اصفهان ویلا ساختمان اداری ویلا,,برنامه نویسی اینوبات و پایتون,5.200.000 تومان,12,15,متوسطه1
آموزش رباتیک صدرا 20 درصد     (شماره تماس : 03134416200),آدرس : چهارراه رزمندگان-خیابان اصفهان ویلا ساختمان اداری ویلا,,سالیدورک,6.500.000 تومان,15,18,متوسطه2
آموزش رباتیک صدرا 20 درصد     (شماره تماس : 03134416200),آدرس : چهارراه رزمندگان-خیابان اصفهان ویلا ساختمان اداری ویلا,,نرم افزار آلتیوم دیزاینر,5.700.000 تومان,12,15,متوسطه1
موسسه تیزفکری      (شماره تماس : 03136631001-2),آدرس : خیابان احمدآباد کوچه19 پلاک9,,کودک توانمند,3.500.000 تومان,4,6,پیش دبستانی
موسسه تیزفکری      (شماره تماس : 03136631001-2),آدرس : خیابان احمدآباد کوچه19 پلاک9,,کودک توانمند,3.500.000 تومان,6,9,دبستان1
موسسه تیزفکری      (شماره تماس : 03136631001-2),آدرس : خیابان احمدآباد کوچه19 پلاک9,,کودک توانمند,3.500.000 تومان,9,12,دبستان2
موسسه تیزفکری      (شماره تماس : 03136631001-2),آدرس : خیابان احمدآباد کوچه19 پلاک9,,کارگاه کارآگاهی,1.300.000 تومان,12,15,متوسطه1
موسسه تیزفکری      (شماره تماس : 03136631001-2),آدرس : خیابان احمدآباد کوچه19 پلاک9,,کارگاه کارآگاهی,1.300.000 تومان,15,18,متوسطه2
موسسه تیزفکری      (شماره تماس : 03136631001-2),آدرس : خیابان احمدآباد کوچه19 پلاک9,,تفکر نقادانه,5.000.000 تومان,19,99,بزرگسالان
موسسه تیزفکری      (شماره تماس : 03136631001-2),آدرس : خیابان احمدآباد کوچه19 پلاک9,,کارگاه کارآگاهی,1.300.000 تومان,9,12,دبستان2
موسسه تیزفکری      (شماره تماس : 03136631001-2),آدرس : خیابان احمدآباد کوچه19 پلاک9,,تکان دهنده,4.000.000 تومان,15,18,متوسطه2
موسسه تیزفکری      (شماره تماس : 03136631001-2),آدرس : خیابان احمدآباد کوچه19 پلاک9,,تفکر طراحی,1.600.000 تومان,9,12,دبستان2
سازمان فرهنگی شهرداری (سایر دوره ها new.sharvandedu.ir)    (شماره تماس : 03132658577),آدرس : در اکثر نقاط شهرستان,,تئاتر,580.000 تومان,4,6,پیش دبستانی
سازمان فرهنگی شهرداری (سایر دوره ها new.sharvandedu.ir)    (شماره تماس : 03132658577),آدرس : در اکثر نقاط شهرستان,,تئاتر,580.000 تومان,9,12,دبستان2
سازمان فرهنگی شهرداری (سایر دوره ها new.sharvandedu.ir)    (شماره تماس : 03132658577),آدرس : در اکثر نقاط شهرستان,,تئاتر,580.000 تومان,12,15,متوسطه1
سازمان فرهنگی شهرداری (سایر دوره ها new.sharvandedu.ir)    (شماره تماس : 03132658577),آدرس : در اکثر نقاط شهرستان,,شطرنج,440.000 تومان,19,99,بزرگسالان
سازمان فرهنگی شهرداری (سایر دوره ها new.sharvandedu.ir)    (شماره تماس : 03132658577),آدرس : در اکثر نقاط شهرستان,,بسته های آموزشی ویژه کودک,362.000 تومان,4,6,پیش دبستانی
سازمان فرهنگی شهرداری (سایر دوره ها new.sharvandedu.ir)    (شماره تماس : 03132658577),آدرس : در اکثر نقاط شهرستان,,فن بیان,600.000 تومان,9,12,دبستان2
سازمان فرهنگی شهرداری (سایر دوره ها new.sharvandedu.ir)    (شماره تماس : 03132658577),آدرس : در اکثر نقاط شهرستان,,فن بیان,600.000 تومان,12,15,متوسطه1
سازمان فرهنگی شهرداری (سایر دوره ها new.sharvandedu.ir)    (شماره تماس : 03132658577),آدرس : در اکثر نقاط شهرستان,,فن بیان,600.000 تومان,15,18,متوسطه2
سازمان فرهنگی شهرداری (سایر دوره ها new.sharvandedu.ir)    (شماره تماس : 03132658577),آدرس : در اکثر نقاط شهرستان,,کاردستی کودک، مهارتهای زندگی,400.000 تومان,4,6,پیش دبستانی
سازمان فرهنگی شهرداری (سایر دوره ها new.sharvandedu.ir)    (شماره تماس : 03132658577),آدرس : در اکثر نقاط شهرستان,,طراحی مقدماتی,472.000 تومان,12,15,متوسطه1
سازمان فرهنگی شهرداری (سایر دوره ها new.sharvandedu.ir)    (شماره تماس : 03132658577),آدرس : در اکثر نقاط شهرستان,,طراحی پیشرفته,472.000 تومان,15,18,متوسطه2
سازمان فرهنگی شهرداری (سایر دوره ها new.sharvandedu.ir)    (شماره تماس : 03132658577),آدرس : در اکثر نقاط شهرستان,,تاب آوری، آشنایی با تیپ های شخصیتی، حل مسئله، تصمیم گیری موثر,72.000 تومان,19,99,بزرگسالان
سازمان فرهنگی شهرداری (سایر دوره ها new.sharvandedu.ir)    (شماره تماس : 03132658577),آدرس : در اکثر نقاط شهرستان,,خلاقیت، مهارت های تفکر,400.000 تومان,4,6,پیش دبستانی
سازمان فرهنگی شهرداری (سایر دوره ها new.sharvandedu.ir)    (شماره تماس : 03132658577),آدرس : در اکثر نقاط شهرستان,,تکواندو، کاراته، نینجا، دفاع شخصی، کیک بوکسینگ,550.000 تومان,12,15,متوسطه1
سازمان فرهنگی شهرداری (سایر دوره ها new.sharvandedu.ir)    (شماره تماس : 03132658577),آدرس : در اکثر نقاط شهرستان,,تکواندو، کاراته، نینجا، دفاع شخصی، کیک بوکسینگ,550.000 تومان,15,18,متوسطه2
سازمان فرهنگی شهرداری (سایر دوره ها new.sharvandedu.ir)    (شماره تماس : 03132658577),آدرس : در اکثر نقاط شهرستان,,تکواندو، کاراته، نینجا، دفاع شخصی، کیک بوکسینگ,550.000 تومان,19,99,بزرگسالان
سازمان فرهنگی شهرداری (سایر دوره ها new.sharvandedu.ir)    (شماره تماس : 03132658577),آدرس : در اکثر نقاط شهرستان,,شطرنج,440.000 تومان,12,15,متوسطه1
سازمان فرهنگی شهرداری (سایر دوره ها new.sharvandedu.ir)    (شماره تماس : 03132658577),آدرس : در اکثر نقاط شهرستان,,شطرنج پیشرفته,440.000 تومان,15,18,متوسطه2
سازمان فرهنگی شهرداری (سایر دوره ها new.sharvandedu.ir)    (شماره تماس : 03132658577),آدرس : در اکثر نقاط شهرستان,,ایروبیک، پیلاتس، آمادگی جسمانی، ژیمناستیک، فیتنس، یوگا,550.000 تومان,19,99,بزرگسالان
مجموعه آموزشی ستاک     (شماره تماس : 09138236008-09131252940),آدرس : خیابان هشت بهشت غربی نبش کوچه 25,,رباتیک (برنامه نویسی),1.900.000 تومان,9,12,دبستان2
مجموعه آموزشی ستاک     (شماره تماس : 09138236008-09131252940),آدرس : خیابان هشت بهشت غربی نبش کوچه 25,,رباتیک (برنامه نویسی),1.900.000 تومان,12,15,متوسطه1
مجموعه آموزشی ستاک     (شماره تماس : 09138236008-09131252940),آدرس : خیابان هشت بهشت غربی نبش کوچه 25,,رباتیک (برنامه نویسی),1.900.000 تومان,15,18,متوسطه2
مجموعه آموزشی ستاک     (شماره تماس : 09138236008-09131252940),آدرس : خیابان هشت بهشت غربی نبش کوچه 25,,رباتیک (برنامه نویسی),1.900.000 تومان,19,99,بزرگسالان
مجموعه آموزشی ستاک     (شماره تماس : 09138236008-09131252940),آدرس : خیابان هشت بهشت غربی نبش کوچه 25,,سازه ماکارونی,1.200.000 تومان,6,9,دبستان1
مجموعه آموزشی ستاک     (شماره تماس : 09138236008-09131252940),آدرس : خیابان هشت بهشت غربی نبش کوچه 25,,سازه ماکارونی,1.200.000 تومان,9,12,دبستان2
مجموعه آموزشی ستاک     (شماره تماس : 09138236008-09131252940),آدرس : خیابان هشت بهشت غربی نبش کوچه 25,,سازه ماکارونی,1.200.000 تومان,12,15,متوسطه1
مجموعه آموزشی ستاک     (شماره تماس : 09138236008-09131252940),آدرس : خیابان هشت بهشت غربی نبش کوچه 25,,سازه ماکارونی,1.200.000 تومان,15,18,متوسطه2
مجموعه آموزشی ستاک     (شماره تماس : 09138236008-09131252940),آدرس : خیابان هشت بهشت غربی نبش کوچه 25,,سازه ماکارونی,1.200.000 تومان,19,99,بزرگسالان
مجموعه آموزشی ستاک     (شماره تماس : 09138236008-09131252940),آدرس : خیابان هشت بهشت غربی نبش کوچه 25,,ابزارهای هوش مصنوعی,1.200.000 تومان,12,15,متوسطه1
مجموعه آموزشی ستاک     (شماره تماس : 09138236008-09131252940),آدرس : خیابان هشت بهشت غربی نبش کوچه 25,,ابزارهای هوش مصنوعی,1.200.000 تومان,15,18,متوسطه2
مجموعه آموزشی ستاک     (شماره تماس : 09138236008-09131252940),آدرس : خیابان هشت بهشت غربی نبش کوچه 25,,ابزارهای هوش مصنوعی,1.200.000 تومان,19,99,بزرگسالان
شرکت مانا       (شماره تماس : 09132000818),آدرس شعب در فایل پیوست,,آموزش شنا,2.500.000 تومان,6,9,دبستان1
شرکت مانا       (شماره تماس : 09132000818),آدرس شعب در فایل پیوست,,آموزش شنا,2.500.000 تومان,9,12,دبستان2
شرکت مانا       (شماره تماس : 09132000818),آدرس شعب در فایل پیوست,,آموزش شنا,2.500.000 تومان,12,15,متوسطه1
شرکت مانا       (شماره تماس : 09132000818),آدرس شعب در فایل پیوست,,آموزش شنا,2.500.000 تومان,15,18,متوسطه2
شرکت مانا       (شماره تماس : 09132000818),آدرس شعب در فایل پیوست,,کوهگشت های خانوادگی، اردوهای تفریحی خانوادگی,450.000 تومان,19,99,بزرگسالان
شرکت مانا       (شماره تماس : 09132000818),آدرس شعب در فایل پیوست,,دارت، فوتبال دستی,600.000 تومان,6,9,دبستان1
شرکت مانا       (شماره تماس : 09132000818),آدرس شعب در فایل پیوست,,دارت، فوتبال دستی,600.000 تومان,9,12,دبستان2
شرکت مانا       (شماره تماس : 09132000818),آدرس شعب در فایل پیوست,,دارت، فوتبال دستی,600.000 تومان,12,15,متوسطه1
شرکت مانا       (شماره تماس : 09132000818),آدرس شعب در فایل پیوست,,دارت، فوتبال دستی,600.000 تومان,15,18,متوسطه2
شرکت مانا       (شماره تماس : 09132000818),آدرس شعب در فایل پیوست,,دارت، فوتبال دستی,600.000 تومان,19,99,بزرگسالان
شرکت مانا       (شماره تماس : 09132000818),آدرس شعب در فایل پیوست,,آموزش هندبال ، بدمینتون,900.000 تومان,6,9,دبستان1
شرکت مانا       (شماره تماس : 09132000818),آدرس شعب در فایل پیوست,,آموزش هندبال ، بدمینتون,900.000 تومان,9,12,دبستان2
شرکت مانا       (شماره تماس : 09132000818),آدرس شعب در فایل پیوست,,آموزش هندبال ، بدمینتون,900.000 تومان,12,15,متوسطه1
شرکت مانا       (شماره تماس : 09132000818),آدرس شعب در فایل پیوست,,آموزش هندبال ، بدمینتون,900.000 تومان,15,18,متوسطه2
شرکت مانا       (شماره تماس : 09132000818),آدرس شعب در فایل پیوست,,ماساژدرمانی، آب درمانی,1.200.000 تومان,19,99,بزرگسالان
شرکت مانا       (شماره تماس : 09132000818),آدرس شعب در فایل پیوست,,کارگاه سبک زندگی و تغذیه سالم,400.000 تومان,19,99,بزرگسالان
شرکت مانا       (شماره تماس : 09132000818),آدرس شعب در فایل پیوست,,کارگاه ارگونومی و حرکات اصلاحی,1.000.000 تومان,4,6,پیش دبستانی
شرکت مانا       (شماره تماس : 09132000818),آدرس شعب در فایل پیوست,,کارگاه ارگونومی و حرکات اصلاحی,1.000.000 تومان,6,9,دبستان1
شرکت مانا       (شماره تماس : 09132000818),آدرس شعب در فایل پیوست,,کارگاه ارگونومی و حرکات اصلاحی,1.000.000 تومان,9,12,دبستان2
شرکت مانا       (شماره تماس : 09132000818),آدرس شعب در فایل پیوست,,کارگاه ارگونومی و حرکات اصلاحی,1.000.000 تومان,12,15,متوسطه1
شرکت مانا       (شماره تماس : 09132000818),آدرس شعب در فایل پیوست,,کارگاه ارگونومی و حرکات اصلاحی,1.000.000 تومان,15,18,متوسطه2
شرکت مانا       (شماره تماس : 09132000818),آدرس شعب در فایل پیوست,,کارگاه ارگونومی و حرکات اصلاحی,1.000.000 تومان,19,99,بزرگسالان
مجموعه ورزشی خلیج فارس,آدرس: ملکشهر، خیابان بهارستان غربی، جنب شهرداری منطقه 12,03134202225-09136330633,آموزش تنیس 1 نفره 10 جلسه,12.500.000 تومان,9,12,دبستان2
مجموعه ورزشی خلیج فارس,آدرس: ملکشهر، خیابان بهارستان غربی، جنب شهرداری منطقه 12,03134202225-09136330633,آموزش تنیس 1 نفره 10 جلسه,12.500.000 تومان,12,15,متوسطه1
مجموعه ورزشی خلیج فارس,آدرس: ملکشهر، خیابان بهارستان غربی، جنب شهرداری منطقه 12,03134202225-09136330633,آموزش تنیس 1 نفره 10 جلسه,12.500.000 تومان,15,18,متوسطه2
مجموعه ورزشی خلیج فارس,آدرس: ملکشهر، خیابان بهارستان غربی، جنب شهرداری منطقه 12,03134202225-09136330633,آموزش تنیس 1 نفره 10 جلسه,12.500.000 تومان,19,99,بزرگسالان
مجموعه ورزشی خلیج فارس,آدرس: ملکشهر، خیابان بهارستان غربی، جنب شهرداری منطقه 12,03134202225-09136330633,آموزش تنیس 2 نفره 10 جلسه,8.000.000 تومان,9,12,دبستان2
مجموعه ورزشی خلیج فارس,آدرس: ملکشهر، خیابان بهارستان غربی، جنب شهرداری منطقه 12,03134202225-09136330633,آموزش تنیس 2 نفره 10 جلسه,8.000.000 تومان,12,15,متوسطه1
مجموعه ورزشی خلیج فارس,آدرس: ملکشهر، خیابان بهارستان غربی، جنب شهرداری منطقه 12,03134202225-09136330633,آموزش تنیس 2 نفره 10 جلسه,8.000.000 تومان,15,18,متوسطه2
مجموعه ورزشی خلیج فارس,آدرس: ملکشهر، خیابان بهارستان غربی، جنب شهرداری منطقه 12,03134202225-09136330633,آموزش تنیس 2 نفره 10 جلسه,8.000.000 تومان,19,99,بزرگسالان
مجموعه ورزشی خلیج فارس,آدرس: ملکشهر، خیابان بهارستان غربی، جنب شهرداری منطقه 12,03134202225-09136330633,آموزش تنیس 3 نفره 10 جلسه,6.000.000 تومان,9,12,دبستان2
مجموعه ورزشی خلیج فارس,آدرس: ملکشهر، خیابان بهارستان غربی، جنب شهرداری منطقه 12,03134202225-09136330633,آموزش تنیس 3 نفره 10 جلسه,6.000.000 تومان,12,15,متوسطه1
مجموعه ورزشی خلیج فارس,آدرس: ملکشهر، خیابان بهارستان غربی، جنب شهرداری منطقه 12,03134202225-09136330633,آموزش تنیس 3 نفره 10 جلسه,6.000.000 تومان,15,18,متوسطه2
مجموعه ورزشی خلیج فارس,آدرس: ملکشهر، خیابان بهارستان غربی، جنب شهرداری منطقه 12,03134202225-09136330633,آموزش تنیس 3 نفره 10 جلسه,6.000.000 تومان,19,99,بزرگسالان
مجموعه ورزشی خلیج فارس,آدرس: ملکشهر، خیابان بهارستان غربی، جنب شهرداری منطقه 12,03134202225-09136330633,آموزش تنیس 4 نفره 10 جلسه,5.000.000 تومان,9,12,دبستان2
مجموعه ورزشی خلیج فارس,آدرس: ملکشهر، خیابان بهارستان غربی، جنب شهرداری منطقه 12,03134202225-09136330633,آموزش تنیس 4 نفره 10 جلسه,5.000.000 تومان,12,15,متوسطه1
مجموعه ورزشی خلیج فارس,آدرس: ملکشهر، خیابان بهارستان غربی، جنب شهرداری منطقه 12,03134202225-09136330633,آموزش تنیس 4 نفره 10 جلسه,5.000.000 تومان,15,18,متوسطه2
مجموعه ورزشی خلیج فارس,آدرس: ملکشهر، خیابان بهارستان غربی، جنب شهرداری منطقه 12,03134202225-09136330633,آموزش تنیس 4 نفره 10 جلسه,5.000.000 تومان,19,99,بزرگسالان
مجموعه ورزشی خلیج فارس,آدرس: ملکشهر، خیابان بهارستان غربی، جنب شهرداری منطقه 12,03134202225-09136330633,بدنسازی آقایان 8 جلسه,1.495.000 تومان,9,12,دبستان2
مجموعه ورزشی خلیج فارس,آدرس: ملکشهر، خیابان بهارستان غربی، جنب شهرداری منطقه 12,03134202225-09136330633,بدنسازی آقایان 8 جلسه,1.495.000 تومان,12,15,متوسطه1
مجموعه ورزشی خلیج فارس,آدرس: ملکشهر، خیابان بهارستان غربی، جنب شهرداری منطقه 12,03134202225-09136330633,بدنسازی آقایان 8 جلسه,1.495.000 تومان,15,18,متوسطه2
مجموعه ورزشی خلیج فارس,آدرس: ملکشهر، خیابان بهارستان غربی، جنب شهرداری منطقه 12,03134202225-09136330633,بدنسازی آقایان 8 جلسه,1.495.000 تومان,19,99,بزرگسالان
مجموعه ورزشی خلیج فارس,آدرس: ملکشهر، خیابان بهارستان غربی، جنب شهرداری منطقه 12,03134202225-09136330633,بدنسازی آقایان 12 جلسه,1.750.000 تومان,9,12,دبستان2
مجموعه ورزشی خلیج فارس,آدرس: ملکشهر، خیابان بهارستان غربی، جنب شهرداری منطقه 12,03134202225-09136330633,بدنسازی آقایان 12 جلسه,1.750.000 تومان,12,15,متوسطه1
مجموعه ورزشی خلیج فارس,آدرس: ملکشهر، خیابان بهارستان غربی، جنب شهرداری منطقه 12,03134202225-09136330633,بدنسازی آقایان 12 جلسه,1.750.000 تومان,15,18,متوسطه2
مجموعه ورزشی خلیج فارس,آدرس: ملکشهر، خیابان بهارستان غربی، جنب شهرداری منطقه 12,03134202225-09136330633,بدنسازی آقایان 12 جلسه,1.750.000 تومان,19,99,بزرگسالان
مجموعه ورزشی خلیج فارس,آدرس: ملکشهر، خیابان بهارستان غربی، جنب شهرداری منطقه 12,03134202225-09136330633,بدنسازی آقایان 16 جلسه,1.950.000 تومان,9,12,دبستان2
مجموعه ورزشی خلیج فارس,آدرس: ملکشهر، خیابان بهارستان غربی، جنب شهرداری منطقه 12,03134202225-09136330633,بدنسازی آقایان 16 جلسه,1.950.000 تومان,12,15,متوسطه1
مجموعه ورزشی خلیج فارس,آدرس: ملکشهر، خیابان بهارستان غربی، جنب شهرداری منطقه 12,03134202225-09136330633,بدنسازی آقایان 16 جلسه,1.950.000 تومان,15,18,متوسطه2
مجموعه ورزشی خلیج فارس,آدرس: ملکشهر، خیابان بهارستان غربی، جنب شهرداری منطقه 12,03134202225-09136330633,بدنسازی آقایان 16 جلسه,1.950.000 تومان,19,99,بزرگسالان
مجموعه ورزشی خلیج فارس,آدرس: ملکشهر، خیابان بهارستان غربی، جنب شهرداری منطقه 12,03134202225-09136330633,بدنسازی آقایان 20 جلسه,2.250.000 تومان,9,12,دبستان2
مجموعه ورزشی خلیج فارس,آدرس: ملکشهر، خیابان بهارستان غربی، جنب شهرداری منطقه 12,03134202225-09136330633,بدنسازی آقایان 20 جلسه,2.250.000 تومان,12,15,متوسطه1
مجموعه ورزشی خلیج فارس,آدرس: ملکشهر، خیابان بهارستان غربی، جنب شهرداری منطقه 12,03134202225-09136330633,بدنسازی آقایان 20 جلسه,2.250.000 تومان,15,18,متوسطه2
مجموعه ورزشی خلیج فارس,آدرس: ملکشهر، خیابان بهارستان غربی، جنب شهرداری منطقه 12,03134202225-09136330633,بدنسازی آقایان 20 جلسه,2.250.000 تومان,19,99,بزرگسالان
مجموعه ورزشی خلیج فارس,آدرس: ملکشهر، خیابان بهارستان غربی، جنب شهرداری منطقه 12,03134202225-09136330633,بدنسازی آقایان 25 جلسه,2.700.000 تومان,9,12,دبستان2
مجموعه ورزشی خلیج فارس,آدرس: ملکشهر، خیابان بهارستان غربی، جنب شهرداری منطقه 12,03134202225-09136330633,بدنسازی آقایان 25 جلسه,2.700.000 تومان,12,15,متوسطه1
مجموعه ورزشی خلیج فارس,آدرس: ملکشهر، خیابان بهارستان غربی، جنب شهرداری منطقه 12,03134202225-09136330633,بدنسازی آقایان 25 جلسه,2.700.000 تومان,15,18,متوسطه2
مجموعه ورزشی خلیج فارس,آدرس: ملکشهر، خیابان بهارستان غربی، جنب شهرداری منطقه 12,03134202225-09136330633,بدنسازی آقایان 25 جلسه,2.700.000 تومان,19,99,بزرگسالان
مجموعه ورزشی خلیج فارس,آدرس: ملکشهر، خیابان بهارستان غربی، جنب شهرداری منطقه 12,03134202225-09136330633,بدنسازی خانم ها 8 جلسه,1.235.000 تومان,9,12,دبستان2
مجموعه ورزشی خلیج فارس,آدرس: ملکشهر، خیابان بهارستان غربی، جنب شهرداری منطقه 12,03134202225-09136330633,بدنسازی خانم ها 8 جلسه,1.235.000 تومان,12,15,متوسطه1
مجموعه ورزشی خلیج فارس,آدرس: ملکشهر، خیابان بهارستان غربی، جنب شهرداری منطقه 12,03134202225-09136330633,بدنسازی خانم ها 8 جلسه,1.235.000 تومان,15,18,متوسطه2
مجموعه ورزشی خلیج فارس,آدرس: ملکشهر، خیابان بهارستان غربی، جنب شهرداری منطقه 12,03134202225-09136330633,بدنسازی خانم ها 8 جلسه,1.235.000 تومان,19,99,بزرگسالان
مجموعه ورزشی خلیج فارس,آدرس: ملکشهر، خیابان بهارستان غربی، جنب شهرداری منطقه 12,03134202225-09136330633,بدنسازی خانم ها 12 جلسه,1.495.000 تومان,9,12,دبستان2
مجموعه ورزشی خلیج فارس,آدرس: ملکشهر، خیابان بهارستان غربی، جنب شهرداری منطقه 12,03134202225-09136330633,بدنسازی خانم ها 12 جلسه,1.495.000 تومان,12,15,متوسطه1
مجموعه ورزشی خلیج فارس,آدرس: ملکشهر، خیابان بهارستان غربی، جنب شهرداری منطقه 12,03134202225-09136330633,بدنسازی خانم ها 12 جلسه,1.495.000 تومان,15,18,متوسطه2
مجموعه ورزشی خلیج فارس,آدرس: ملکشهر، خیابان بهارستان غربی، جنب شهرداری منطقه 12,03134202225-09136330633,بدنسازی خانم ها 12 جلسه,1.495.000 تومان,19,99,بزرگسالان
مجموعه ورزشی خلیج فارس,آدرس: ملکشهر، خیابان بهارستان غربی، جنب شهرداری منطقه 12,03134202225-09136330633,بدنسازی خانم ها 16 جلسه,1.750.000 تومان,9,12,دبستان2
مجموعه ورزشی خلیج فارس,آدرس: ملکشهر، خیابان بهارستان غربی، جنب شهرداری منطقه 12,03134202225-09136330633,بدنسازی خانم ها 16 جلسه,1.750.000 تومان,12,15,متوسطه1
مجموعه ورزشی خلیج فارس,آدرس: ملکشهر، خیابان بهارستان غربی، جنب شهرداری منطقه 12,03134202225-09136330633,بدنسازی خانم ها 16 جلسه,1.750.000 تومان,15,18,متوسطه2
مجموعه ورزشی خلیج فارس,آدرس: ملکشهر، خیابان بهارستان غربی، جنب شهرداری منطقه 12,03134202225-09136330633,بدنسازی خانم ها 16 جلسه,1.750.000 تومان,19,99,بزرگسالان
مجموعه ورزشی خلیج فارس,آدرس: ملکشهر، خیابان بهارستان غربی، جنب شهرداری منطقه 12,03134202225-09136330633,بدنسازی خانم ها 20 جلسه,2.000.000 تومان,9,12,دبستان2
مجموعه ورزشی خلیج فارس,آدرس: ملکشهر، خیابان بهارستان غربی، جنب شهرداری منطقه 12,03134202225-09136330633,بدنسازی خانم ها 20 جلسه,2.000.000 تومان,12,15,متوسطه1
مجموعه ورزشی خلیج فارس,آدرس: ملکشهر، خیابان بهارستان غربی، جنب شهرداری منطقه 12,03134202225-09136330633,بدنسازی خانم ها 20 جلسه,2.000.000 تومان,15,18,متوسطه2
مجموعه ورزشی خلیج فارس,آدرس: ملکشهر، خیابان بهارستان غربی، جنب شهرداری منطقه 12,03134202225-09136330633,بدنسازی خانم ها 20 جلسه,2.000.000 تومان,19,99,بزرگسالان
مجموعه ورزشی خلیج فارس,آدرس: ملکشهر، خیابان بهارستان غربی، جنب شهرداری منطقه 12,03134202225-09136330633,بدنسازی خانم ها 25 جلسه,2.380.000 تومان,9,12,دبستان2
مجموعه ورزشی خلیج فارس,آدرس: ملکشهر، خیابان بهارستان غربی، جنب شهرداری منطقه 12,03134202225-09136330633,بدنسازی خانم ها 25 جلسه,2.380.000 تومان,12,15,متوسطه1
مجموعه ورزشی خلیج فارس,آدرس: ملکشهر، خیابان بهارستان غربی، جنب شهرداری منطقه 12,03134202225-09136330633,بدنسازی خانم ها 25 جلسه,2.380.000 تومان,15,18,متوسطه2
مجموعه ورزشی خلیج فارس,آدرس: ملکشهر، خیابان بهارستان غربی، جنب شهرداری منطقه 12,03134202225-09136330633,بدنسازی خانم ها 25 جلسه,2.380.000 تومان,19,99,بزرگسالان
کانون ورزشی استعدادهای درخشان,آدرس: دروازه شیراز، خیابان هزارجریب، دانشگاه مهاجر,03136603048,فوتسال,3.500.000 تومان,9,12,دبستان2
کانون ورزشی استعدادهای درخشان,آدرس: دروازه شیراز، خیابان هزارجریب، دانشگاه مهاجر,03136603048,فوتسال,3.500.000 تومان,12,15,متوسطه1
کانون ورزشی استعدادهای درخشان,آدرس: دروازه شیراز، خیابان هزارجریب، دانشگاه مهاجر,03136603048,فوتسال,3.500.000 تومان,15,18,متوسطه2
کانون ورزشی استعدادهای درخشان,آدرس: دروازه شیراز، خیابان هزارجریب، دانشگاه مهاجر,03136603048,والیبال,3.500.000 تومان,9,12,دبستان2
کانون ورزشی استعدادهای درخشان,آدرس: دروازه شیراز، خیابان هزارجریب، دانشگاه مهاجر,03136603048,والیبال,3.500.000 تومان,12,15,متوسطه1
کانون ورزشی استعدادهای درخشان,آدرس: دروازه شیراز، خیابان هزارجریب، دانشگاه مهاجر,03136603048,والیبال,3.500.000 تومان,15,18,متوسطه2
کانون ورزشی استعدادهای درخشان,آدرس: دروازه شیراز، خیابان هزارجریب، دانشگاه مهاجر,03136603048,بسکتبال,3.500.000 تومان,9,12,دبستان2
کانون ورزشی استعدادهای درخشان,آدرس: دروازه شیراز، خیابان هزارجریب، دانشگاه مهاجر,03136603048,بسکتبال,3.500.000 تومان,12,15,متوسطه1
کانون ورزشی استعدادهای درخشان,آدرس: دروازه شیراز، خیابان هزارجریب، دانشگاه مهاجر,03136603048,بسکتبال,3.500.000 تومان,15,18,متوسطه2
کانون ورزشی استعدادهای درخشان,آدرس: دروازه شیراز، خیابان هزارجریب، دانشگاه مهاجر,03136603048,بدمینتون,3.500.000 تومان,9,12,دبستان2
کانون ورزشی استعدادهای درخشان,آدرس: دروازه شیراز، خیابان هزارجریب، دانشگاه مهاجر,03136603048,بدمینتون,3.500.000 تومان,12,15,متوسطه1
کانون ورزشی استعدادهای درخشان,آدرس: دروازه شیراز، خیابان هزارجریب، دانشگاه مهاجر,03136603048,بدمینتون,3.500.000 تومان,15,18,متوسطه2
کانون ورزشی استعدادهای درخشان,آدرس: دروازه شیراز، خیابان هزارجریب، دانشگاه مهاجر,03136603048,پینگ پنگ,3.500.000 تومان,9,12,دبستان2
کانون ورزشی استعدادهای درخشان,آدرس: دروازه شیراز، خیابان هزارجریب، دانشگاه مهاجر,03136603048,پینگ پنگ,3.500.000 تومان,12,15,متوسطه1
کانون ورزشی استعدادهای درخشان,آدرس: دروازه شیراز، خیابان هزارجریب، دانشگاه مهاجر,03136603048,پینگ پنگ,3.500.000 تومان,15,18,متوسطه2
کانون ورزشی استعدادهای درخشان,آدرس: دروازه شیراز، خیابان هزارجریب، دانشگاه مهاجر,03136603048,شطرنج,3.500.000 تومان,9,12,دبستان2
کانون ورزشی استعدادهای درخشان,آدرس: دروازه شیراز، خیابان هزارجریب، دانشگاه مهاجر,03136603048,شطرنج,3.500.000 تومان,12,15,متوسطه1
کانون ورزشی استعدادهای درخشان,آدرس: دروازه شیراز، خیابان هزارجریب، دانشگاه مهاجر,03136603048,شطرنج,3.500.000 تومان,15,18,متوسطه2
کانون ورزشی استعدادهای درخشان,آدرس: دروازه شیراز، خیابان هزارجریب، دانشگاه مهاجر,03136603048,ژیمناستیک,3.500.000 تومان,9,12,دبستان2
کانون ورزشی استعدادهای درخشان,آدرس: دروازه شیراز، خیابان هزارجریب، دانشگاه مهاجر,03136603048,ژیمناستیک,3.500.000 تومان,12,15,متوسطه1
کانون ورزشی استعدادهای درخشان,آدرس: دروازه شیراز، خیابان هزارجریب، دانشگاه مهاجر,03136603048,ژیمناستیک,3.500.000 تومان,15,18,متوسطه2
کانون ورزشی استعدادهای درخشان,آدرس: دروازه شیراز، خیابان هزارجریب، دانشگاه مهاجر,03136603048,اسکیت,3.500.000 تومان,9,12,دبستان2
کانون ورزشی استعدادهای درخشان,آدرس: دروازه شیراز، خیابان هزارجریب، دانشگاه مهاجر,03136603048,اسکیت,3.500.000 تومان,12,15,متوسطه1
کانون ورزشی استعدادهای درخشان,آدرس: دروازه شیراز، خیابان هزارجریب، دانشگاه مهاجر,03136603048,اسکیت,3.500.000 تومان,15,18,متوسطه2
کانون ورزشی استعدادهای درخشان,آدرس: دروازه شیراز، خیابان هزارجریب، دانشگاه مهاجر,03136603048,شنا,3.500.000 تومان,9,12,دبستان2
کانون ورزشی استعدادهای درخشان,آدرس: دروازه شیراز، خیابان هزارجریب، دانشگاه مهاجر,03136603048,شنا,3.500.000 تومان,12,15,متوسطه1
کانون ورزشی استعدادهای درخشان,آدرس: دروازه شیراز، خیابان هزارجریب، دانشگاه مهاجر,03136603048,شنا,3.500.000 تومان,15,18,متوسطه2
مجموعه فرهنگی ورزشی علی ابن ابی طالب(پهلوان سرا),آدرس: میدان شهدا، ابتدای خیابان ابن سینا,03134451405-03134451406,چرتکه مقدماتی,700.000 تومان,6,9,دبستان1
مجموعه فرهنگی ورزشی علی ابن ابی طالب(پهلوان سرا),آدرس: میدان شهدا، ابتدای خیابان ابن سینا,03134451405-03134451406,چرتکه مقدماتی,700.000 تومان,9,12,دبستان2
مجموعه فرهنگی ورزشی علی ابن ابی طالب(پهلوان سرا),آدرس: میدان شهدا، ابتدای خیابان ابن سینا,03134451405-03134451406,شنا خصوصی بانوان 12 جلسه,5.800.000 تومان,6,9,دبستان1
مجموعه فرهنگی ورزشی علی ابن ابی طالب(پهلوان سرا),آدرس: میدان شهدا، ابتدای خیابان ابن سینا,03134451405-03134451406,شنا خصوصی بانوان 12 جلسه,5.800.000 تومان,9,12,دبستان2
مجموعه فرهنگی ورزشی علی ابن ابی طالب(پهلوان سرا),آدرس: میدان شهدا، ابتدای خیابان ابن سینا,03134451405-03134451406,شنا خصوصی بانوان 12 جلسه,5.800.000 تومان,12,15,متوسطه1
مجموعه فرهنگی ورزشی علی ابن ابی طالب(پهلوان سرا),آدرس: میدان شهدا، ابتدای خیابان ابن سینا,03134451405-03134451406,شنا خصوصی بانوان 12 جلسه,5.800.000 تومان,15,18,متوسطه2
مجموعه فرهنگی ورزشی علی ابن ابی طالب(پهلوان سرا),آدرس: میدان شهدا، ابتدای خیابان ابن سینا,03134451405-03134451406,شنا خصوصی بانوان 12 جلسه,5.800.000 تومان,19,99,بزرگسالان
مجموعه فرهنگی ورزشی علی ابن ابی طالب(پهلوان سرا),آدرس: میدان شهدا، ابتدای خیابان ابن سینا,03134451405-03134451406,شنا عمومی مقدماتی بانوان 12 جلسه,3.000.000 تومان,6,9,دبستان1
مجموعه فرهنگی ورزشی علی ابن ابی طالب(پهلوان سرا),آدرس: میدان شهدا، ابتدای خیابان ابن سینا,03134451405-03134451406,شنا عمومی مقدماتی بانوان 12 جلسه,3.000.000 تومان,9,12,دبستان2
مجموعه فرهنگی ورزشی علی ابن ابی طالب(پهلوان سرا),آدرس: میدان شهدا، ابتدای خیابان ابن سینا,03134451405-03134451406,شنا عمومی مقدماتی بانوان 12 جلسه,3.000.000 تومان,12,15,متوسطه1
مجموعه فرهنگی ورزشی علی ابن ابی طالب(پهلوان سرا),آدرس: میدان شهدا، ابتدای خیابان ابن سینا,03134451405-03134451406,شنا عمومی مقدماتی بانوان 12 جلسه,3.000.000 تومان,15,18,متوسطه2
مجموعه فرهنگی ورزشی علی ابن ابی طالب(پهلوان سرا),آدرس: میدان شهدا، ابتدای خیابان ابن سینا,03134451405-03134451406,شنا عمومی مقدماتی بانوان 12 جلسه,3.000.000 تومان,19,99,بزرگسالان
مجموعه فرهنگی ورزشی علی ابن ابی طالب(پهلوان سرا),آدرس: میدان شهدا، ابتدای خیابان ابن سینا,03134451405-03134451406,شنا عمومی پیشرفته بانوان 12 جلسه,3.000.000 تومان,6,9,دبستان1
مجموعه فرهنگی ورزشی علی ابن ابی طالب(پهلوان سرا),آدرس: میدان شهدا، ابتدای خیابان ابن سینا,03134451405-03134451406,شنا عمومی پیشرفته بانوان 12 جلسه,3.000.000 تومان,9,12,دبستان2
مجموعه فرهنگی ورزشی علی ابن ابی طالب(پهلوان سرا),آدرس: میدان شهدا، ابتدای خیابان ابن سینا,03134451405-03134451406,شنا عمومی پیشرفته بانوان 12 جلسه,3.000.000 تومان,12,15,متوسطه1
مجموعه فرهنگی ورزشی علی ابن ابی طالب(پهلوان سرا),آدرس: میدان شهدا، ابتدای خیابان ابن سینا,03134451405-03134451406,شنا عمومی پیشرفته بانوان 12 جلسه,3.000.000 تومان,15,18,متوسطه2
مجموعه فرهنگی ورزشی علی ابن ابی طالب(پهلوان سرا),آدرس: میدان شهدا، ابتدای خیابان ابن سینا,03134451405-03134451406,شنا عمومی پیشرفته بانوان 12 جلسه,3.000.000 تومان,19,99,بزرگسالان
مجموعه فرهنگی ورزشی علی ابن ابی طالب(پهلوان سرا),آدرس: میدان شهدا، ابتدای خیابان ابن سینا,03134451405-03134451406,ورزش در آب بانوان 10 جلسه,3.800.000 تومان,6,9,دبستان1
مجموعه فرهنگی ورزشی علی ابن ابی طالب(پهلوان سرا),آدرس: میدان شهدا، ابتدای خیابان ابن سینا,03134451405-03134451406,ورزش در آب بانوان 10 جلسه,3.800.000 تومان,9,12,دبستان2
مجموعه فرهنگی ورزشی علی ابن ابی طالب(پهلوان سرا),آدرس: میدان شهدا، ابتدای خیابان ابن سینا,03134451405-03134451406,ورزش در آب بانوان 10 جلسه,3.800.000 تومان,12,15,متوسطه1
مجموعه فرهنگی ورزشی علی ابن ابی طالب(پهلوان سرا),آدرس: میدان شهدا، ابتدای خیابان ابن سینا,03134451405-03134451406,ورزش در آب بانوان 10 جلسه,3.800.000 تومان,15,18,متوسطه2
مجموعه فرهنگی ورزشی علی ابن ابی طالب(پهلوان سرا),آدرس: میدان شهدا، ابتدای خیابان ابن سینا,03134451405-03134451406,ورزش در آب بانوان 10 جلسه,3.800.000 تومان,19,99,بزرگسالان
مجموعه فرهنگی ورزشی علی ابن ابی طالب(پهلوان سرا),آدرس: میدان شهدا، ابتدای خیابان ابن سینا,03134451405-03134451406,شنا خصوصی آقایان 12 جلسه,5.800.000 تومان,6,9,دبستان1
مجموعه فرهنگی ورزشی علی ابن ابی طالب(پهلوان سرا),آدرس: میدان شهدا، ابتدای خیابان ابن سینا,03134451405-03134451406,شنا خصوصی آقایان 12 جلسه,5.800.000 تومان,9,12,دبستان2
مجموعه فرهنگی ورزشی علی ابن ابی طالب(پهلوان سرا),آدرس: میدان شهدا، ابتدای خیابان ابن سینا,03134451405-03134451406,شنا خصوصی آقایان 12 جلسه,5.800.000 تومان,12,15,متوسطه1
مجموعه فرهنگی ورزشی علی ابن ابی طالب(پهلوان سرا),آدرس: میدان شهدا، ابتدای خیابان ابن سینا,03134451405-03134451406,شنا خصوصی آقایان 12 جلسه,5.800.000 تومان,15,18,متوسطه2
مجموعه فرهنگی ورزشی علی ابن ابی طالب(پهلوان سرا),آدرس: میدان شهدا، ابتدای خیابان ابن سینا,03134451405-03134451406,شنا خصوصی آقایان 12 جلسه,5.800.000 تومان,19,99,بزرگسالان
مجموعه فرهنگی ورزشی علی ابن ابی طالب(پهلوان سرا),آدرس: میدان شهدا، ابتدای خیابان ابن سینا,03134451405-03134451406,شنا نیمه خصوصی پسران 12 جلسه,4.000.000 تومان,6,9,دبستان1
مجموعه فرهنگی ورزشی علی ابن ابی طالب(پهلوان سرا),آدرس: میدان شهدا، ابتدای خیابان ابن سینا,03134451405-03134451406,شنا نیمه خصوصی پسران 12 جلسه,4.000.000 تومان,9,12,دبستان2
مجموعه فرهنگی ورزشی علی ابن ابی طالب(پهلوان سرا),آدرس: میدان شهدا، ابتدای خیابان ابن سینا,03134451405-03134451406,کیک بوکسینگ و دفاع شخصی بانوان,1.150.000 تومان,19,99,بزرگسالان
مجموعه فرهنگی ورزشی علی ابن ابی طالب(پهلوان سرا),آدرس: میدان شهدا، ابتدای خیابان ابن سینا,03134451405-03134451406,تکواندو مقدماتی بانوان,1.220.000 تومان,19,99,بزرگسالان
مجموعه فرهنگی ورزشی علی ابن ابی طالب(پهلوان سرا),آدرس: میدان شهدا، ابتدای خیابان ابن سینا,03134451405-03134451406,تکواندو پیشرفته بانوان,1.350.000 تومان,19,99,بزرگسالان
مجموعه فرهنگی ورزشی علی ابن ابی طالب(پهلوان سرا),آدرس: میدان شهدا، ابتدای خیابان ابن سینا,03134451405-03134451406,کاراته کیوکشین بانوان,1.150.000 تومان,19,99,بزرگسالان
مجموعه فرهنگی ورزشی علی ابن ابی طالب(پهلوان سرا),آدرس: میدان شهدا، ابتدای خیابان ابن سینا,03134451405-03134451406,کاراته شوتوکان بانوان,1.280.000 تومان,19,99,بزرگسالان
مجموعه فرهنگی ورزشی علی ابن ابی طالب(پهلوان سرا),آدرس: میدان شهدا، ابتدای خیابان ابن سینا,03134451405-03134451406,کاراته شیتوریو بانوان,1.150.000 تومان,19,99,بزرگسالان
مجموعه فرهنگی ورزشی علی ابن ابی طالب(پهلوان سرا),آدرس: میدان شهدا، ابتدای خیابان ابن سینا,03134451405-03134451406,گونگ فوتوا بانوان,1.150.000 تومان,19,99,بزرگسالان
مجموعه فرهنگی ورزشی علی ابن ابی طالب(پهلوان سرا),آدرس: میدان شهدا، ابتدای خیابان ابن سینا,03134451405-03134451406,فیتنس فانکشنال بانوان,1.420.000 تومان,19,99,بزرگسالان
مجموعه فرهنگی ورزشی علی ابن ابی طالب(پهلوان سرا),آدرس: میدان شهدا، ابتدای خیابان ابن سینا,03134451405-03134451406,TRX فانکشنال  بانوان,1.420.000 تومان,19,99,بزرگسالان
مجموعه فرهنگی ورزشی علی ابن ابی طالب(پهلوان سرا),آدرس: میدان شهدا، ابتدای خیابان ابن سینا,03134451405-03134451406,پیلاتس بانوان,1.420.000 تومان,19,99,بزرگسالان
مجموعه فرهنگی ورزشی علی ابن ابی طالب(پهلوان سرا),آدرس: میدان شهدا، ابتدای خیابان ابن سینا,03134451405-03134451406,تندرستی و سلامت بانوان,3.600.000 تومان,19,99,بزرگسالان
مجموعه فرهنگی ورزشی علی ابن ابی طالب(پهلوان سرا),آدرس: میدان شهدا، ابتدای خیابان ابن سینا,03134451405-03134451406,یوگا و خودآگاهی بانوان,1.650.000 تومان,19,99,بزرگسالان
مجموعه فرهنگی ورزشی علی ابن ابی طالب(پهلوان سرا),آدرس: میدان شهدا، ابتدای خیابان ابن سینا,03134451405-03134451406,ایروفیتنس بانوان,1.420.000 تومان,19,99,بزرگسالان
مجموعه فرهنگی ورزشی علی ابن ابی طالب(پهلوان سرا),آدرس: میدان شهدا، ابتدای خیابان ابن سینا,03134451405-03134451406,چربی سوزی بانوان,1.420.000 تومان,19,99,بزرگسالان
مجموعه فرهنگی ورزشی علی ابن ابی طالب(پهلوان سرا),آدرس: میدان شهدا، ابتدای خیابان ابن سینا,03134451405-03134451406,TRX  بانوان,1.600.000 تومان,19,99,بزرگسالان
مجموعه فرهنگی ورزشی علی ابن ابی طالب(پهلوان سرا),آدرس: میدان شهدا، ابتدای خیابان ابن سینا,03134451405-03134451406,ژیمناستیک مقدماتی بانوان,1.220.000 تومان,19,99,بزرگسالان
مجموعه فرهنگی ورزشی علی ابن ابی طالب(پهلوان سرا),آدرس: میدان شهدا، ابتدای خیابان ابن سینا,03134451405-03134451406,ژیمناستیک پیشرفته بانوان,1.550.000 تومان,19,99,بزرگسالان
مجموعه فرهنگی ورزشی علی ابن ابی طالب(پهلوان سرا),آدرس: میدان شهدا، ابتدای خیابان ابن سینا,03134451405-03134451406,قصه گویی خلاق,800.000 تومان,4,6,پیش دبستانی
مجموعه فرهنگی ورزشی علی ابن ابی طالب(پهلوان سرا),آدرس: میدان شهدا، ابتدای خیابان ابن سینا,03134451405-03134451406,شاهنامه و حافظ خوانی,800.000 تومان,6,9,دبستان1
مجموعه فرهنگی ورزشی علی ابن ابی طالب(پهلوان سرا),آدرس: میدان شهدا، ابتدای خیابان ابن سینا,03134451405-03134451406,کونگ فوتوا و دفاع شخصی آقایان,1.220.000 تومان,19,99,بزرگسالان
مجموعه فرهنگی ورزشی علی ابن ابی طالب(پهلوان سرا),آدرس: میدان شهدا، ابتدای خیابان ابن سینا,03134451405-03134451406,تکواندو آقایان,1.220.000 تومان,19,99,بزرگسالان
مجموعه فرهنگی ورزشی علی ابن ابی طالب(پهلوان سرا),آدرس: میدان شهدا، ابتدای خیابان ابن سینا,03134451405-03134451406,رزم آوران آقایان,1.220.000 تومان,19,99,بزرگسالان
مجموعه فرهنگی ورزشی علی ابن ابی طالب(پهلوان سرا),آدرس: میدان شهدا، ابتدای خیابان ابن سینا,03134451405-03134451406,کاراته آقایان,1.130.000 تومان,19,99,بزرگسالان
مجموعه فرهنگی ورزشی علی ابن ابی طالب(پهلوان سرا),آدرس: میدان شهدا، ابتدای خیابان ابن سینا,03134451405-03134451406,ووشو آقایان,1.220.000 تومان,19,99,بزرگسالان
مجموعه فرهنگی ورزشی علی ابن ابی طالب(پهلوان سرا),آدرس: میدان شهدا، ابتدای خیابان ابن سینا,03134451405-03134451406,نینجا آقایان,1.220.000 تومان,19,99,بزرگسالان
مجموعه فرهنگی ورزشی علی ابن ابی طالب(پهلوان سرا),آدرس: میدان شهدا، ابتدای خیابان ابن سینا,03134451405-03134451406,ژیمناستیک مقدماتی آقایان,1.220.000 تومان,9,12,دبستان2
مجموعه فرهنگی ورزشی علی ابن ابی طالب(پهلوان سرا),آدرس: میدان شهدا، ابتدای خیابان ابن سینا,03134451405-03134451406,ژیمناستیک مقدماتی آقایان,1.220.000 تومان,12,15,متوسطه1
مجموعه فرهنگی ورزشی علی ابن ابی طالب(پهلوان سرا),آدرس: میدان شهدا، ابتدای خیابان ابن سینا,03134451405-03134451406,ژیمناستیک مقدماتی آقایان,1.220.000 تومان,15,18,متوسطه2
مجموعه فرهنگی ورزشی علی ابن ابی طالب(پهلوان سرا),آدرس: میدان شهدا، ابتدای خیابان ابن سینا,03134451405-03134451406,ژیمناستیک تکمیلی آقایان,1.550.000 تومان,9,12,دبستان2
مجموعه فرهنگی ورزشی علی ابن ابی طالب(پهلوان سرا),آدرس: میدان شهدا، ابتدای خیابان ابن سینا,03134451405-03134451406,ژیمناستیک تکمیلی آقایان,1.550.000 تومان,12,15,متوسطه1
مجموعه فرهنگی ورزشی علی ابن ابی طالب(پهلوان سرا),آدرس: میدان شهدا، ابتدای خیابان ابن سینا,03134451405-03134451406,ژیمناستیک تکمیلی آقایان,1.550.000 تومان,15,18,متوسطه2
مجموعه فرهنگی ورزشی علی ابن ابی طالب(پهلوان سرا),آدرس: میدان شهدا، ابتدای خیابان ابن سینا,03134451405-03134451406,ژیمناستیک پیشرفته آقایان,1.550.000 تومان,9,12,دبستان2
مجموعه فرهنگی ورزشی علی ابن ابی طالب(پهلوان سرا),آدرس: میدان شهدا، ابتدای خیابان ابن سینا,03134451405-03134451406,ژیمناستیک پیشرفته آقایان,1.550.000 تومان,12,15,متوسطه1
مجموعه فرهنگی ورزشی علی ابن ابی طالب(پهلوان سرا),آدرس: میدان شهدا، ابتدای خیابان ابن سینا,03134451405-03134451406,ژیمناستیک پیشرفته آقایان,1.550.000 تومان,15,18,متوسطه2
مجموعه فرهنگی ورزشی علی ابن ابی طالب(پهلوان سرا),آدرس: میدان شهدا، ابتدای خیابان ابن سینا,03134451405-03134451406,ژیمناستیک 5 تا 7 سال,1.220.000 تومان,4,6,پیش دبستانی
مجموعه فرهنگی ورزشی علی ابن ابی طالب(پهلوان سرا),آدرس: میدان شهدا، ابتدای خیابان ابن سینا,03134451405-03134451406,ژیمناستیک 7 تا 10 سال,1.220.000 تومان,6,9,دبستان1
مجموعه فرهنگی ورزشی علی ابن ابی طالب(پهلوان سرا),آدرس: میدان شهدا، ابتدای خیابان ابن سینا,03134451405-03134451406,ژیمناستیک بزرگسالان آقایان,2.400.000 تومان,19,99,بزرگسالان
مجموعه فرهنگی ورزشی علی ابن ابی طالب(پهلوان سرا),آدرس: میدان شهدا، ابتدای خیابان ابن سینا,03134451405-03134451406,آموزش پهلوانی و زورخانه  مقدماتی,850.000 تومان,9,12,دبستان2
مجموعه فرهنگی ورزشی علی ابن ابی طالب(پهلوان سرا),آدرس: میدان شهدا، ابتدای خیابان ابن سینا,03134451405-03134451406,آموزش پهلوانی و زورخانه  مقدماتی,850.000 تومان,12,15,متوسطه1
مجموعه فرهنگی ورزشی علی ابن ابی طالب(پهلوان سرا),آدرس: میدان شهدا، ابتدای خیابان ابن سینا,03134451405-03134451406,آموزش پهلوانی و زورخانه  مقدماتی,850.000 تومان,15,18,متوسطه2
مجموعه فرهنگی ورزشی علی ابن ابی طالب(پهلوان سرا),آدرس: میدان شهدا، ابتدای خیابان ابن سینا,03134451405-03134451406,آموزش پهلوانی و زورخانه  مقدماتی,850.000 تومان,19,99,بزرگسالان
مجموعه فرهنگی ورزشی علی ابن ابی طالب(پهلوان سرا),آدرس: میدان شهدا، ابتدای خیابان ابن سینا,03134451405-03134451406,آموزش پهلوانی و زورخانه  پیشرفته,1.000.000 تومان,9,12,دبستان2
مجموعه فرهنگی ورزشی علی ابن ابی طالب(پهلوان سرا),آدرس: میدان شهدا، ابتدای خیابان ابن سینا,03134451405-03134451406,آموزش پهلوانی و زورخانه  پیشرفته,1.000.000 تومان,12,15,متوسطه1
مجموعه فرهنگی ورزشی علی ابن ابی طالب(پهلوان سرا),آدرس: میدان شهدا، ابتدای خیابان ابن سینا,03134451405-03134451406,آموزش پهلوانی و زورخانه  پیشرفته,1.000.000 تومان,15,18,متوسطه2
مجموعه فرهنگی ورزشی علی ابن ابی طالب(پهلوان سرا),آدرس: میدان شهدا، ابتدای خیابان ابن سینا,03134451405-03134451406,آموزش پهلوانی و زورخانه  پیشرفته,1.000.000 تومان,19,99,بزرگسالان
مجموعه فرهنگی ورزشی علی ابن ابی طالب(پهلوان سرا),آدرس: میدان شهدا، ابتدای خیابان ابن سینا,03134451405-03134451406,آموزش پهلوانی و زورخانه  حرفه ای و قهرمانی,1.000.000 تومان,9,12,دبستان2
مجموعه فرهنگی ورزشی علی ابن ابی طالب(پهلوان سرا),آدرس: میدان شهدا، ابتدای خیابان ابن سینا,03134451405-03134451406,آموزش پهلوانی و زورخانه  حرفه ای و قهرمانی,1.000.000 تومان,12,15,متوسطه1
مجموعه فرهنگی ورزشی علی ابن ابی طالب(پهلوان سرا),آدرس: میدان شهدا، ابتدای خیابان ابن سینا,03134451405-03134451406,آموزش پهلوانی و زورخانه  حرفه ای و قهرمانی,1.000.000 تومان,15,18,متوسطه2
مجموعه فرهنگی ورزشی علی ابن ابی طالب(پهلوان سرا),آدرس: میدان شهدا، ابتدای خیابان ابن سینا,03134451405-03134451406,آموزش پهلوانی و زورخانه  حرفه ای و قهرمانی,1.000.000 تومان,19,99,بزرگسالان
مجموعه فرهنگی ورزشی علی ابن ابی طالب(پهلوان سرا),آدرس: میدان شهدا، ابتدای خیابان ابن سینا,03134451405-03134451406,نقاشی و خلاقیت,950.000 تومان,4,6,پیش دبستانی
مجموعه فرهنگی ورزشی علی ابن ابی طالب(پهلوان سرا),آدرس: میدان شهدا، ابتدای خیابان ابن سینا,03134451405-03134451406,خوشنویسی(خط تحریر) با مداد و خودکار,950.000 تومان,9,12,دبستان2
مجموعه فرهنگی ورزشی علی ابن ابی طالب(پهلوان سرا),آدرس: میدان شهدا، ابتدای خیابان ابن سینا,03134451405-03134451406,نقاشی(مدادرنگی-آبرنگ-سیاه قلم-پاستیل),1.500.000 تومان,9,12,دبستان2
باشگاه پالاس 60 درصد,آدرس: خیابان رباط، خیابان شیخ فایض، مجتمع طاها 4,09226293177,بدنسازی 16 جلسه,700.000 تومان,9,12,دبستان2
باشگاه پالاس 60 درصد,آدرس: خیابان رباط، خیابان شیخ فایض، مجتمع طاها 4,09226293177,بدنسازی 16 جلسه,700.000 تومان,12,15,متوسطه1
باشگاه پالاس 60 درصد,آدرس: خیابان رباط، خیابان شیخ فایض، مجتمع طاها 4,09226293177,بدنسازی 16 جلسه,700.000 تومان,15,18,متوسطه2
باشگاه پالاس 60 درصد,آدرس: خیابان رباط، خیابان شیخ فایض، مجتمع طاها 4,09226293177,بدنسازی 16 جلسه,700.000 تومان,19,99,بزرگسالان
باشگاه پالاس 60 درصد,آدرس: خیابان رباط، خیابان شیخ فایض، مجتمع طاها 4,09226293177,بدنسازی 20 جلسه,800.000 تومان,9,12,دبستان2
باشگاه پالاس 60 درصد,آدرس: خیابان رباط، خیابان شیخ فایض، مجتمع طاها 4,09226293177,بدنسازی 20 جلسه,800.000 تومان,12,15,متوسطه1
باشگاه پالاس 60 درصد,آدرس: خیابان رباط، خیابان شیخ فایض، مجتمع طاها 4,09226293177,بدنسازی 20 جلسه,800.000 تومان,15,18,متوسطه2
باشگاه پالاس 60 درصد,آدرس: خیابان رباط، خیابان شیخ فایض، مجتمع طاها 4,09226293177,بدنسازی 20 جلسه,800.000 تومان,19,99,بزرگسالان
باشگاه پالاس 60 درصد,آدرس: خیابان رباط، خیابان شیخ فایض، مجتمع طاها 4,09226293177,بدنسازی 24 جلسه,900.000 تومان,9,12,دبستان2
باشگاه پالاس 60 درصد,آدرس: خیابان رباط، خیابان شیخ فایض، مجتمع طاها 4,09226293177,بدنسازی 24 جلسه,900.000 تومان,12,15,متوسطه1
باشگاه پالاس 60 درصد,آدرس: خیابان رباط، خیابان شیخ فایض، مجتمع طاها 4,09226293177,بدنسازی 24 جلسه,900.000 تومان,15,18,متوسطه2
باشگاه پالاس 60 درصد,آدرس: خیابان رباط، خیابان شیخ فایض، مجتمع طاها 4,09226293177,بدنسازی 24 جلسه,900.000 تومان,19,99,بزرگسالان
باشگاه پالاس 60 درصد,آدرس: خیابان رباط، خیابان شیخ فایض، مجتمع طاها 4,09226293177,هزینه برنامه تمرینی,900.000 تومان,9,12,دبستان2
باشگاه پالاس 60 درصد,آدرس: خیابان رباط، خیابان شیخ فایض، مجتمع طاها 4,09226293177,هزینه برنامه تمرینی,900.000 تومان,12,15,متوسطه1
باشگاه پالاس 60 درصد,آدرس: خیابان رباط، خیابان شیخ فایض، مجتمع طاها 4,09226293177,هزینه برنامه تمرینی,900.000 تومان,15,18,متوسطه2
باشگاه پالاس 60 درصد,آدرس: خیابان رباط، خیابان شیخ فایض، مجتمع طاها 4,09226293177,هزینه برنامه تمرینی,900.000 تومان,19,99,بزرگسالان
باشگاه پالاس 60 درصد,آدرس: خیابان رباط، خیابان شیخ فایض، مجتمع طاها 4,09226293177,حرکات اصلاحی(نیمه خصوصی),2.800.000 تومان,9,12,دبستان2
باشگاه پالاس 60 درصد,آدرس: خیابان رباط، خیابان شیخ فایض، مجتمع طاها 4,09226293177,حرکات اصلاحی(نیمه خصوصی),2.800.000 تومان,12,15,متوسطه1
باشگاه پالاس 60 درصد,آدرس: خیابان رباط، خیابان شیخ فایض، مجتمع طاها 4,09226293177,حرکات اصلاحی(نیمه خصوصی),2.800.000 تومان,15,18,متوسطه2
باشگاه پالاس 60 درصد,آدرس: خیابان رباط، خیابان شیخ فایض، مجتمع طاها 4,09226293177,حرکات اصلاحی(نیمه خصوصی),2.800.000 تومان,19,99,بزرگسالان
باشگاه ورزشی شاهین,آدرس: خیابان جی، خیابان همدانیان، جنب پمپ بنزین,03132757301-09395082343,یوگا بانوان 8 جلسه,1.200.000 تومان,9,12,دبستان2
باشگاه ورزشی شاهین,آدرس: خیابان جی، خیابان همدانیان، جنب پمپ بنزین,03132757301-09395082343,یوگا بانوان 8 جلسه,1.200.000 تومان,12,15,متوسطه1
باشگاه ورزشی شاهین,آدرس: خیابان جی، خیابان همدانیان، جنب پمپ بنزین,03132757301-09395082343,یوگا بانوان 8 جلسه,1.200.000 تومان,15,18,متوسطه2
باشگاه ورزشی شاهین,آدرس: خیابان جی، خیابان همدانیان، جنب پمپ بنزین,03132757301-09395082343,یوگا بانوان 8 جلسه,1.200.000 تومان,19,99,بزرگسالان
باشگاه ورزشی شاهین,آدرس: خیابان جی، خیابان همدانیان، جنب پمپ بنزین,03132757301-09395082343,یوگا بانوان 12 جلسه,1.430.000 تومان,9,12,دبستان2
باشگاه ورزشی شاهین,آدرس: خیابان جی، خیابان همدانیان، جنب پمپ بنزین,03132757301-09395082343,یوگا بانوان 12 جلسه,1.430.000 تومان,12,15,متوسطه1
باشگاه ورزشی شاهین,آدرس: خیابان جی، خیابان همدانیان، جنب پمپ بنزین,03132757301-09395082343,یوگا بانوان 12 جلسه,1.430.000 تومان,15,18,متوسطه2
باشگاه ورزشی شاهین,آدرس: خیابان جی، خیابان همدانیان، جنب پمپ بنزین,03132757301-09395082343,یوگا بانوان 12 جلسه,1.430.000 تومان,19,99,بزرگسالان
باشگاه ورزشی شاهین,آدرس: خیابان جی، خیابان همدانیان، جنب پمپ بنزین,03132757301-09395082343,یوگا بانوان تک جلسه ای,145.000 تومان,9,12,دبستان2
باشگاه ورزشی شاهین,آدرس: خیابان جی، خیابان همدانیان، جنب پمپ بنزین,03132757301-09395082343,یوگا بانوان تک جلسه ای,145.000 تومان,12,15,متوسطه1
باشگاه ورزشی شاهین,آدرس: خیابان جی، خیابان همدانیان، جنب پمپ بنزین,03132757301-09395082343,یوگا بانوان تک جلسه ای,145.000 تومان,15,18,متوسطه2
باشگاه ورزشی شاهین,آدرس: خیابان جی، خیابان همدانیان، جنب پمپ بنزین,03132757301-09395082343,یوگا بانوان تک جلسه ای,145.000 تومان,19,99,بزرگسالان
باشگاه ورزشی شاهین,آدرس: خیابان جی، خیابان همدانیان، جنب پمپ بنزین,03132757301-09395082343,یوگا بانوان 8 جلسه,900.000 تومان,9,12,دبستان2
باشگاه ورزشی شاهین,آدرس: خیابان جی، خیابان همدانیان، جنب پمپ بنزین,03132757301-09395082343,یوگا بانوان 8 جلسه,900.000 تومان,12,15,متوسطه1
باشگاه ورزشی شاهین,آدرس: خیابان جی، خیابان همدانیان، جنب پمپ بنزین,03132757301-09395082343,یوگا بانوان 8 جلسه,900.000 تومان,15,18,متوسطه2
باشگاه ورزشی شاهین,آدرس: خیابان جی، خیابان همدانیان، جنب پمپ بنزین,03132757301-09395082343,یوگا بانوان 8 جلسه,900.000 تومان,19,99,بزرگسالان
باشگاه ورزشی شاهین,آدرس: خیابان جی، خیابان همدانیان، جنب پمپ بنزین,03132757301-09395082343,پیلاتس اصلاحی بانوان تک جلسه ای,225.000 تومان,9,12,دبستان2
باشگاه ورزشی شاهین,آدرس: خیابان جی، خیابان همدانیان، جنب پمپ بنزین,03132757301-09395082343,پیلاتس اصلاحی بانوان تک جلسه ای,225.000 تومان,12,15,متوسطه1
باشگاه ورزشی شاهین,آدرس: خیابان جی، خیابان همدانیان، جنب پمپ بنزین,03132757301-09395082343,پیلاتس اصلاحی بانوان تک جلسه ای,225.000 تومان,15,18,متوسطه2
باشگاه ورزشی شاهین,آدرس: خیابان جی، خیابان همدانیان، جنب پمپ بنزین,03132757301-09395082343,پیلاتس اصلاحی بانوان تک جلسه ای,225.000 تومان,19,99,بزرگسالان
باشگاه ورزشی شاهین,آدرس: خیابان جی، خیابان همدانیان، جنب پمپ بنزین,03132757301-09395082343,پیلاتس اصلاحی  بانوان 8 جلسه,1.400.000 تومان,9,12,دبستان2
باشگاه ورزشی شاهین,آدرس: خیابان جی، خیابان همدانیان، جنب پمپ بنزین,03132757301-09395082343,پیلاتس اصلاحی  بانوان 8 جلسه,1.400.000 تومان,12,15,متوسطه1
باشگاه ورزشی شاهین,آدرس: خیابان جی، خیابان همدانیان، جنب پمپ بنزین,03132757301-09395082343,پیلاتس اصلاحی  بانوان 8 جلسه,1.400.000 تومان,15,18,متوسطه2
باشگاه ورزشی شاهین,آدرس: خیابان جی، خیابان همدانیان، جنب پمپ بنزین,03132757301-09395082343,پیلاتس اصلاحی  بانوان 8 جلسه,1.400.000 تومان,19,99,بزرگسالان
باشگاه ورزشی شاهین,آدرس: خیابان جی، خیابان همدانیان، جنب پمپ بنزین,03132757301-09395082343,پیلاتس اصلاحی  بانوان  12 جلسه,1.650.000 تومان,9,12,دبستان2
باشگاه ورزشی شاهین,آدرس: خیابان جی، خیابان همدانیان، جنب پمپ بنزین,03132757301-09395082343,پیلاتس اصلاحی  بانوان  12 جلسه,1.650.000 تومان,12,15,متوسطه1
باشگاه ورزشی شاهین,آدرس: خیابان جی، خیابان همدانیان، جنب پمپ بنزین,03132757301-09395082343,پیلاتس اصلاحی  بانوان  12 جلسه,1.650.000 تومان,15,18,متوسطه2
باشگاه ورزشی شاهین,آدرس: خیابان جی، خیابان همدانیان، جنب پمپ بنزین,03132757301-09395082343,پیلاتس اصلاحی  بانوان  12 جلسه,1.650.000 تومان,19,99,بزرگسالان
باشگاه ورزشی شاهین,آدرس: خیابان جی، خیابان همدانیان، جنب پمپ بنزین,03132757301-09395082343,پیلاتس بانوان تک جلسه ای,145.000 تومان,9,12,دبستان2
باشگاه ورزشی شاهین,آدرس: خیابان جی، خیابان همدانیان، جنب پمپ بنزین,03132757301-09395082343,پیلاتس بانوان تک جلسه ای,145.000 تومان,12,15,متوسطه1
باشگاه ورزشی شاهین,آدرس: خیابان جی، خیابان همدانیان، جنب پمپ بنزین,03132757301-09395082343,پیلاتس بانوان تک جلسه ای,145.000 تومان,15,18,متوسطه2
باشگاه ورزشی شاهین,آدرس: خیابان جی، خیابان همدانیان، جنب پمپ بنزین,03132757301-09395082343,پیلاتس بانوان تک جلسه ای,145.000 تومان,19,99,بزرگسالان
باشگاه ورزشی شاهین,آدرس: خیابان جی، خیابان همدانیان، جنب پمپ بنزین,03132757301-09395082343,پیلاتس  بانوان 8 جلسه,975.000 تومان,9,12,دبستان2
باشگاه ورزشی شاهین,آدرس: خیابان جی، خیابان همدانیان، جنب پمپ بنزین,03132757301-09395082343,پیلاتس  بانوان 8 جلسه,975.000 تومان,12,15,متوسطه1
باشگاه ورزشی شاهین,آدرس: خیابان جی، خیابان همدانیان، جنب پمپ بنزین,03132757301-09395082343,پیلاتس  بانوان 8 جلسه,975.000 تومان,15,18,متوسطه2
باشگاه ورزشی شاهین,آدرس: خیابان جی، خیابان همدانیان، جنب پمپ بنزین,03132757301-09395082343,پیلاتس  بانوان 8 جلسه,975.000 تومان,19,99,بزرگسالان
باشگاه ورزشی شاهین,آدرس: خیابان جی، خیابان همدانیان، جنب پمپ بنزین,03132757301-09395082343,پیلاتس  بانوان  12 جلسه,1.200.000 تومان,9,12,دبستان2
باشگاه ورزشی شاهین,آدرس: خیابان جی، خیابان همدانیان، جنب پمپ بنزین,03132757301-09395082343,پیلاتس  بانوان  12 جلسه,1.200.000 تومان,12,15,متوسطه1
باشگاه ورزشی شاهین,آدرس: خیابان جی، خیابان همدانیان، جنب پمپ بنزین,03132757301-09395082343,پیلاتس  بانوان  12 جلسه,1.200.000 تومان,15,18,متوسطه2
باشگاه ورزشی شاهین,آدرس: خیابان جی، خیابان همدانیان، جنب پمپ بنزین,03132757301-09395082343,پیلاتس  بانوان  12 جلسه,1.200.000 تومان,19,99,بزرگسالان
باشگاه ورزشی شاهین,آدرس: خیابان جی، خیابان همدانیان، جنب پمپ بنزین,03132757301-09395082343,پاورفیت بانوان تک جلسه ای,195.000 تومان,9,12,دبستان2
باشگاه ورزشی شاهین,آدرس: خیابان جی، خیابان همدانیان، جنب پمپ بنزین,03132757301-09395082343,پاورفیت بانوان تک جلسه ای,195.000 تومان,12,15,متوسطه1
باشگاه ورزشی شاهین,آدرس: خیابان جی، خیابان همدانیان، جنب پمپ بنزین,03132757301-09395082343,پاورفیت بانوان تک جلسه ای,195.000 تومان,15,18,متوسطه2
باشگاه ورزشی شاهین,آدرس: خیابان جی، خیابان همدانیان، جنب پمپ بنزین,03132757301-09395082343,پاورفیت بانوان تک جلسه ای,195.000 تومان,19,99,بزرگسالان
باشگاه ورزشی شاهین,آدرس: خیابان جی، خیابان همدانیان، جنب پمپ بنزین,03132757301-09395082343,پاورفیت بانوان 12 جلسه,1.430.000 تومان,9,12,دبستان2
باشگاه ورزشی شاهین,آدرس: خیابان جی، خیابان همدانیان، جنب پمپ بنزین,03132757301-09395082343,پاورفیت بانوان 12 جلسه,1.430.000 تومان,12,15,متوسطه1
باشگاه ورزشی شاهین,آدرس: خیابان جی، خیابان همدانیان، جنب پمپ بنزین,03132757301-09395082343,پاورفیت بانوان 12 جلسه,1.430.000 تومان,15,18,متوسطه2
باشگاه ورزشی شاهین,آدرس: خیابان جی، خیابان همدانیان، جنب پمپ بنزین,03132757301-09395082343,پاورفیت بانوان 12 جلسه,1.430.000 تومان,19,99,بزرگسالان
باشگاه ورزشی شاهین,آدرس: خیابان جی، خیابان همدانیان، جنب پمپ بنزین,03132757301-09395082343,چربی سوزی بانوان  تک جلسه ای,195.000 تومان,9,12,دبستان2
باشگاه ورزشی شاهین,آدرس: خیابان جی، خیابان همدانیان، جنب پمپ بنزین,03132757301-09395082343,چربی سوزی بانوان  تک جلسه ای,195.000 تومان,12,15,متوسطه1
باشگاه ورزشی شاهین,آدرس: خیابان جی، خیابان همدانیان، جنب پمپ بنزین,03132757301-09395082343,چربی سوزی بانوان  تک جلسه ای,195.000 تومان,15,18,متوسطه2
باشگاه ورزشی شاهین,آدرس: خیابان جی، خیابان همدانیان، جنب پمپ بنزین,03132757301-09395082343,چربی سوزی بانوان  تک جلسه ای,195.000 تومان,19,99,بزرگسالان
باشگاه ورزشی شاهین,آدرس: خیابان جی، خیابان همدانیان، جنب پمپ بنزین,03132757301-09395082343,چربی سوزی بانوان 8 جلسه ای,1.200.000 تومان,9,12,دبستان2
باشگاه ورزشی شاهین,آدرس: خیابان جی، خیابان همدانیان، جنب پمپ بنزین,03132757301-09395082343,چربی سوزی بانوان 8 جلسه ای,1.200.000 تومان,12,15,متوسطه1
باشگاه ورزشی شاهین,آدرس: خیابان جی، خیابان همدانیان، جنب پمپ بنزین,03132757301-09395082343,چربی سوزی بانوان 8 جلسه ای,1.200.000 تومان,15,18,متوسطه2
باشگاه ورزشی شاهین,آدرس: خیابان جی، خیابان همدانیان، جنب پمپ بنزین,03132757301-09395082343,چربی سوزی بانوان 8 جلسه ای,1.200.000 تومان,19,99,بزرگسالان
باشگاه ورزشی شاهین,آدرس: خیابان جی، خیابان همدانیان، جنب پمپ بنزین,03132757301-09395082343,فیتنس بانوان تک جلسه ای,195.000 تومان,9,12,دبستان2
باشگاه ورزشی شاهین,آدرس: خیابان جی، خیابان همدانیان، جنب پمپ بنزین,03132757301-09395082343,فیتنس بانوان تک جلسه ای,195.000 تومان,12,15,متوسطه1
باشگاه ورزشی شاهین,آدرس: خیابان جی، خیابان همدانیان، جنب پمپ بنزین,03132757301-09395082343,فیتنس بانوان تک جلسه ای,195.000 تومان,15,18,متوسطه2
باشگاه ورزشی شاهین,آدرس: خیابان جی، خیابان همدانیان، جنب پمپ بنزین,03132757301-09395082343,فیتنس بانوان تک جلسه ای,195.000 تومان,19,99,بزرگسالان
باشگاه ورزشی شاهین,آدرس: خیابان جی، خیابان همدانیان، جنب پمپ بنزین,03132757301-09395082343,فیتنس بانوان 8 جلسه,1.200.000 تومان,9,12,دبستان2
باشگاه ورزشی شاهین,آدرس: خیابان جی، خیابان همدانیان، جنب پمپ بنزین,03132757301-09395082343,فیتنس بانوان 8 جلسه,1.200.000 تومان,12,15,متوسطه1
باشگاه ورزشی شاهین,آدرس: خیابان جی، خیابان همدانیان، جنب پمپ بنزین,03132757301-09395082343,فیتنس بانوان 8 جلسه,1.200.000 تومان,15,18,متوسطه2
باشگاه ورزشی شاهین,آدرس: خیابان جی، خیابان همدانیان، جنب پمپ بنزین,03132757301-09395082343,فیتنس بانوان 8 جلسه,1.200.000 تومان,19,99,بزرگسالان
باشگاه ورزشی شاهین,آدرس: خیابان جی، خیابان همدانیان، جنب پمپ بنزین,03132757301-09395082343,فیتنس بانوان 12 جلسه,1.430.000 تومان,9,12,دبستان2
باشگاه ورزشی شاهین,آدرس: خیابان جی، خیابان همدانیان، جنب پمپ بنزین,03132757301-09395082343,فیتنس بانوان 12 جلسه,1.430.000 تومان,12,15,متوسطه1
باشگاه ورزشی شاهین,آدرس: خیابان جی، خیابان همدانیان، جنب پمپ بنزین,03132757301-09395082343,فیتنس بانوان 12 جلسه,1.430.000 تومان,15,18,متوسطه2
باشگاه ورزشی شاهین,آدرس: خیابان جی، خیابان همدانیان، جنب پمپ بنزین,03132757301-09395082343,فیتنس بانوان 12 جلسه,1.430.000 تومان,19,99,بزرگسالان
باشگاه ورزشی شاهین,آدرس: خیابان جی، خیابان همدانیان، جنب پمپ بنزین,03132757301-09395082343,فیتنس بانوان تک جلسه ای,225.000 تومان,9,12,دبستان2
باشگاه ورزشی شاهین,آدرس: خیابان جی، خیابان همدانیان، جنب پمپ بنزین,03132757301-09395082343,فیتنس بانوان تک جلسه ای,225.000 تومان,12,15,متوسطه1
باشگاه ورزشی شاهین,آدرس: خیابان جی، خیابان همدانیان، جنب پمپ بنزین,03132757301-09395082343,فیتنس بانوان تک جلسه ای,225.000 تومان,15,18,متوسطه2
باشگاه ورزشی شاهین,آدرس: خیابان جی، خیابان همدانیان، جنب پمپ بنزین,03132757301-09395082343,فیتنس بانوان تک جلسه ای,225.000 تومان,19,99,بزرگسالان
باشگاه ورزشی شاهین,آدرس: خیابان جی، خیابان همدانیان، جنب پمپ بنزین,03132757301-09395082343,فیتنس بانوان 8 جلسه,1.400.000 تومان,9,12,دبستان2
باشگاه ورزشی شاهین,آدرس: خیابان جی، خیابان همدانیان، جنب پمپ بنزین,03132757301-09395082343,فیتنس بانوان 8 جلسه,1.400.000 تومان,12,15,متوسطه1
باشگاه ورزشی شاهین,آدرس: خیابان جی، خیابان همدانیان، جنب پمپ بنزین,03132757301-09395082343,فیتنس بانوان 8 جلسه,1.400.000 تومان,15,18,متوسطه2
باشگاه ورزشی شاهین,آدرس: خیابان جی، خیابان همدانیان، جنب پمپ بنزین,03132757301-09395082343,فیتنس بانوان 8 جلسه,1.400.000 تومان,19,99,بزرگسالان
باشگاه ورزشی شاهین,آدرس: خیابان جی، خیابان همدانیان، جنب پمپ بنزین,03132757301-09395082343,فیتنس بانوان 12 جلسه,1.650.000 تومان,9,12,دبستان2
باشگاه ورزشی شاهین,آدرس: خیابان جی، خیابان همدانیان، جنب پمپ بنزین,03132757301-09395082343,فیتنس بانوان 12 جلسه,1.650.000 تومان,12,15,متوسطه1
باشگاه ورزشی شاهین,آدرس: خیابان جی، خیابان همدانیان، جنب پمپ بنزین,03132757301-09395082343,فیتنس بانوان 12 جلسه,1.650.000 تومان,15,18,متوسطه2
باشگاه ورزشی شاهین,آدرس: خیابان جی، خیابان همدانیان، جنب پمپ بنزین,03132757301-09395082343,فیتنس بانوان 12 جلسه,1.650.000 تومان,19,99,بزرگسالان
باشگاه ورزشی شاهین,آدرس: خیابان جی، خیابان همدانیان، جنب پمپ بنزین,03132757301-09395082343,فیتنس بانوان 12 جلسه,1.500.000 تومان,9,12,دبستان2
باشگاه ورزشی شاهین,آدرس: خیابان جی، خیابان همدانیان، جنب پمپ بنزین,03132757301-09395082343,فیتنس بانوان 12 جلسه,1.500.000 تومان,12,15,متوسطه1
باشگاه ورزشی شاهین,آدرس: خیابان جی، خیابان همدانیان، جنب پمپ بنزین,03132757301-09395082343,فیتنس بانوان 12 جلسه,1.500.000 تومان,15,18,متوسطه2
باشگاه ورزشی شاهین,آدرس: خیابان جی، خیابان همدانیان، جنب پمپ بنزین,03132757301-09395082343,فیتنس بانوان 12 جلسه,1.500.000 تومان,19,99,بزرگسالان
باشگاه ورزشی شاهین,آدرس: خیابان جی، خیابان همدانیان، جنب پمپ بنزین,03132757301-09395082343,فیتنس پامپ بانوان تک جلسه ای,195.000 تومان,9,12,دبستان2
باشگاه ورزشی شاهین,آدرس: خیابان جی، خیابان همدانیان، جنب پمپ بنزین,03132757301-09395082343,فیتنس پامپ بانوان تک جلسه ای,195.000 تومان,12,15,متوسطه1
باشگاه ورزشی شاهین,آدرس: خیابان جی، خیابان همدانیان، جنب پمپ بنزین,03132757301-09395082343,فیتنس پامپ بانوان تک جلسه ای,195.000 تومان,15,18,متوسطه2
باشگاه ورزشی شاهین,آدرس: خیابان جی، خیابان همدانیان، جنب پمپ بنزین,03132757301-09395082343,فیتنس پامپ بانوان تک جلسه ای,195.000 تومان,19,99,بزرگسالان
باشگاه ورزشی شاهین,آدرس: خیابان جی، خیابان همدانیان، جنب پمپ بنزین,03132757301-09395082343,فیتنس پامپ بانوان 8 جلسه,1.200.000 تومان,9,12,دبستان2
باشگاه ورزشی شاهین,آدرس: خیابان جی، خیابان همدانیان، جنب پمپ بنزین,03132757301-09395082343,فیتنس پامپ بانوان 8 جلسه,1.200.000 تومان,12,15,متوسطه1
باشگاه ورزشی شاهین,آدرس: خیابان جی، خیابان همدانیان، جنب پمپ بنزین,03132757301-09395082343,فیتنس پامپ بانوان 8 جلسه,1.200.000 تومان,15,18,متوسطه2
باشگاه ورزشی شاهین,آدرس: خیابان جی، خیابان همدانیان، جنب پمپ بنزین,03132757301-09395082343,فیتنس پامپ بانوان 8 جلسه,1.200.000 تومان,19,99,بزرگسالان
باشگاه ورزشی شاهین,آدرس: خیابان جی، خیابان همدانیان، جنب پمپ بنزین,03132757301-09395082343,فیتنس پامپ بانوان 12 جلسه,1.430.000 تومان,9,12,دبستان2
باشگاه ورزشی شاهین,آدرس: خیابان جی، خیابان همدانیان، جنب پمپ بنزین,03132757301-09395082343,فیتنس پامپ بانوان 12 جلسه,1.430.000 تومان,12,15,متوسطه1
باشگاه ورزشی شاهین,آدرس: خیابان جی، خیابان همدانیان، جنب پمپ بنزین,03132757301-09395082343,فیتنس پامپ بانوان 12 جلسه,1.430.000 تومان,15,18,متوسطه2
باشگاه ورزشی شاهین,آدرس: خیابان جی، خیابان همدانیان، جنب پمپ بنزین,03132757301-09395082343,فیتنس پامپ بانوان 12 جلسه,1.430.000 تومان,19,99,بزرگسالان
باشگاه ورزشی شاهین,آدرس: خیابان جی، خیابان همدانیان، جنب پمپ بنزین,03132757301-09395082343,ایروبیک بانوان تک جلسه ای,195.000 تومان,9,12,دبستان2
باشگاه ورزشی شاهین,آدرس: خیابان جی، خیابان همدانیان، جنب پمپ بنزین,03132757301-09395082343,ایروبیک بانوان تک جلسه ای,195.000 تومان,12,15,متوسطه1
باشگاه ورزشی شاهین,آدرس: خیابان جی، خیابان همدانیان، جنب پمپ بنزین,03132757301-09395082343,ایروبیک بانوان تک جلسه ای,195.000 تومان,15,18,متوسطه2
باشگاه ورزشی شاهین,آدرس: خیابان جی، خیابان همدانیان، جنب پمپ بنزین,03132757301-09395082343,ایروبیک بانوان تک جلسه ای,195.000 تومان,19,99,بزرگسالان
باشگاه ورزشی شاهین,آدرس: خیابان جی، خیابان همدانیان، جنب پمپ بنزین,03132757301-09395082343,ایروبیک بانوان8 جلسه,1.200.000 تومان,9,12,دبستان2
باشگاه ورزشی شاهین,آدرس: خیابان جی، خیابان همدانیان، جنب پمپ بنزین,03132757301-09395082343,ایروبیک بانوان8 جلسه,1.200.000 تومان,12,15,متوسطه1
باشگاه ورزشی شاهین,آدرس: خیابان جی، خیابان همدانیان، جنب پمپ بنزین,03132757301-09395082343,ایروبیک بانوان8 جلسه,1.200.000 تومان,15,18,متوسطه2
باشگاه ورزشی شاهین,آدرس: خیابان جی، خیابان همدانیان، جنب پمپ بنزین,03132757301-09395082343,ایروبیک بانوان8 جلسه,1.200.000 تومان,19,99,بزرگسالان
باشگاه ورزشی شاهین,آدرس: خیابان جی، خیابان همدانیان، جنب پمپ بنزین,03132757301-09395082343,ایروبیک بانوان 12 جلسه,1.430.000 تومان,9,12,دبستان2
باشگاه ورزشی شاهین,آدرس: خیابان جی، خیابان همدانیان، جنب پمپ بنزین,03132757301-09395082343,ایروبیک بانوان 12 جلسه,1.430.000 تومان,12,15,متوسطه1
باشگاه ورزشی شاهین,آدرس: خیابان جی، خیابان همدانیان، جنب پمپ بنزین,03132757301-09395082343,ایروبیک بانوان 12 جلسه,1.430.000 تومان,15,18,متوسطه2
باشگاه ورزشی شاهین,آدرس: خیابان جی، خیابان همدانیان، جنب پمپ بنزین,03132757301-09395082343,ایروبیک بانوان 12 جلسه,1.430.000 تومان,19,99,بزرگسالان
باشگاه ورزشی شاهین,آدرس: خیابان جی، خیابان همدانیان، جنب پمپ بنزین,03132757301-09395082343,ایروریتم دختران تک جلسه ای,195.000 تومان,4,6,پیش دبستانی
باشگاه ورزشی شاهین,آدرس: خیابان جی، خیابان همدانیان، جنب پمپ بنزین,03132757301-09395082343,ایروریتم دختران تک جلسه ای,195.000 تومان,6,9,دبستان1
باشگاه ورزشی شاهین,آدرس: خیابان جی، خیابان همدانیان، جنب پمپ بنزین,03132757301-09395082343,ایروریتم دختران تک جلسه ای,195.000 تومان,9,12,دبستان2
باشگاه ورزشی شاهین,آدرس: خیابان جی، خیابان همدانیان، جنب پمپ بنزین,03132757301-09395082343,ایروریتم دختران تک جلسه ای,195.000 تومان,12,15,متوسطه1
باشگاه ورزشی شاهین,آدرس: خیابان جی، خیابان همدانیان، جنب پمپ بنزین,03132757301-09395082343,ایروریتم دختران تک جلسه ای,195.000 تومان,15,18,متوسطه2
باشگاه ورزشی شاهین,آدرس: خیابان جی، خیابان همدانیان، جنب پمپ بنزین,03132757301-09395082343,ایروریتم دختران 8 جلسه,1.200.000 تومان,4,6,پیش دبستانی
باشگاه ورزشی شاهین,آدرس: خیابان جی، خیابان همدانیان، جنب پمپ بنزین,03132757301-09395082343,ایروریتم دختران 8 جلسه,1.200.000 تومان,6,9,دبستان1
باشگاه ورزشی شاهین,آدرس: خیابان جی، خیابان همدانیان، جنب پمپ بنزین,03132757301-09395082343,ایروریتم دختران 8 جلسه,1.200.000 تومان,9,12,دبستان2
باشگاه ورزشی شاهین,آدرس: خیابان جی، خیابان همدانیان، جنب پمپ بنزین,03132757301-09395082343,ایروریتم دختران 8 جلسه,1.200.000 تومان,12,15,متوسطه1
باشگاه ورزشی شاهین,آدرس: خیابان جی، خیابان همدانیان، جنب پمپ بنزین,03132757301-09395082343,ایروریتم دختران 8 جلسه,1.200.000 تومان,15,18,متوسطه2
باشگاه ورزشی شاهین,آدرس: خیابان جی، خیابان همدانیان، جنب پمپ بنزین,03132757301-09395082343,ایروریتم دختران 12 جلسه,1.430.000 تومان,4,6,پیش دبستانی
باشگاه ورزشی شاهین,آدرس: خیابان جی، خیابان همدانیان، جنب پمپ بنزین,03132757301-09395082343,ایروریتم دختران 12 جلسه,1.430.000 تومان,6,9,دبستان1
باشگاه ورزشی شاهین,آدرس: خیابان جی، خیابان همدانیان، جنب پمپ بنزین,03132757301-09395082343,ایروریتم دختران 12 جلسه,1.430.000 تومان,9,12,دبستان2
باشگاه ورزشی شاهین,آدرس: خیابان جی، خیابان همدانیان، جنب پمپ بنزین,03132757301-09395082343,ایروریتم دختران 12 جلسه,1.430.000 تومان,12,15,متوسطه1
باشگاه ورزشی شاهین,آدرس: خیابان جی، خیابان همدانیان، جنب پمپ بنزین,03132757301-09395082343,ایروریتم دختران 12 جلسه,1.430.000 تومان,15,18,متوسطه2
باشگاه ورزشی شاهین,آدرس: خیابان جی، خیابان همدانیان، جنب پمپ بنزین,03132757301-09395082343,بادی ریتمیک بانوان تک جلسه ای,195.000 تومان,9,12,دبستان2
باشگاه ورزشی شاهین,آدرس: خیابان جی، خیابان همدانیان، جنب پمپ بنزین,03132757301-09395082343,بادی ریتمیک بانوان تک جلسه ای,195.000 تومان,12,15,متوسطه1
باشگاه ورزشی شاهین,آدرس: خیابان جی، خیابان همدانیان، جنب پمپ بنزین,03132757301-09395082343,بادی ریتمیک بانوان تک جلسه ای,195.000 تومان,15,18,متوسطه2
باشگاه ورزشی شاهین,آدرس: خیابان جی، خیابان همدانیان، جنب پمپ بنزین,03132757301-09395082343,بادی ریتمیک بانوان تک جلسه ای,195.000 تومان,19,99,بزرگسالان
باشگاه ورزشی شاهین,آدرس: خیابان جی، خیابان همدانیان، جنب پمپ بنزین,03132757301-09395082343,بادی ریتمیک بانوان8 جلسه,1.200.000 تومان,9,12,دبستان2
باشگاه ورزشی شاهین,آدرس: خیابان جی، خیابان همدانیان، جنب پمپ بنزین,03132757301-09395082343,بادی ریتمیک بانوان8 جلسه,1.200.000 تومان,12,15,متوسطه1
باشگاه ورزشی شاهین,آدرس: خیابان جی، خیابان همدانیان، جنب پمپ بنزین,03132757301-09395082343,بادی ریتمیک بانوان8 جلسه,1.200.000 تومان,15,18,متوسطه2
باشگاه ورزشی شاهین,آدرس: خیابان جی، خیابان همدانیان، جنب پمپ بنزین,03132757301-09395082343,بادی ریتمیک بانوان8 جلسه,1.200.000 تومان,19,99,بزرگسالان
باشگاه ورزشی شاهین,آدرس: خیابان جی، خیابان همدانیان، جنب پمپ بنزین,03132757301-09395082343,تکواندو بانوان تک جلسه ای,230.000 تومان,9,12,دبستان2
باشگاه ورزشی شاهین,آدرس: خیابان جی، خیابان همدانیان، جنب پمپ بنزین,03132757301-09395082343,تکواندو بانوان تک جلسه ای,230.000 تومان,12,15,متوسطه1
باشگاه ورزشی شاهین,آدرس: خیابان جی، خیابان همدانیان، جنب پمپ بنزین,03132757301-09395082343,تکواندو بانوان تک جلسه ای,230.000 تومان,15,18,متوسطه2
باشگاه ورزشی شاهین,آدرس: خیابان جی، خیابان همدانیان، جنب پمپ بنزین,03132757301-09395082343,تکواندو بانوان تک جلسه ای,230.000 تومان,19,99,بزرگسالان
باشگاه ورزشی شاهین,آدرس: خیابان جی، خیابان همدانیان، جنب پمپ بنزین,03132757301-09395082343,تکواندو بانوان 8 جلسه,1.350.000 تومان,9,12,دبستان2
باشگاه ورزشی شاهین,آدرس: خیابان جی، خیابان همدانیان، جنب پمپ بنزین,03132757301-09395082343,تکواندو بانوان 8 جلسه,1.350.000 تومان,12,15,متوسطه1
باشگاه ورزشی شاهین,آدرس: خیابان جی، خیابان همدانیان، جنب پمپ بنزین,03132757301-09395082343,تکواندو بانوان 8 جلسه,1.350.000 تومان,15,18,متوسطه2
باشگاه ورزشی شاهین,آدرس: خیابان جی، خیابان همدانیان، جنب پمپ بنزین,03132757301-09395082343,تکواندو بانوان 8 جلسه,1.350.000 تومان,19,99,بزرگسالان
باشگاه ورزشی شاهین,آدرس: خیابان جی، خیابان همدانیان، جنب پمپ بنزین,03132757301-09395082343,کاراته بانوان تک جلسه ای,165.000 تومان,9,12,دبستان2
باشگاه ورزشی شاهین,آدرس: خیابان جی، خیابان همدانیان، جنب پمپ بنزین,03132757301-09395082343,کاراته بانوان تک جلسه ای,165.000 تومان,12,15,متوسطه1
باشگاه ورزشی شاهین,آدرس: خیابان جی، خیابان همدانیان، جنب پمپ بنزین,03132757301-09395082343,کاراته بانوان تک جلسه ای,165.000 تومان,15,18,متوسطه2
باشگاه ورزشی شاهین,آدرس: خیابان جی، خیابان همدانیان، جنب پمپ بنزین,03132757301-09395082343,کاراته بانوان تک جلسه ای,165.000 تومان,19,99,بزرگسالان
باشگاه ورزشی شاهین,آدرس: خیابان جی، خیابان همدانیان، جنب پمپ بنزین,03132757301-09395082343,کاراته بانوان 8 جلسه,1.200.000 تومان,9,12,دبستان2
باشگاه ورزشی شاهین,آدرس: خیابان جی، خیابان همدانیان، جنب پمپ بنزین,03132757301-09395082343,کاراته بانوان 8 جلسه,1.200.000 تومان,12,15,متوسطه1
باشگاه ورزشی شاهین,آدرس: خیابان جی، خیابان همدانیان، جنب پمپ بنزین,03132757301-09395082343,کاراته بانوان 8 جلسه,1.200.000 تومان,15,18,متوسطه2
باشگاه ورزشی شاهین,آدرس: خیابان جی، خیابان همدانیان، جنب پمپ بنزین,03132757301-09395082343,کاراته بانوان 8 جلسه,1.200.000 تومان,19,99,بزرگسالان
باشگاه ورزشی شاهین,آدرس: خیابان جی، خیابان همدانیان، جنب پمپ بنزین,03132757301-09395082343,ووشو بانوان تک جلسه ای,165.000 تومان,9,12,دبستان2
باشگاه ورزشی شاهین,آدرس: خیابان جی، خیابان همدانیان، جنب پمپ بنزین,03132757301-09395082343,ووشو بانوان تک جلسه ای,165.000 تومان,12,15,متوسطه1
باشگاه ورزشی شاهین,آدرس: خیابان جی، خیابان همدانیان، جنب پمپ بنزین,03132757301-09395082343,ووشو بانوان تک جلسه ای,165.000 تومان,15,18,متوسطه2
باشگاه ورزشی شاهین,آدرس: خیابان جی، خیابان همدانیان، جنب پمپ بنزین,03132757301-09395082343,ووشو بانوان تک جلسه ای,165.000 تومان,19,99,بزرگسالان
باشگاه ورزشی شاهین,آدرس: خیابان جی، خیابان همدانیان، جنب پمپ بنزین,03132757301-09395082343,ووشو بانوان 8 جلسه,1.130.000 تومان,9,12,دبستان2
باشگاه ورزشی شاهین,آدرس: خیابان جی، خیابان همدانیان، جنب پمپ بنزین,03132757301-09395082343,ووشو بانوان 8 جلسه,1.130.000 تومان,12,15,متوسطه1
باشگاه ورزشی شاهین,آدرس: خیابان جی، خیابان همدانیان، جنب پمپ بنزین,03132757301-09395082343,ووشو بانوان 8 جلسه,1.130.000 تومان,15,18,متوسطه2
باشگاه ورزشی شاهین,آدرس: خیابان جی، خیابان همدانیان، جنب پمپ بنزین,03132757301-09395082343,ووشو بانوان 8 جلسه,1.130.000 تومان,19,99,بزرگسالان
باشگاه ورزشی شاهین,آدرس: خیابان جی، خیابان همدانیان، جنب پمپ بنزین,03132757301-09395082343,ووشو بانوان 12 جلسه,1.300.000 تومان,9,12,دبستان2
باشگاه ورزشی شاهین,آدرس: خیابان جی، خیابان همدانیان، جنب پمپ بنزین,03132757301-09395082343,ووشو بانوان 12 جلسه,1.300.000 تومان,12,15,متوسطه1
باشگاه ورزشی شاهین,آدرس: خیابان جی، خیابان همدانیان، جنب پمپ بنزین,03132757301-09395082343,ووشو بانوان 12 جلسه,1.300.000 تومان,15,18,متوسطه2
باشگاه ورزشی شاهین,آدرس: خیابان جی، خیابان همدانیان، جنب پمپ بنزین,03132757301-09395082343,ووشو بانوان 12 جلسه,1.300.000 تومان,19,99,بزرگسالان
باشگاه ورزشی شاهین,آدرس: خیابان جی، خیابان همدانیان، جنب پمپ بنزین,03132757301-09395082343,جوجیتسو بانوان تک جلسه ای,165.000 تومان,9,12,دبستان2
باشگاه ورزشی شاهین,آدرس: خیابان جی، خیابان همدانیان، جنب پمپ بنزین,03132757301-09395082343,جوجیتسو بانوان تک جلسه ای,165.000 تومان,12,15,متوسطه1
باشگاه ورزشی شاهین,آدرس: خیابان جی، خیابان همدانیان، جنب پمپ بنزین,03132757301-09395082343,جوجیتسو بانوان تک جلسه ای,165.000 تومان,15,18,متوسطه2
باشگاه ورزشی شاهین,آدرس: خیابان جی، خیابان همدانیان، جنب پمپ بنزین,03132757301-09395082343,جوجیتسو بانوان تک جلسه ای,165.000 تومان,19,99,بزرگسالان
باشگاه ورزشی شاهین,آدرس: خیابان جی، خیابان همدانیان، جنب پمپ بنزین,03132757301-09395082343,جوجیتسو بانوان 8 جلسه,1.200.000 تومان,9,12,دبستان2
باشگاه ورزشی شاهین,آدرس: خیابان جی، خیابان همدانیان، جنب پمپ بنزین,03132757301-09395082343,جوجیتسو بانوان 8 جلسه,1.200.000 تومان,12,15,متوسطه1
باشگاه ورزشی شاهین,آدرس: خیابان جی، خیابان همدانیان، جنب پمپ بنزین,03132757301-09395082343,جوجیتسو بانوان 8 جلسه,1.200.000 تومان,15,18,متوسطه2
باشگاه ورزشی شاهین,آدرس: خیابان جی، خیابان همدانیان، جنب پمپ بنزین,03132757301-09395082343,جوجیتسو بانوان 8 جلسه,1.200.000 تومان,19,99,بزرگسالان
باشگاه ورزشی شاهین,آدرس: خیابان جی، خیابان همدانیان، جنب پمپ بنزین,03132757301-09395082343,نینجا بانوان تک جلسه ای,165.000 تومان,9,12,دبستان2
باشگاه ورزشی شاهین,آدرس: خیابان جی، خیابان همدانیان، جنب پمپ بنزین,03132757301-09395082343,نینجا بانوان تک جلسه ای,165.000 تومان,12,15,متوسطه1
باشگاه ورزشی شاهین,آدرس: خیابان جی، خیابان همدانیان، جنب پمپ بنزین,03132757301-09395082343,نینجا بانوان تک جلسه ای,165.000 تومان,15,18,متوسطه2
باشگاه ورزشی شاهین,آدرس: خیابان جی، خیابان همدانیان، جنب پمپ بنزین,03132757301-09395082343,نینجا بانوان تک جلسه ای,165.000 تومان,19,99,بزرگسالان
باشگاه ورزشی شاهین,آدرس: خیابان جی، خیابان همدانیان، جنب پمپ بنزین,03132757301-09395082343,نینجا بانوان 8 جلسه,1.000.000 تومان,9,12,دبستان2
باشگاه ورزشی شاهین,آدرس: خیابان جی، خیابان همدانیان، جنب پمپ بنزین,03132757301-09395082343,نینجا بانوان 8 جلسه,1.000.000 تومان,12,15,متوسطه1
باشگاه ورزشی شاهین,آدرس: خیابان جی، خیابان همدانیان، جنب پمپ بنزین,03132757301-09395082343,نینجا بانوان 8 جلسه,1.000.000 تومان,15,18,متوسطه2
باشگاه ورزشی شاهین,آدرس: خیابان جی، خیابان همدانیان، جنب پمپ بنزین,03132757301-09395082343,نینجا بانوان 8 جلسه,1.000.000 تومان,19,99,بزرگسالان
باشگاه ورزشی شاهین,آدرس: خیابان جی، خیابان همدانیان، جنب پمپ بنزین,03132757301-09395082343,نینجا بانوان 12 جلسه,1.300.000 تومان,9,12,دبستان2
باشگاه ورزشی شاهین,آدرس: خیابان جی، خیابان همدانیان، جنب پمپ بنزین,03132757301-09395082343,نینجا بانوان 12 جلسه,1.300.000 تومان,12,15,متوسطه1
باشگاه ورزشی شاهین,آدرس: خیابان جی، خیابان همدانیان، جنب پمپ بنزین,03132757301-09395082343,نینجا بانوان 12 جلسه,1.300.000 تومان,15,18,متوسطه2
باشگاه ورزشی شاهین,آدرس: خیابان جی، خیابان همدانیان، جنب پمپ بنزین,03132757301-09395082343,نینجا بانوان 12 جلسه,1.300.000 تومان,19,99,بزرگسالان
باشگاه ورزشی شاهین,آدرس: خیابان جی، خیابان همدانیان، جنب پمپ بنزین,03132757301-09395082343,TRXفیتنس بانوان تک جلسه ای,225.000 تومان,9,12,دبستان2
باشگاه ورزشی شاهین,آدرس: خیابان جی، خیابان همدانیان، جنب پمپ بنزین,03132757301-09395082343,TRXفیتنس بانوان تک جلسه ای,225.000 تومان,12,15,متوسطه1
باشگاه ورزشی شاهین,آدرس: خیابان جی، خیابان همدانیان، جنب پمپ بنزین,03132757301-09395082343,TRXفیتنس بانوان تک جلسه ای,225.000 تومان,15,18,متوسطه2
باشگاه ورزشی شاهین,آدرس: خیابان جی، خیابان همدانیان، جنب پمپ بنزین,03132757301-09395082343,TRXفیتنس بانوان تک جلسه ای,225.000 تومان,19,99,بزرگسالان
باشگاه ورزشی شاهین,آدرس: خیابان جی، خیابان همدانیان، جنب پمپ بنزین,03132757301-09395082343,TRXفیتنس بانوان 12 جلسه,1.650.000 تومان,9,12,دبستان2
باشگاه ورزشی شاهین,آدرس: خیابان جی، خیابان همدانیان، جنب پمپ بنزین,03132757301-09395082343,TRXفیتنس بانوان 12 جلسه,1.650.000 تومان,12,15,متوسطه1
باشگاه ورزشی شاهین,آدرس: خیابان جی، خیابان همدانیان، جنب پمپ بنزین,03132757301-09395082343,TRXفیتنس بانوان 12 جلسه,1.650.000 تومان,15,18,متوسطه2
باشگاه ورزشی شاهین,آدرس: خیابان جی، خیابان همدانیان، جنب پمپ بنزین,03132757301-09395082343,TRXفیتنس بانوان 12 جلسه,1.650.000 تومان,19,99,بزرگسالان
باشگاه ورزشی شاهین,آدرس: خیابان جی، خیابان همدانیان، جنب پمپ بنزین,03132757301-09395082343,والیبال مقدماتی دختران تک جلسه ای,145.000 تومان,9,12,دبستان2
باشگاه ورزشی شاهین,آدرس: خیابان جی، خیابان همدانیان، جنب پمپ بنزین,03132757301-09395082343,والیبال مقدماتی دختران تک جلسه ای,145.000 تومان,12,15,متوسطه1
باشگاه ورزشی شاهین,آدرس: خیابان جی، خیابان همدانیان، جنب پمپ بنزین,03132757301-09395082343,والیبال مقدماتی دختران تک جلسه ای,145.000 تومان,15,18,متوسطه2
باشگاه ورزشی شاهین,آدرس: خیابان جی، خیابان همدانیان، جنب پمپ بنزین,03132757301-09395082343,والیبال مقدماتی دختران 8 جلسه,975.000 تومان,9,12,دبستان2
باشگاه ورزشی شاهین,آدرس: خیابان جی، خیابان همدانیان، جنب پمپ بنزین,03132757301-09395082343,والیبال مقدماتی دختران 8 جلسه,975.000 تومان,12,15,متوسطه1
باشگاه ورزشی شاهین,آدرس: خیابان جی، خیابان همدانیان، جنب پمپ بنزین,03132757301-09395082343,والیبال مقدماتی دختران 8 جلسه,975.000 تومان,15,18,متوسطه2
باشگاه ورزشی شاهین,آدرس: خیابان جی، خیابان همدانیان، جنب پمپ بنزین,03132757301-09395082343,والیبال مقدماتی دختران 12 جلسه,1.200.000 تومان,9,12,دبستان2
باشگاه ورزشی شاهین,آدرس: خیابان جی، خیابان همدانیان، جنب پمپ بنزین,03132757301-09395082343,والیبال مقدماتی دختران 12 جلسه,1.200.000 تومان,12,15,متوسطه1
باشگاه ورزشی شاهین,آدرس: خیابان جی، خیابان همدانیان، جنب پمپ بنزین,03132757301-09395082343,والیبال مقدماتی دختران 12 جلسه,1.200.000 تومان,15,18,متوسطه2
باشگاه ورزشی شاهین,آدرس: خیابان جی، خیابان همدانیان، جنب پمپ بنزین,03132757301-09395082343,بازی ژیمناستیک دختران تک جلسه ای,145.000 تومان,4,6,پیش دبستانی
باشگاه ورزشی شاهین,آدرس: خیابان جی، خیابان همدانیان، جنب پمپ بنزین,03132757301-09395082343,ژیمناستیک مقدماتی دختران تک جلسه ای,145.000 تومان,6,9,دبستان1
باشگاه ورزشی شاهین,آدرس: خیابان جی، خیابان همدانیان، جنب پمپ بنزین,03132757301-09395082343,ژیمناستیک مقدماتی دختران تک جلسه ای,145.000 تومان,9,12,دبستان2
باشگاه ورزشی شاهین,آدرس: خیابان جی، خیابان همدانیان، جنب پمپ بنزین,03132757301-09395082343,ژیمناستیک مقدماتی دختران تک جلسه ای,145.000 تومان,12,15,متوسطه1
باشگاه ورزشی شاهین,آدرس: خیابان جی، خیابان همدانیان، جنب پمپ بنزین,03132757301-09395082343,ژیمناستیک مقدماتی دختران تک جلسه ای,145.000 تومان,15,18,متوسطه2
باشگاه ورزشی شاهین,آدرس: خیابان جی، خیابان همدانیان، جنب پمپ بنزین,03132757301-09395082343,ژیمناستیک بانوان تک جلسه ای,200.000 تومان,19,99,بزرگسالان
باشگاه ورزشی شاهین,آدرس: خیابان جی، خیابان همدانیان، جنب پمپ بنزین,03132757301-09395082343,بازی ژیمناستیک دختران 12 جلسه,1.200.000 تومان,4,6,پیش دبستانی
باشگاه ورزشی شاهین,آدرس: خیابان جی، خیابان همدانیان، جنب پمپ بنزین,03132757301-09395082343,ژیمناستیک مقدماتی دختران 12 جلسه,1.200.000 تومان,6,9,دبستان1
باشگاه ورزشی شاهین,آدرس: خیابان جی، خیابان همدانیان، جنب پمپ بنزین,03132757301-09395082343,ژیمناستیک مقدماتی دختران 8 جلسه,975.000 تومان,9,12,دبستان2
باشگاه ورزشی شاهین,آدرس: خیابان جی، خیابان همدانیان، جنب پمپ بنزین,03132757301-09395082343,ژیمناستیک مقدماتی دختران 8 جلسه,975.000 تومان,12,15,متوسطه1
باشگاه ورزشی شاهین,آدرس: خیابان جی، خیابان همدانیان، جنب پمپ بنزین,03132757301-09395082343,ژیمناستیک مقدماتی دختران 8 جلسه,975.000 تومان,15,18,متوسطه2
باشگاه ورزشی شاهین,آدرس: خیابان جی، خیابان همدانیان، جنب پمپ بنزین,03132757301-09395082343,ژیمناستیک بانوان 8 جلسه,1.430.000 تومان,19,99,بزرگسالان
باشگاه ورزشی شاهین,آدرس: خیابان جی، خیابان همدانیان، جنب پمپ بنزین,03132757301-09395082343,ژیمناستیک مقدماتی دختران 12 جلسه,1.200.000 تومان,9,12,دبستان2
باشگاه ورزشی شاهین,آدرس: خیابان جی، خیابان همدانیان، جنب پمپ بنزین,03132757301-09395082343,ژیمناستیک مقدماتی دختران 12 جلسه,1.200.000 تومان,12,15,متوسطه1
باشگاه ورزشی شاهین,آدرس: خیابان جی، خیابان همدانیان، جنب پمپ بنزین,03132757301-09395082343,ژیمناستیک مقدماتی دختران 12 جلسه,1.200.000 تومان,15,18,متوسطه2
باشگاه ورزشی شاهین,آدرس: خیابان جی، خیابان همدانیان، جنب پمپ بنزین,03132757301-09395082343,ژیمناستیک بانوان 12 جلسه,1.650.000 تومان,19,99,بزرگسالان
باشگاه ورزشی شاهین,آدرس: خیابان جی، خیابان همدانیان، جنب پمپ بنزین,03132757301-09395082343,ژیمناستیک نیمه پیشرفته دختران تک جلسه ای,195.000 تومان,9,12,دبستان2
باشگاه ورزشی شاهین,آدرس: خیابان جی، خیابان همدانیان، جنب پمپ بنزین,03132757301-09395082343,ژیمناستیک نیمه پیشرفته دختران تک جلسه ای,195.000 تومان,12,15,متوسطه1
باشگاه ورزشی شاهین,آدرس: خیابان جی، خیابان همدانیان، جنب پمپ بنزین,03132757301-09395082343,ژیمناستیک نیمه پیشرفته دختران تک جلسه ای,195.000 تومان,15,18,متوسطه2
باشگاه ورزشی شاهین,آدرس: خیابان جی، خیابان همدانیان، جنب پمپ بنزین,03132757301-09395082343,ژیمناستیک نیمه پیشرفته دختران 12 جلسه,1.500.000 تومان,9,12,دبستان2
باشگاه ورزشی شاهین,آدرس: خیابان جی، خیابان همدانیان، جنب پمپ بنزین,03132757301-09395082343,ژیمناستیک نیمه پیشرفته دختران 12 جلسه,1.500.000 تومان,12,15,متوسطه1
باشگاه ورزشی شاهین,آدرس: خیابان جی، خیابان همدانیان، جنب پمپ بنزین,03132757301-09395082343,ژیمناستیک نیمه پیشرفته دختران 12 جلسه,1.500.000 تومان,15,18,متوسطه2
باشگاه ورزشی شاهین,آدرس: خیابان جی، خیابان همدانیان، جنب پمپ بنزین,03132757301-09395082343,ژیمناستیک پیشرفته دختران تک جلسه ای,195.000 تومان,9,12,دبستان2
باشگاه ورزشی شاهین,آدرس: خیابان جی، خیابان همدانیان، جنب پمپ بنزین,03132757301-09395082343,ژیمناستیک پیشرفته دختران تک جلسه ای,195.000 تومان,12,15,متوسطه1
باشگاه ورزشی شاهین,آدرس: خیابان جی، خیابان همدانیان، جنب پمپ بنزین,03132757301-09395082343,ژیمناستیک پیشرفته دختران تک جلسه ای,195.000 تومان,15,18,متوسطه2
باشگاه ورزشی شاهین,آدرس: خیابان جی، خیابان همدانیان، جنب پمپ بنزین,03132757301-09395082343,ژیمناستیک پیشرفته دختران 12 جلسه,1.500.000 تومان,9,12,دبستان2
باشگاه ورزشی شاهین,آدرس: خیابان جی، خیابان همدانیان، جنب پمپ بنزین,03132757301-09395082343,ژیمناستیک پیشرفته دختران 12 جلسه,1.500.000 تومان,12,15,متوسطه1
باشگاه ورزشی شاهین,آدرس: خیابان جی، خیابان همدانیان، جنب پمپ بنزین,03132757301-09395082343,ژیمناستیک پیشرفته دختران 12 جلسه,1.500.000 تومان,15,18,متوسطه2
باشگاه ورزشی شاهین,آدرس: خیابان جی، خیابان همدانیان، جنب پمپ بنزین,03132757301-09395082343,ژیمناستیک پسران تک جلسه ای,165.000 تومان,9,12,دبستان2
باشگاه ورزشی شاهین,آدرس: خیابان جی، خیابان همدانیان، جنب پمپ بنزین,03132757301-09395082343,ژیمناستیک پسران تک جلسه ای,165.000 تومان,12,15,متوسطه1
باشگاه ورزشی شاهین,آدرس: خیابان جی، خیابان همدانیان، جنب پمپ بنزین,03132757301-09395082343,ژیمناستیک پسران تک جلسه ای,165.000 تومان,15,18,متوسطه2
باشگاه ورزشی شاهین,آدرس: خیابان جی، خیابان همدانیان، جنب پمپ بنزین,03132757301-09395082343,ژیمناستیک پسران 8 جلسه,975.000 تومان,9,12,دبستان2
باشگاه ورزشی شاهین,آدرس: خیابان جی، خیابان همدانیان، جنب پمپ بنزین,03132757301-09395082343,ژیمناستیک پسران 8 جلسه,975.000 تومان,12,15,متوسطه1
باشگاه ورزشی شاهین,آدرس: خیابان جی، خیابان همدانیان، جنب پمپ بنزین,03132757301-09395082343,ژیمناستیک پسران 8 جلسه,975.000 تومان,15,18,متوسطه2
باشگاه ورزشی شاهین,آدرس: خیابان جی، خیابان همدانیان، جنب پمپ بنزین,03132757301-09395082343,ژیمناستیک پسران 12 جلسه,1.200.000 تومان,9,12,دبستان2
باشگاه ورزشی شاهین,آدرس: خیابان جی، خیابان همدانیان، جنب پمپ بنزین,03132757301-09395082343,ژیمناستیک پسران 12 جلسه,1.200.000 تومان,12,15,متوسطه1
باشگاه ورزشی شاهین,آدرس: خیابان جی، خیابان همدانیان، جنب پمپ بنزین,03132757301-09395082343,ژیمناستیک پسران 12 جلسه,1.200.000 تومان,15,18,متوسطه2
باشگاه ورزشی شاهین,آدرس: خیابان جی، خیابان همدانیان، جنب پمپ بنزین,03132757301-09395082343,دفاع شخصی آقایان تک جلسه ای,195.000 تومان,19,99,بزرگسالان
باشگاه ورزشی شاهین,آدرس: خیابان جی، خیابان همدانیان، جنب پمپ بنزین,03132757301-09395082343,دفاع شخصی آقایان 8 جلسه,1.200.000 تومان,19,99,بزرگسالان
باشگاه ورزشی شاهین,آدرس: خیابان جی، خیابان همدانیان، جنب پمپ بنزین,03132757301-09395082343,دفاع شخصی آقایان 12 جلسه,1.430.000 تومان,19,99,بزرگسالان
باشگاه ورزشی شاهین,آدرس: خیابان جی، خیابان همدانیان، جنب پمپ بنزین,03132757301-09395082343,آمادگی جسمانی آقایان تک جلسه ای,195.000 تومان,19,99,بزرگسالان
باشگاه ورزشی شاهین,آدرس: خیابان جی، خیابان همدانیان، جنب پمپ بنزین,03132757301-09395082343,آمادگی جسمانی آقایان 8 جلسه,1.430.000 تومان,19,99,بزرگسالان
پردیس هنری سوره,آدرس: خیابان آمادگاه، روبروی هتل عباسی,03132203265,طراحی و نقاشی(مدادرنگ و سیاه قلم),2.400.000 تومان,6,9,دبستان1
پردیس هنری سوره,آدرس: خیابان آمادگاه، روبروی هتل عباسی,03132203265,طراحی و نقاشی(مدادرنگ و سیاه قلم),2.400.000 تومان,9,12,دبستان2
پردیس هنری سوره,آدرس: خیابان آمادگاه، روبروی هتل عباسی,03132203265,طراحی و نقاشی(مدادرنگ و سیاه قلم),2.400.000 تومان,12,15,متوسطه1
پردیس هنری سوره,آدرس: خیابان آمادگاه، روبروی هتل عباسی,03132203265,طراحی و نقاشی(مدادرنگ و سیاه قلم),2.400.000 تومان,15,18,متوسطه2
پردیس هنری سوره,آدرس: خیابان آمادگاه، روبروی هتل عباسی,03132203265,طراحی و نقاشی(مدادرنگ و سیاه قلم),2.400.000 تومان,19,99,بزرگسالان
پردیس هنری سوره,آدرس: خیابان آمادگاه، روبروی هتل عباسی,03132203265,تصویرسازی و طراحی فیگور,3.200.000 تومان,6,9,دبستان1
پردیس هنری سوره,آدرس: خیابان آمادگاه، روبروی هتل عباسی,03132203265,تصویرسازی و طراحی فیگور,3.200.000 تومان,9,12,دبستان2
پردیس هنری سوره,آدرس: خیابان آمادگاه، روبروی هتل عباسی,03132203265,تصویرسازی و طراحی فیگور,3.200.000 تومان,12,15,متوسطه1
پردیس هنری سوره,آدرس: خیابان آمادگاه، روبروی هتل عباسی,03132203265,تصویرسازی و طراحی فیگور,3.200.000 تومان,15,18,متوسطه2
پردیس هنری سوره,آدرس: خیابان آمادگاه، روبروی هتل عباسی,03132203265,تصویرسازی و طراحی فیگور,3.200.000 تومان,19,99,بزرگسالان
پردیس هنری سوره,آدرس: خیابان آمادگاه، روبروی هتل عباسی,03132203265,طراحی صنعتی و ترسیم فنی,2.400.000 تومان,6,9,دبستان1
پردیس هنری سوره,آدرس: خیابان آمادگاه، روبروی هتل عباسی,03132203265,طراحی صنعتی و ترسیم فنی,2.400.000 تومان,9,12,دبستان2
پردیس هنری سوره,آدرس: خیابان آمادگاه، روبروی هتل عباسی,03132203265,طراحی صنعتی و ترسیم فنی,2.400.000 تومان,12,15,متوسطه1
پردیس هنری سوره,آدرس: خیابان آمادگاه، روبروی هتل عباسی,03132203265,طراحی صنعتی و ترسیم فنی,2.400.000 تومان,15,18,متوسطه2
پردیس هنری سوره,آدرس: خیابان آمادگاه، روبروی هتل عباسی,03132203265,طراحی صنعتی و ترسیم فنی,2.400.000 تومان,19,99,بزرگسالان
پردیس هنری سوره,آدرس: خیابان آمادگاه، روبروی هتل عباسی,03132203265,آزمون عملی هنر(ویژه هنرستان ها),2.400.000 تومان,15,18,متوسطه2
پردیس هنری سوره,آدرس: خیابان آمادگاه، روبروی هتل عباسی,03132203265,اسکیس راندو,5.400.000 تومان,6,9,دبستان1
پردیس هنری سوره,آدرس: خیابان آمادگاه، روبروی هتل عباسی,03132203265,اسکیس راندو,5.400.000 تومان,9,12,دبستان2
پردیس هنری سوره,آدرس: خیابان آمادگاه، روبروی هتل عباسی,03132203265,اسکیس راندو,5.400.000 تومان,12,15,متوسطه1
پردیس هنری سوره,آدرس: خیابان آمادگاه، روبروی هتل عباسی,03132203265,اسکیس راندو,5.400.000 تومان,15,18,متوسطه2
پردیس هنری سوره,آدرس: خیابان آمادگاه، روبروی هتل عباسی,03132203265,اسکیس راندو,5.400.000 تومان,19,99,بزرگسالان
پردیس هنری سوره,آدرس: خیابان آمادگاه، روبروی هتل عباسی,03132203265,طراحی کنکور,3.800.000 تومان,6,9,دبستان1
پردیس هنری سوره,آدرس: خیابان آمادگاه، روبروی هتل عباسی,03132203265,طراحی کنکور,3.800.000 تومان,9,12,دبستان2
پردیس هنری سوره,آدرس: خیابان آمادگاه، روبروی هتل عباسی,03132203265,طراحی کنکور,3.800.000 تومان,12,15,متوسطه1
پردیس هنری سوره,آدرس: خیابان آمادگاه، روبروی هتل عباسی,03132203265,طراحی کنکور,3.800.000 تومان,15,18,متوسطه2
پردیس هنری سوره,آدرس: خیابان آمادگاه، روبروی هتل عباسی,03132203265,طراحی کنکور,3.800.000 تومان,19,99,بزرگسالان
پردیس هنری سوره,آدرس: خیابان آمادگاه، روبروی هتل عباسی,03132203265,سفال,2.400.000 تومان,6,9,دبستان1
پردیس هنری سوره,آدرس: خیابان آمادگاه، روبروی هتل عباسی,03132203265,سفال,2.400.000 تومان,9,12,دبستان2
پردیس هنری سوره,آدرس: خیابان آمادگاه، روبروی هتل عباسی,03132203265,سفال,2.400.000 تومان,12,15,متوسطه1
پردیس هنری سوره,آدرس: خیابان آمادگاه، روبروی هتل عباسی,03132203265,سفال,2.400.000 تومان,15,18,متوسطه2
پردیس هنری سوره,آدرس: خیابان آمادگاه، روبروی هتل عباسی,03132203265,سفال,2.400.000 تومان,19,99,بزرگسالان
پردیس هنری سوره,آدرس: خیابان آمادگاه، روبروی هتل عباسی,03132203265,مجسمه سازی,3.200.000 تومان,6,9,دبستان1
پردیس هنری سوره,آدرس: خیابان آمادگاه، روبروی هتل عباسی,03132203265,مجسمه سازی,3.200.000 تومان,9,12,دبستان2
پردیس هنری سوره,آدرس: خیابان آمادگاه، روبروی هتل عباسی,03132203265,مجسمه سازی,3.200.000 تومان,12,15,متوسطه1
پردیس هنری سوره,آدرس: خیابان آمادگاه، روبروی هتل عباسی,03132203265,مجسمه سازی,3.200.000 تومان,15,18,متوسطه2
پردیس هنری سوره,آدرس: خیابان آمادگاه، روبروی هتل عباسی,03132203265,مجسمه سازی,3.200.000 تومان,19,99,بزرگسالان
پردیس هنری سوره,آدرس: خیابان آمادگاه، روبروی هتل عباسی,03132203265,عکاسی دیجیتال مقدماتی و پیشرفته,14.000.000 تومان,6,9,دبستان1
پردیس هنری سوره,آدرس: خیابان آمادگاه، روبروی هتل عباسی,03132203265,عکاسی دیجیتال مقدماتی و پیشرفته,14.000.000 تومان,9,12,دبستان2
پردیس هنری سوره,آدرس: خیابان آمادگاه، روبروی هتل عباسی,03132203265,عکاسی دیجیتال مقدماتی و پیشرفته,14.000.000 تومان,12,15,متوسطه1
پردیس هنری سوره,آدرس: خیابان آمادگاه، روبروی هتل عباسی,03132203265,عکاسی دیجیتال مقدماتی و پیشرفته,14.000.000 تومان,15,18,متوسطه2
پردیس هنری سوره,آدرس: خیابان آمادگاه، روبروی هتل عباسی,03132203265,عکاسی دیجیتال مقدماتی و پیشرفته,14.000.000 تومان,19,99,بزرگسالان
پردیس هنری سوره,آدرس: خیابان آمادگاه، روبروی هتل عباسی,03132203265,نگارگری و تذهیب,2.800.000 تومان,6,9,دبستان1
پردیس هنری سوره,آدرس: خیابان آمادگاه، روبروی هتل عباسی,03132203265,نگارگری و تذهیب,2.800.000 تومان,9,12,دبستان2
پردیس هنری سوره,آدرس: خیابان آمادگاه، روبروی هتل عباسی,03132203265,نگارگری و تذهیب,2.800.000 تومان,12,15,متوسطه1
پردیس هنری سوره,آدرس: خیابان آمادگاه، روبروی هتل عباسی,03132203265,نگارگری و تذهیب,2.800.000 تومان,15,18,متوسطه2
پردیس هنری سوره,آدرس: خیابان آمادگاه، روبروی هتل عباسی,03132203265,نگارگری و تذهیب,2.800.000 تومان,19,99,بزرگسالان
پردیس هنری سوره,آدرس: خیابان آمادگاه، روبروی هتل عباسی,03132203265,نقاشی روی پارچه,3.200.000 تومان,6,9,دبستان1
پردیس هنری سوره,آدرس: خیابان آمادگاه، روبروی هتل عباسی,03132203265,نقاشی روی پارچه,3.200.000 تومان,9,12,دبستان2
پردیس هنری سوره,آدرس: خیابان آمادگاه، روبروی هتل عباسی,03132203265,نقاشی روی پارچه,3.200.000 تومان,12,15,متوسطه1
پردیس هنری سوره,آدرس: خیابان آمادگاه، روبروی هتل عباسی,03132203265,نقاشی روی پارچه,3.200.000 تومان,15,18,متوسطه2
پردیس هنری سوره,آدرس: خیابان آمادگاه، روبروی هتل عباسی,03132203265,نقاشی روی پارچه,3.200.000 تومان,19,99,بزرگسالان
پردیس هنری سوره,آدرس: خیابان آمادگاه، روبروی هتل عباسی,03132203265,خوشنویسی,2.400.000 تومان,6,9,دبستان1
پردیس هنری سوره,آدرس: خیابان آمادگاه، روبروی هتل عباسی,03132203265,خوشنویسی,2.400.000 تومان,9,12,دبستان2
پردیس هنری سوره,آدرس: خیابان آمادگاه، روبروی هتل عباسی,03132203265,خوشنویسی,2.400.000 تومان,12,15,متوسطه1
پردیس هنری سوره,آدرس: خیابان آمادگاه، روبروی هتل عباسی,03132203265,خوشنویسی,2.400.000 تومان,15,18,متوسطه2
پردیس هنری سوره,آدرس: خیابان آمادگاه، روبروی هتل عباسی,03132203265,خوشنویسی,2.400.000 تومان,19,99,بزرگسالان
پردیس هنری سوره,آدرس: خیابان آمادگاه، روبروی هتل عباسی,03132203265,کالیگرافی,3.200.000 تومان,6,9,دبستان1
پردیس هنری سوره,آدرس: خیابان آمادگاه، روبروی هتل عباسی,03132203265,کالیگرافی,3.200.000 تومان,9,12,دبستان2
پردیس هنری سوره,آدرس: خیابان آمادگاه، روبروی هتل عباسی,03132203265,کالیگرافی,3.200.000 تومان,12,15,متوسطه1
پردیس هنری سوره,آدرس: خیابان آمادگاه، روبروی هتل عباسی,03132203265,کالیگرافی,3.200.000 تومان,15,18,متوسطه2
پردیس هنری سوره,آدرس: خیابان آمادگاه، روبروی هتل عباسی,03132203265,کالیگرافی,3.200.000 تومان,19,99,بزرگسالان
پردیس هنری سوره,آدرس: خیابان آمادگاه، روبروی هتل عباسی,03132203265,ایده پردازی در پوستر,3.600.000 تومان,6,9,دبستان1
پردیس هنری سوره,آدرس: خیابان آمادگاه، روبروی هتل عباسی,03132203265,ایده پردازی در پوستر,3.600.000 تومان,9,12,دبستان2
پردیس هنری سوره,آدرس: خیابان آمادگاه، روبروی هتل عباسی,03132203265,ایده پردازی در پوستر,3.600.000 تومان,12,15,متوسطه1
پردیس هنری سوره,آدرس: خیابان آمادگاه، روبروی هتل عباسی,03132203265,ایده پردازی در پوستر,3.600.000 تومان,15,18,متوسطه2
پردیس هنری سوره,آدرس: خیابان آمادگاه، روبروی هتل عباسی,03132203265,ایده پردازی در پوستر,3.600.000 تومان,19,99,بزرگسالان
پردیس هنری سوره,آدرس: خیابان آمادگاه، روبروی هتل عباسی,03132203265,فن بیان کودک,2.400.000 تومان,6,9,دبستان1
پردیس هنری سوره,آدرس: خیابان آمادگاه، روبروی هتل عباسی,03132203265,فن بیان کودک,2.400.000 تومان,9,12,دبستان2
پردیس هنری سوره,آدرس: خیابان آمادگاه، روبروی هتل عباسی,03132203265,فن بیان بزرگسال,3.200.000 تومان,12,15,متوسطه1
پردیس هنری سوره,آدرس: خیابان آمادگاه، روبروی هتل عباسی,03132203265,فن بیان بزرگسال,3.200.000 تومان,15,18,متوسطه2
پردیس هنری سوره,آدرس: خیابان آمادگاه، روبروی هتل عباسی,03132203265,فن بیان بزرگسال,3.200.000 تومان,19,99,بزرگسالان
پردیس هنری سوره,آدرس: خیابان آمادگاه، روبروی هتل عباسی,03132203265,بازیگری مقدماتی 1 و 2,2.400.000 تومان,6,9,دبستان1
پردیس هنری سوره,آدرس: خیابان آمادگاه، روبروی هتل عباسی,03132203265,بازیگری مقدماتی 1 و 2,2.400.000 تومان,9,12,دبستان2
پردیس هنری سوره,آدرس: خیابان آمادگاه، روبروی هتل عباسی,03132203265,بازیگری مقدماتی 1 و 2,2.400.000 تومان,12,15,متوسطه1
پردیس هنری سوره,آدرس: خیابان آمادگاه، روبروی هتل عباسی,03132203265,بازیگری مقدماتی 1 و 2,2.400.000 تومان,15,18,متوسطه2
پردیس هنری سوره,آدرس: خیابان آمادگاه، روبروی هتل عباسی,03132203265,بازیگری مقدماتی 1 و 2,2.400.000 تومان,19,99,بزرگسالان
پردیس هنری سوره,آدرس: خیابان آمادگاه، روبروی هتل عباسی,03132203265,بازیگری تکمیلی 3 و 4,2.800.000 تومان,6,9,دبستان1
پردیس هنری سوره,آدرس: خیابان آمادگاه، روبروی هتل عباسی,03132203265,بازیگری تکمیلی 3 و 4,2.800.000 تومان,9,12,دبستان2
پردیس هنری سوره,آدرس: خیابان آمادگاه، روبروی هتل عباسی,03132203265,بازیگری تکمیلی 3 و 4,2.800.000 تومان,12,15,متوسطه1
پردیس هنری سوره,آدرس: خیابان آمادگاه، روبروی هتل عباسی,03132203265,بازیگری تکمیلی 3 و 4,2.800.000 تومان,15,18,متوسطه2
پردیس هنری سوره,آدرس: خیابان آمادگاه، روبروی هتل عباسی,03132203265,بازیگری تکمیلی 3 و 4,2.800.000 تومان,19,99,بزرگسالان
پردیس هنری سوره,آدرس: خیابان آمادگاه، روبروی هتل عباسی,03132203265,بازیگری پیشرفته 5 و 6,3.200.000 تومان,6,9,دبستان1
پردیس هنری سوره,آدرس: خیابان آمادگاه، روبروی هتل عباسی,03132203265,بازیگری پیشرفته 5 و 7,3.200.000 تومان,9,12,دبستان2
پردیس هنری سوره,آدرس: خیابان آمادگاه، روبروی هتل عباسی,03132203265,بازیگری پیشرفته 5 و 6,3.200.000 تومان,12,15,متوسطه1
پردیس هنری سوره,آدرس: خیابان آمادگاه، روبروی هتل عباسی,03132203265,بازیگری پیشرفته 5 و 6,3.200.000 تومان,15,18,متوسطه2
پردیس هنری سوره,آدرس: خیابان آمادگاه، روبروی هتل عباسی,03132203265,بازیگری پیشرفته 5 و 6,3.200.000 تومان,19,99,بزرگسالان
پردیس هنری سوره,آدرس: خیابان آمادگاه، روبروی هتل عباسی,03132203265,شاهنامه خوانی,2.400.000 تومان,6,9,دبستان1
پردیس هنری سوره,آدرس: خیابان آمادگاه، روبروی هتل عباسی,03132203265,شاهنامه خوانی,2.400.000 تومان,9,12,دبستان2
پردیس هنری سوره,آدرس: خیابان آمادگاه، روبروی هتل عباسی,03132203265,شاهنامه خوانی,2.400.000 تومان,12,15,متوسطه1
پردیس هنری سوره,آدرس: خیابان آمادگاه، روبروی هتل عباسی,03132203265,شاهنامه خوانی,2.400.000 تومان,15,18,متوسطه2
پردیس هنری سوره,آدرس: خیابان آمادگاه، روبروی هتل عباسی,03132203265,شاهنامه خوانی,2.400.000 تومان,19,99,بزرگسالان
پردیس هنری سوره,آدرس: خیابان آمادگاه، روبروی هتل عباسی,03132203265,داستان نویسی کودک,2.400.000 تومان,15,18,متوسطه2
پردیس هنری سوره,آدرس: خیابان آمادگاه، روبروی هتل عباسی,03132203265,داستان نویسی کودک,2.400.000 تومان,19,99,بزرگسالان
پردیس هنری سوره,آدرس: خیابان آمادگاه، روبروی هتل عباسی,03132203265,خلاقیت و قصه گویی,2.400.000 تومان,12,15,متوسطه1
پردیس هنری سوره,آدرس: خیابان آمادگاه، روبروی هتل عباسی,03132203265,خلاقیت و قصه گویی,2.400.000 تومان,15,18,متوسطه2
پردیس هنری سوره,آدرس: خیابان آمادگاه، روبروی هتل عباسی,03132203265,خلاقیت و قصه گویی,2.400.000 تومان,19,99,بزرگسالان
پردیس هنری سوره,آدرس: خیابان آمادگاه، روبروی هتل عباسی,03132203265,کارگردانی مستند,3.200.000 تومان,15,18,متوسطه2
پردیس هنری سوره,آدرس: خیابان آمادگاه، روبروی هتل عباسی,03132203265,کارگردانی مستند,3.200.000 تومان,19,99,بزرگسالان
پردیس هنری سوره,آدرس: خیابان آمادگاه، روبروی هتل عباسی,03132203265,کاریکاتور مقدماتی,2.400.000 تومان,6,9,دبستان1
پردیس هنری سوره,آدرس: خیابان آمادگاه، روبروی هتل عباسی,03132203265,کاریکاتور مقدماتی,2.400.000 تومان,9,12,دبستان2
پردیس هنری سوره,آدرس: خیابان آمادگاه، روبروی هتل عباسی,03132203265,کاریکاتور مقدماتی,2.400.000 تومان,12,15,متوسطه1
پردیس هنری سوره,آدرس: خیابان آمادگاه، روبروی هتل عباسی,03132203265,کاریکاتور مقدماتی,2.400.000 تومان,15,18,متوسطه2
پردیس هنری سوره,آدرس: خیابان آمادگاه، روبروی هتل عباسی,03132203265,کاریکاتور مقدماتی,2.400.000 تومان,19,99,بزرگسالان
پردیس هنری سوره,آدرس: خیابان آمادگاه، روبروی هتل عباسی,03132203265,کاریکاتور پیشرفته,2.500.000 تومان,6,9,دبستان1
پردیس هنری سوره,آدرس: خیابان آمادگاه، روبروی هتل عباسی,03132203265,کاریکاتور پیشرفته,2.500.000 تومان,9,12,دبستان2
پردیس هنری سوره,آدرس: خیابان آمادگاه، روبروی هتل عباسی,03132203265,کاریکاتور پیشرفته,2.500.000 تومان,12,15,متوسطه1
پردیس هنری سوره,آدرس: خیابان آمادگاه، روبروی هتل عباسی,03132203265,کاریکاتور پیشرفته,2.500.000 تومان,15,18,متوسطه2
پردیس هنری سوره,آدرس: خیابان آمادگاه، روبروی هتل عباسی,03132203265,کاریکاتور پیشرفته,2.500.000 تومان,19,99,بزرگسالان
پردیس هنری سوره,آدرس: خیابان آمادگاه، روبروی هتل عباسی,03132203265,داستان نوجوان,1.500.000 تومان,12,15,متوسطه1
پردیس هنری سوره,آدرس: خیابان آمادگاه، روبروی هتل عباسی,03132203265,داستان نوجوان,1.500.000 تومان,15,18,متوسطه2
پردیس هنری سوره,آدرس: خیابان آمادگاه، روبروی هتل عباسی,03132203265,داستان نوجوان,1.500.000 تومان,19,99,بزرگسالان
پردیس هنری سوره,آدرس: خیابان آمادگاه، روبروی هتل عباسی,03132203265,فیلم نامه نویسی مقدماتی,3.200.000 تومان,15,18,متوسطه2
پردیس هنری سوره,آدرس: خیابان آمادگاه، روبروی هتل عباسی,03132203265,فیلم نامه نویسی مقدماتی,3.200.000 تومان,19,99,بزرگسالان
پردیس هنری سوره,آدرس: خیابان آمادگاه، روبروی هتل عباسی,03132203265,فیلم نامه نویسی پیشرفته,4.800.000 تومان,15,18,متوسطه2
پردیس هنری سوره,آدرس: خیابان آمادگاه، روبروی هتل عباسی,03132203265,فیلم نامه نویسی پیشرفته,4.800.000 تومان,19,99,بزرگسالان
پردیس هنری سوره,آدرس: خیابان آمادگاه، روبروی هتل عباسی,03132203265,تدوین,2.800.000 تومان,15,18,متوسطه2
پردیس هنری سوره,آدرس: خیابان آمادگاه، روبروی هتل عباسی,03132203265,تدوین,2.800.000 تومان,19,99,بزرگسالان
پردیس هنری سوره,آدرس: خیابان آمادگاه، روبروی هتل عباسی,03132203265,داستان کوتاه مقدماتی,2.000.000 تومان,12,15,متوسطه1
پردیس هنری سوره,آدرس: خیابان آمادگاه، روبروی هتل عباسی,03132203265,داستان کوتاه مقدماتی,2.000.000 تومان,15,18,متوسطه2
پردیس هنری سوره,آدرس: خیابان آمادگاه، روبروی هتل عباسی,03132203265,داستان کوتاه مقدماتی,2.000.000 تومان,19,99,بزرگسالان
پردیس هنری سوره,آدرس: خیابان آمادگاه، روبروی هتل عباسی,03132203265,داستان کوتاه پیشرفته,2.000.000 تومان,12,15,متوسطه1
پردیس هنری سوره,آدرس: خیابان آمادگاه، روبروی هتل عباسی,03132203265,داستان کوتاه پیشرفته,2.000.000 تومان,15,18,متوسطه2
پردیس هنری سوره,آدرس: خیابان آمادگاه، روبروی هتل عباسی,03132203265,داستان کوتاه پیشرفته,2.000.000 تومان,19,99,بزرگسالان
مجموعه تخصصی نارنج و ترنج,آدرس: پل فلزی، خیابان شهید بهشتی، خیابان مسجد لنبان، کوچه بدر3,09136099114,کارگاه دوره طلایی(30 تا 36 ماه),1.100.000 تومان,4,6,پیش دبستانی
مجموعه تخصصی نارنج و ترنج,آدرس: پل فلزی، خیابان شهید بهشتی، خیابان مسجد لنبان، کوچه بدر3,09136099114,دوره به سلامت(3 سال به بالا),1.450.000 تومان,4,6,پیش دبستانی
مجموعه تخصصی نارنج و ترنج,آدرس: پل فلزی، خیابان شهید بهشتی، خیابان مسجد لنبان، کوچه بدر3,09136099114,بیا بازی(3 سال به بالا),1.450.000 تومان,4,6,پیش دبستانی
مجموعه تخصصی نارنج و ترنج,آدرس: پل فلزی، خیابان شهید بهشتی، خیابان مسجد لنبان، کوچه بدر3,09136099114,کارگاه سفال(4 تا 6 سال),1.100.000 تومان,4,6,پیش دبستانی
مجموعه تخصصی نارنج و ترنج,آدرس: پل فلزی، خیابان شهید بهشتی، خیابان مسجد لنبان، کوچه بدر3,09136099114,کارگاه دقت و تمرکز(4 تا 6 سال),1.100.000 تومان,4,6,پیش دبستانی
مجموعه تخصصی نارنج و ترنج,آدرس: پل فلزی، خیابان شهید بهشتی، خیابان مسجد لنبان، کوچه بدر3,09136099114,کارگاه کاردستی(4 تا 6 سال),1.100.000 تومان,4,6,پیش دبستانی
مجموعه تخصصی نارنج و ترنج,آدرس: پل فلزی، خیابان شهید بهشتی، خیابان مسجد لنبان، کوچه بدر3,09136099114,کارگاه نقاشی خلاق(4 تا 6 سال),1.100.000 تومان,4,6,پیش دبستانی
خانه ژیمناستیک اریس,آدرس: ملکشهر، خیابان 17 شهریور، جنب شهید یاسینی، آکادمی بانو مصدقیان - خیابان مدرس، خیابان شهید ضابط زاده، کوچه 18، خانه ژیمناستیک شهید برجوعیان,09135709450,ژیمناستیک دختران(4 تا 7 سال),1.500.000 تومان,4,6,پیش دبستانی
خانه ژیمناستیک اریس,آدرس: ملکشهر، خیابان 17 شهریور، جنب شهید یاسینی، آکادمی بانو مصدقیان - خیابان مدرس، خیابان شهید ضابط زاده، کوچه 18، خانه ژیمناستیک شهید برجوعیان,09135709450,ژیمناستیک دختران(7 تا 9 سال),1.500.000 تومان,6,9,دبستان1
باشگاه ورزشی علمشیری,آدرس: خیابان جی، خیابان شهید رجایی، ورزشگاه شهید علمشیری-خیابان لاهور، ورزشگاه پیروزی-شهرک ولی عصر، ورزشگاه ولی عصر(عج),03135251778,کاراته پسران,1.500.000 تومان,9,12,دبستان2
باشگاه ورزشی علمشیری,آدرس: خیابان جی، خیابان شهید رجایی، ورزشگاه شهید علمشیری-خیابان لاهور، ورزشگاه پیروزی-شهرک ولی عصر، ورزشگاه ولی عصر(عج),03135251778,کاراته پسران,1.500.000 تومان,12,15,متوسطه1
باشگاه ورزشی علمشیری,آدرس: خیابان جی، خیابان شهید رجایی، ورزشگاه شهید علمشیری-خیابان لاهور، ورزشگاه پیروزی-شهرک ولی عصر، ورزشگاه ولی عصر(عج),03135251778,کاراته پسران,1.500.000 تومان,15,18,متوسطه2
باشگاه ورزشی علمشیری,آدرس: خیابان جی، خیابان شهید رجایی، ورزشگاه شهید علمشیری-خیابان لاهور، ورزشگاه پیروزی-شهرک ولی عصر، ورزشگاه ولی عصر(عج),03135251778,کاراته دختران,1.000.000 تومان,9,12,دبستان2
باشگاه ورزشی علمشیری,آدرس: خیابان جی، خیابان شهید رجایی، ورزشگاه شهید علمشیری-خیابان لاهور، ورزشگاه پیروزی-شهرک ولی عصر، ورزشگاه ولی عصر(عج),03135251778,کاراته دختران,1.000.000 تومان,12,15,متوسطه1
باشگاه ورزشی علمشیری,آدرس: خیابان جی، خیابان شهید رجایی، ورزشگاه شهید علمشیری-خیابان لاهور، ورزشگاه پیروزی-شهرک ولی عصر، ورزشگاه ولی عصر(عج),03135251778,کاراته دختران,1.000.000 تومان,15,18,متوسطه2
باشگاه ورزشی علمشیری,آدرس: خیابان جی، خیابان شهید رجایی، ورزشگاه شهید علمشیری-خیابان لاهور، ورزشگاه پیروزی-شهرک ولی عصر، ورزشگاه ولی عصر(عج),03135251778,کاراته دختران,1.500.000 تومان,9,12,دبستان2
باشگاه ورزشی علمشیری,آدرس: خیابان جی، خیابان شهید رجایی، ورزشگاه شهید علمشیری-خیابان لاهور، ورزشگاه پیروزی-شهرک ولی عصر، ورزشگاه ولی عصر(عج),03135251778,کاراته دختران,1.500.000 تومان,12,15,متوسطه1
باشگاه ورزشی علمشیری,آدرس: خیابان جی، خیابان شهید رجایی، ورزشگاه شهید علمشیری-خیابان لاهور، ورزشگاه پیروزی-شهرک ولی عصر، ورزشگاه ولی عصر(عج),03135251778,کاراته دختران,1.500.000 تومان,15,18,متوسطه2
باشگاه ورزشی علمشیری,آدرس: خیابان جی، خیابان شهید رجایی، ورزشگاه شهید علمشیری-خیابان لاهور، ورزشگاه پیروزی-شهرک ولی عصر، ورزشگاه ولی عصر(عج),03135251778,نینجا پسران,1.000.000 تومان,9,12,دبستان2
باشگاه ورزشی علمشیری,آدرس: خیابان جی، خیابان شهید رجایی، ورزشگاه شهید علمشیری-خیابان لاهور، ورزشگاه پیروزی-شهرک ولی عصر، ورزشگاه ولی عصر(عج),03135251778,نینجا پسران,1.000.000 تومان,12,15,متوسطه1
باشگاه ورزشی علمشیری,آدرس: خیابان جی، خیابان شهید رجایی، ورزشگاه شهید علمشیری-خیابان لاهور، ورزشگاه پیروزی-شهرک ولی عصر، ورزشگاه ولی عصر(عج),03135251778,نینجا پسران,1.000.000 تومان,15,18,متوسطه2
باشگاه ورزشی علمشیری,آدرس: خیابان جی، خیابان شهید رجایی، ورزشگاه شهید علمشیری-خیابان لاهور، ورزشگاه پیروزی-شهرک ولی عصر، ورزشگاه ولی عصر(عج),03135251778,نینجا پسران,2.000.000 تومان,9,12,دبستان2
باشگاه ورزشی علمشیری,آدرس: خیابان جی، خیابان شهید رجایی، ورزشگاه شهید علمشیری-خیابان لاهور، ورزشگاه پیروزی-شهرک ولی عصر، ورزشگاه ولی عصر(عج),03135251778,نینجا پسران,2.000.000 تومان,12,15,متوسطه1
باشگاه ورزشی علمشیری,آدرس: خیابان جی، خیابان شهید رجایی، ورزشگاه شهید علمشیری-خیابان لاهور، ورزشگاه پیروزی-شهرک ولی عصر، ورزشگاه ولی عصر(عج),03135251778,نینجا پسران,2.000.000 تومان,15,18,متوسطه2
باشگاه ورزشی علمشیری,آدرس: خیابان جی، خیابان شهید رجایی، ورزشگاه شهید علمشیری-خیابان لاهور، ورزشگاه پیروزی-شهرک ولی عصر، ورزشگاه ولی عصر(عج),03135251778,نینجا پسران,1.800.000 تومان,9,12,دبستان2
باشگاه ورزشی علمشیری,آدرس: خیابان جی، خیابان شهید رجایی، ورزشگاه شهید علمشیری-خیابان لاهور، ورزشگاه پیروزی-شهرک ولی عصر، ورزشگاه ولی عصر(عج),03135251778,نینجا پسران,1.800.000 تومان,12,15,متوسطه1
باشگاه ورزشی علمشیری,آدرس: خیابان جی، خیابان شهید رجایی، ورزشگاه شهید علمشیری-خیابان لاهور، ورزشگاه پیروزی-شهرک ولی عصر، ورزشگاه ولی عصر(عج),03135251778,نینجا پسران,1.800.000 تومان,15,18,متوسطه2
باشگاه ورزشی علمشیری,آدرس: خیابان جی، خیابان شهید رجایی، ورزشگاه شهید علمشیری-خیابان لاهور، ورزشگاه پیروزی-شهرک ولی عصر، ورزشگاه ولی عصر(عج),03135251778,نینجا دختران,800.000 تومان,9,12,دبستان2
باشگاه ورزشی علمشیری,آدرس: خیابان جی، خیابان شهید رجایی، ورزشگاه شهید علمشیری-خیابان لاهور، ورزشگاه پیروزی-شهرک ولی عصر، ورزشگاه ولی عصر(عج),03135251778,نینجا دختران,800.000 تومان,12,15,متوسطه1
باشگاه ورزشی علمشیری,آدرس: خیابان جی، خیابان شهید رجایی، ورزشگاه شهید علمشیری-خیابان لاهور، ورزشگاه پیروزی-شهرک ولی عصر، ورزشگاه ولی عصر(عج),03135251778,نینجا دختران,800.000 تومان,15,18,متوسطه2
باشگاه ورزشی علمشیری,آدرس: خیابان جی، خیابان شهید رجایی، ورزشگاه شهید علمشیری-خیابان لاهور، ورزشگاه پیروزی-شهرک ولی عصر، ورزشگاه ولی عصر(عج),03135251778,نینجا دختران,1.800.000 تومان,9,12,دبستان2
باشگاه ورزشی علمشیری,آدرس: خیابان جی، خیابان شهید رجایی، ورزشگاه شهید علمشیری-خیابان لاهور، ورزشگاه پیروزی-شهرک ولی عصر، ورزشگاه ولی عصر(عج),03135251778,نینجا دختران,1.800.000 تومان,12,15,متوسطه1
باشگاه ورزشی علمشیری,آدرس: خیابان جی، خیابان شهید رجایی، ورزشگاه شهید علمشیری-خیابان لاهور، ورزشگاه پیروزی-شهرک ولی عصر، ورزشگاه ولی عصر(عج),03135251778,نینجا دختران,1.800.000 تومان,15,18,متوسطه2
باشگاه ورزشی علمشیری,آدرس: خیابان جی، خیابان شهید رجایی، ورزشگاه شهید علمشیری-خیابان لاهور، ورزشگاه پیروزی-شهرک ولی عصر، ورزشگاه ولی عصر(عج),03135251778,تکواندو پسران,800.000 تومان,9,12,دبستان2
باشگاه ورزشی علمشیری,آدرس: خیابان جی، خیابان شهید رجایی، ورزشگاه شهید علمشیری-خیابان لاهور، ورزشگاه پیروزی-شهرک ولی عصر، ورزشگاه ولی عصر(عج),03135251778,تکواندو پسران,800.000 تومان,12,15,متوسطه1
باشگاه ورزشی علمشیری,آدرس: خیابان جی، خیابان شهید رجایی، ورزشگاه شهید علمشیری-خیابان لاهور، ورزشگاه پیروزی-شهرک ولی عصر، ورزشگاه ولی عصر(عج),03135251778,تکواندو پسران,800.000 تومان,15,18,متوسطه2
باشگاه ورزشی علمشیری,آدرس: خیابان جی، خیابان شهید رجایی، ورزشگاه شهید علمشیری-خیابان لاهور، ورزشگاه پیروزی-شهرک ولی عصر، ورزشگاه ولی عصر(عج),03135251778,تکواندو پسران,1.800.000 تومان,9,12,دبستان2
باشگاه ورزشی علمشیری,آدرس: خیابان جی، خیابان شهید رجایی، ورزشگاه شهید علمشیری-خیابان لاهور، ورزشگاه پیروزی-شهرک ولی عصر، ورزشگاه ولی عصر(عج),03135251778,تکواندو پسران,1.800.000 تومان,12,15,متوسطه1
باشگاه ورزشی علمشیری,آدرس: خیابان جی، خیابان شهید رجایی، ورزشگاه شهید علمشیری-خیابان لاهور، ورزشگاه پیروزی-شهرک ولی عصر، ورزشگاه ولی عصر(عج),03135251778,تکواندو پسران,1.800.000 تومان,15,18,متوسطه2
باشگاه ورزشی علمشیری,آدرس: خیابان جی، خیابان شهید رجایی، ورزشگاه شهید علمشیری-خیابان لاهور، ورزشگاه پیروزی-شهرک ولی عصر، ورزشگاه ولی عصر(عج),03135251778,تکواندو دختران,800.000 تومان,9,12,دبستان2
باشگاه ورزشی علمشیری,آدرس: خیابان جی، خیابان شهید رجایی، ورزشگاه شهید علمشیری-خیابان لاهور، ورزشگاه پیروزی-شهرک ولی عصر، ورزشگاه ولی عصر(عج),03135251778,تکواندو دختران,800.000 تومان,12,15,متوسطه1
باشگاه ورزشی علمشیری,آدرس: خیابان جی، خیابان شهید رجایی، ورزشگاه شهید علمشیری-خیابان لاهور، ورزشگاه پیروزی-شهرک ولی عصر، ورزشگاه ولی عصر(عج),03135251778,تکواندو دختران,800.000 تومان,15,18,متوسطه2
باشگاه ورزشی علمشیری,آدرس: خیابان جی، خیابان شهید رجایی، ورزشگاه شهید علمشیری-خیابان لاهور، ورزشگاه پیروزی-شهرک ولی عصر، ورزشگاه ولی عصر(عج),03135251778,تکواندو دختران,1.500.000 تومان,9,12,دبستان2
باشگاه ورزشی علمشیری,آدرس: خیابان جی، خیابان شهید رجایی، ورزشگاه شهید علمشیری-خیابان لاهور، ورزشگاه پیروزی-شهرک ولی عصر، ورزشگاه ولی عصر(عج),03135251778,تکواندو دختران,1.500.000 تومان,12,15,متوسطه1
باشگاه ورزشی علمشیری,آدرس: خیابان جی، خیابان شهید رجایی، ورزشگاه شهید علمشیری-خیابان لاهور، ورزشگاه پیروزی-شهرک ولی عصر، ورزشگاه ولی عصر(عج),03135251778,تکواندو دختران,1.500.000 تومان,15,18,متوسطه2
باشگاه ورزشی علمشیری,آدرس: خیابان جی، خیابان شهید رجایی، ورزشگاه شهید علمشیری-خیابان لاهور، ورزشگاه پیروزی-شهرک ولی عصر، ورزشگاه ولی عصر(عج),03135251778,تکواندو دختران,1.200.000 تومان,9,12,دبستان2
باشگاه ورزشی علمشیری,آدرس: خیابان جی، خیابان شهید رجایی، ورزشگاه شهید علمشیری-خیابان لاهور، ورزشگاه پیروزی-شهرک ولی عصر، ورزشگاه ولی عصر(عج),03135251778,تکواندو دختران,1.200.000 تومان,12,15,متوسطه1
باشگاه ورزشی علمشیری,آدرس: خیابان جی، خیابان شهید رجایی، ورزشگاه شهید علمشیری-خیابان لاهور، ورزشگاه پیروزی-شهرک ولی عصر، ورزشگاه ولی عصر(عج),03135251778,تکواندو دختران,1.200.000 تومان,15,18,متوسطه2
باشگاه ورزشی علمشیری,آدرس: خیابان جی، خیابان شهید رجایی، ورزشگاه شهید علمشیری-خیابان لاهور، ورزشگاه پیروزی-شهرک ولی عصر، ورزشگاه ولی عصر(عج),03135251778,ووشو پسران,1.800.000 تومان,9,12,دبستان2
باشگاه ورزشی علمشیری,آدرس: خیابان جی، خیابان شهید رجایی، ورزشگاه شهید علمشیری-خیابان لاهور، ورزشگاه پیروزی-شهرک ولی عصر، ورزشگاه ولی عصر(عج),03135251778,ووشو پسران,1.800.000 تومان,12,15,متوسطه1
باشگاه ورزشی علمشیری,آدرس: خیابان جی، خیابان شهید رجایی، ورزشگاه شهید علمشیری-خیابان لاهور، ورزشگاه پیروزی-شهرک ولی عصر، ورزشگاه ولی عصر(عج),03135251778,ووشو پسران,1.800.000 تومان,15,18,متوسطه2
باشگاه ورزشی علمشیری,آدرس: خیابان جی، خیابان شهید رجایی، ورزشگاه شهید علمشیری-خیابان لاهور، ورزشگاه پیروزی-شهرک ولی عصر، ورزشگاه ولی عصر(عج),03135251778,پیلاتس بانوان,1.500.000 تومان,15,18,متوسطه2
باشگاه ورزشی علمشیری,آدرس: خیابان جی، خیابان شهید رجایی، ورزشگاه شهید علمشیری-خیابان لاهور، ورزشگاه پیروزی-شهرک ولی عصر، ورزشگاه ولی عصر(عج),03135251778,پیلاتس بانوان,1.500.000 تومان,19,99,بزرگسالان
باشگاه ورزشی علمشیری,آدرس: خیابان جی، خیابان شهید رجایی، ورزشگاه شهید علمشیری-خیابان لاهور، ورزشگاه پیروزی-شهرک ولی عصر، ورزشگاه ولی عصر(عج),03135251778,فیتنس بانوان,800.000 تومان,15,18,متوسطه2
باشگاه ورزشی علمشیری,آدرس: خیابان جی، خیابان شهید رجایی، ورزشگاه شهید علمشیری-خیابان لاهور، ورزشگاه پیروزی-شهرک ولی عصر، ورزشگاه ولی عصر(عج),03135251778,فیتنس بانوان,800.000 تومان,19,99,بزرگسالان
باشگاه ورزشی علمشیری,آدرس: خیابان جی، خیابان شهید رجایی، ورزشگاه شهید علمشیری-خیابان لاهور، ورزشگاه پیروزی-شهرک ولی عصر، ورزشگاه ولی عصر(عج),03135251778,فیتنس بانوان,1.500.000 تومان,15,18,متوسطه2
باشگاه ورزشی علمشیری,آدرس: خیابان جی، خیابان شهید رجایی، ورزشگاه شهید علمشیری-خیابان لاهور، ورزشگاه پیروزی-شهرک ولی عصر، ورزشگاه ولی عصر(عج),03135251778,فیتنس بانوان,1.500.000 تومان,19,99,بزرگسالان
باشگاه ورزشی علمشیری,آدرس: خیابان جی، خیابان شهید رجایی، ورزشگاه شهید علمشیری-خیابان لاهور، ورزشگاه پیروزی-شهرک ولی عصر، ورزشگاه ولی عصر(عج),03135251778,فیتنس  و چربی سوزی بانوان,1.500.000 تومان,15,18,متوسطه2
باشگاه ورزشی علمشیری,آدرس: خیابان جی، خیابان شهید رجایی، ورزشگاه شهید علمشیری-خیابان لاهور، ورزشگاه پیروزی-شهرک ولی عصر، ورزشگاه ولی عصر(عج),03135251778,فیتنس  و چربی سوزی بانوان,1.500.000 تومان,19,99,بزرگسالان
باشگاه ورزشی علمشیری,آدرس: خیابان جی، خیابان شهید رجایی، ورزشگاه شهید علمشیری-خیابان لاهور، ورزشگاه پیروزی-شهرک ولی عصر، ورزشگاه ولی عصر(عج),03135251778,دفاع شخصی بانوان,1.500.000 تومان,15,18,متوسطه2
باشگاه ورزشی علمشیری,آدرس: خیابان جی، خیابان شهید رجایی، ورزشگاه شهید علمشیری-خیابان لاهور، ورزشگاه پیروزی-شهرک ولی عصر، ورزشگاه ولی عصر(عج),03135251778,دفاع شخصی بانوان,1.500.000 تومان,19,99,بزرگسالان
باشگاه ورزشی علمشیری,آدرس: خیابان جی، خیابان شهید رجایی، ورزشگاه شهید علمشیری-خیابان لاهور، ورزشگاه پیروزی-شهرک ولی عصر، ورزشگاه ولی عصر(عج),03135251778,ژیمناستیک دختران,800.000 تومان,4,6,پیش دبستانی
باشگاه ورزشی علمشیری,آدرس: خیابان جی، خیابان شهید رجایی، ورزشگاه شهید علمشیری-خیابان لاهور، ورزشگاه پیروزی-شهرک ولی عصر، ورزشگاه ولی عصر(عج),03135251778,ژیمناستیک دختران,800.000 تومان,6,9,دبستان1
باشگاه ورزشی علمشیری,آدرس: خیابان جی، خیابان شهید رجایی، ورزشگاه شهید علمشیری-خیابان لاهور، ورزشگاه پیروزی-شهرک ولی عصر، ورزشگاه ولی عصر(عج),03135251778,ژیمناستیک دختران,800.000 تومان,9,12,دبستان2
باشگاه ورزشی علمشیری,آدرس: خیابان جی، خیابان شهید رجایی، ورزشگاه شهید علمشیری-خیابان لاهور، ورزشگاه پیروزی-شهرک ولی عصر، ورزشگاه ولی عصر(عج),03135251778,ژیمناستیک دختران,800.000 تومان,12,15,متوسطه1
باشگاه ورزشی علمشیری,آدرس: خیابان جی، خیابان شهید رجایی، ورزشگاه شهید علمشیری-خیابان لاهور، ورزشگاه پیروزی-شهرک ولی عصر، ورزشگاه ولی عصر(عج),03135251778,ژیمناستیک دختران,800.000 تومان,15,18,متوسطه2
باشگاه ورزشی علمشیری,آدرس: خیابان جی، خیابان شهید رجایی، ورزشگاه شهید علمشیری-خیابان لاهور، ورزشگاه پیروزی-شهرک ولی عصر، ورزشگاه ولی عصر(عج),03135251778,ژیمناستیک بانوان,800.000 تومان,19,99,بزرگسالان
باشگاه ورزشی علمشیری,آدرس: خیابان جی، خیابان شهید رجایی، ورزشگاه شهید علمشیری-خیابان لاهور، ورزشگاه پیروزی-شهرک ولی عصر، ورزشگاه ولی عصر(عج),03135251778,ژیمناستیک دختران,800.000 1.تومان,4,6,پیش دبستانی
باشگاه ورزشی علمشیری,آدرس: خیابان جی، خیابان شهید رجایی، ورزشگاه شهید علمشیری-خیابان لاهور، ورزشگاه پیروزی-شهرک ولی عصر، ورزشگاه ولی عصر(عج),03135251778,ژیمناستیک دختران,800.000 1.تومان,6,9,دبستان1
باشگاه ورزشی علمشیری,آدرس: خیابان جی، خیابان شهید رجایی، ورزشگاه شهید علمشیری-خیابان لاهور، ورزشگاه پیروزی-شهرک ولی عصر، ورزشگاه ولی عصر(عج),03135251778,ژیمناستیک دختران,800.000 1.تومان,9,12,دبستان2
باشگاه ورزشی علمشیری,آدرس: خیابان جی، خیابان شهید رجایی، ورزشگاه شهید علمشیری-خیابان لاهور، ورزشگاه پیروزی-شهرک ولی عصر، ورزشگاه ولی عصر(عج),03135251778,ژیمناستیک دختران,800.000 1.تومان,12,15,متوسطه1
باشگاه ورزشی علمشیری,آدرس: خیابان جی، خیابان شهید رجایی، ورزشگاه شهید علمشیری-خیابان لاهور، ورزشگاه پیروزی-شهرک ولی عصر، ورزشگاه ولی عصر(عج),03135251778,ژیمناستیک دختران,800.000 1.تومان,15,18,متوسطه2
باشگاه ورزشی علمشیری,آدرس: خیابان جی، خیابان شهید رجایی، ورزشگاه شهید علمشیری-خیابان لاهور، ورزشگاه پیروزی-شهرک ولی عصر، ورزشگاه ولی عصر(عج),03135251778,ژیمناستیک پسران,800.000 تومان,4,6,پیش دبستانی
باشگاه ورزشی علمشیری,آدرس: خیابان جی، خیابان شهید رجایی، ورزشگاه شهید علمشیری-خیابان لاهور، ورزشگاه پیروزی-شهرک ولی عصر، ورزشگاه ولی عصر(عج),03135251778,ژیمناستیک پسران,1.600.000 تومان,6,9,دبستان1
باشگاه ورزشی علمشیری,آدرس: خیابان جی، خیابان شهید رجایی، ورزشگاه شهید علمشیری-خیابان لاهور، ورزشگاه پیروزی-شهرک ولی عصر، ورزشگاه ولی عصر(عج),03135251778,ژیمناستیک پسران,1.600.000 تومان,9,12,دبستان2
باشگاه ورزشی علمشیری,آدرس: خیابان جی، خیابان شهید رجایی، ورزشگاه شهید علمشیری-خیابان لاهور، ورزشگاه پیروزی-شهرک ولی عصر، ورزشگاه ولی عصر(عج),03135251778,ژیمناستیک پسران,1.600.000 تومان,12,15,متوسطه1
باشگاه ورزشی علمشیری,آدرس: خیابان جی، خیابان شهید رجایی، ورزشگاه شهید علمشیری-خیابان لاهور، ورزشگاه پیروزی-شهرک ولی عصر، ورزشگاه ولی عصر(عج),03135251778,ژیمناستیک پسران,1.600.000 تومان,15,18,متوسطه2
باشگاه ورزشی علمشیری,آدرس: خیابان جی، خیابان شهید رجایی، ورزشگاه شهید علمشیری-خیابان لاهور، ورزشگاه پیروزی-شهرک ولی عصر، ورزشگاه ولی عصر(عج),03135251778,ژیمناستیک کودکان,1.500.000 تومان,4,6,پیش دبستانی
باشگاه ورزشی علمشیری,آدرس: خیابان جی، خیابان شهید رجایی، ورزشگاه شهید علمشیری-خیابان لاهور، ورزشگاه پیروزی-شهرک ولی عصر، ورزشگاه ولی عصر(عج),03135251778,ژیمناستیک پسران,1.500.000 تومان,6,9,دبستان1
باشگاه ورزشی علمشیری,آدرس: خیابان جی، خیابان شهید رجایی، ورزشگاه شهید علمشیری-خیابان لاهور، ورزشگاه پیروزی-شهرک ولی عصر، ورزشگاه ولی عصر(عج),03135251778,ژیمناستیک پسران,1.500.000 تومان,9,12,دبستان2
باشگاه ورزشی علمشیری,آدرس: خیابان جی، خیابان شهید رجایی، ورزشگاه شهید علمشیری-خیابان لاهور، ورزشگاه پیروزی-شهرک ولی عصر، ورزشگاه ولی عصر(عج),03135251778,ژیمناستیک پسران,1.500.000 تومان,12,15,متوسطه1
باشگاه ورزشی علمشیری,آدرس: خیابان جی، خیابان شهید رجایی، ورزشگاه شهید علمشیری-خیابان لاهور، ورزشگاه پیروزی-شهرک ولی عصر، ورزشگاه ولی عصر(عج),03135251778,ژیمناستیک پسران,1.500.000 تومان,15,18,متوسطه2
استخر ابوذر 20 درصد,آدرس: اصفهان، خیابان آذر,09900336016-03132369024,نیمه خصوصی  12 جلسه,2.800.000 تومان,6,9,دبستان1
استخر ابوذر 20 درصد,آدرس: اصفهان، خیابان آذر,09900336016-03132369024,نیمه خصوصی,2.800.000 تومان,9,12,دبستان2
استخر ابوذر 20 درصد,آدرس: اصفهان، خیابان آذر,09900336016-03132369024,نیمه خصوصی,2.800.000 تومان,12,15,متوسطه1
استخر ابوذر 20 درصد,آدرس: اصفهان، خیابان آذر,09900336016-03132369024,نیمه خصوصی,2.800.000 تومان,15,18,متوسطه2
استخر ابوذر 20 درصد,آدرس: اصفهان، خیابان آذر,09900336016-03132369024,نیمه خصوصی,2.800.000 تومان,19,99,بزرگسالان
استخر ابوذر 20 درصد,آدرس: اصفهان، خیابان آذر,09900336016-03132369024,عمومی 10 جلسه,2.000.000 تومان,6,9,دبستان1
استخر ابوذر 20 درصد,آدرس: اصفهان، خیابان آذر,09900336016-03132369024,عمومی 10 جلسه,2.000.000 تومان,9,12,دبستان2
استخر ابوذر 20 درصد,آدرس: اصفهان، خیابان آذر,09900336016-03132369024,عمومی 10 جلسه,2.000.000 تومان,12,15,متوسطه1
استخر ابوذر 20 درصد,آدرس: اصفهان، خیابان آذر,09900336016-03132369024,عمومی 10 جلسه,2.000.000 تومان,15,18,متوسطه2
استخر ابوذر 20 درصد,آدرس: اصفهان، خیابان آذر,09900336016-03132369024,عمومی 10 جلسه,2.000.000 تومان,19,99,بزرگسالان
استخر ابوذر 20 درصد,آدرس: اصفهان، خیابان آذر,09900336016-03132369024,آب درمانی,4.400.000 تومان,6,9,دبستان1
استخر ابوذر 20 درصد,آدرس: اصفهان، خیابان آذر,09900336016-03132369024,آب درمانی,4.400.000 تومان,9,12,دبستان2
استخر ابوذر 20 درصد,آدرس: اصفهان، خیابان آذر,09900336016-03132369024,آب درمانی,4.400.000 تومان,12,15,متوسطه1
استخر ابوذر 20 درصد,آدرس: اصفهان، خیابان آذر,09900336016-03132369024,آب درمانی,4.400.000 تومان,15,18,متوسطه2
استخر ابوذر 20 درصد,آدرس: اصفهان، خیابان آذر,09900336016-03132369024,آب درمانی,4.400.000 تومان,19,99,بزرگسالان
استخر ابوذر 20 درصد,آدرس: اصفهان، خیابان آذر,09900336016-03132369024,ورزش در آب,2.400.000 تومان,6,9,دبستان1
استخر ابوذر 20 درصد,آدرس: اصفهان، خیابان آذر,09900336016-03132369024,ورزش در آب,2.400.000 تومان,9,12,دبستان2
استخر ابوذر 20 درصد,آدرس: اصفهان، خیابان آذر,09900336016-03132369024,ورزش در آب,2.400.000 تومان,12,15,متوسطه1
استخر ابوذر 20 درصد,آدرس: اصفهان، خیابان آذر,09900336016-03132369024,ورزش در آب,2.400.000 تومان,15,18,متوسطه2
استخر ابوذر 20 درصد,آدرس: اصفهان، خیابان آذر,09900336016-03132369024,ورزش در آب,2.400.000 تومان,19,99,بزرگسالان
استخر نصر,آدرس: سه راه حکیم نظامی، بلوار دانشگاه، مجموعه 22 بهمن),03136292237,نیمه خصوصی (5 نفره),8.200.000 تومان,6,9,دبستان1
استخر نصر,آدرس: سه راه حکیم نظامی، بلوار دانشگاه، مجموعه 22 بهمن),03136292237,نیمه خصوصی (5 نفره),8.200.000 تومان,9,12,دبستان2
استخر نصر,آدرس: سه راه حکیم نظامی، بلوار دانشگاه، مجموعه 22 بهمن),03136292237,نیمه خصوصی (5 نفره),8.200.000 تومان,12,15,متوسطه1
استخر نصر,آدرس: سه راه حکیم نظامی، بلوار دانشگاه، مجموعه 22 بهمن),03136292237,نیمه خصوصی (5 نفره),8.200.000 تومان,15,18,متوسطه2
استخر نصر,آدرس: سه راه حکیم نظامی، بلوار دانشگاه، مجموعه 22 بهمن),03136292237,نیمه خصوصی (5 نفره),8.200.000 تومان,19,99,بزرگسالان
باشگاه فرهنگی ورزشی تام,آدرس: خیابان رزمندگان، جنب مسجد امام حسن مجتبی(ع),09901194212-03134390020,فوتبال چمن یکساله(4 ترم),36.000.000 تومان,6,9,دبستان1
باشگاه فرهنگی ورزشی تام,آدرس: خیابان رزمندگان، جنب مسجد امام حسن مجتبی(ع),09901194212-03134390020,فوتبال چمن یکساله(4 ترم),36.000.000 تومان,9,12,دبستان2
باشگاه فرهنگی ورزشی تام,آدرس: خیابان رزمندگان، جنب مسجد امام حسن مجتبی(ع),09901194212-03134390020,فوتبال چمن یکساله(4 ترم),36.000.000 تومان,12,15,متوسطه1
باشگاه فرهنگی ورزشی تام,آدرس: خیابان رزمندگان، جنب مسجد امام حسن مجتبی(ع),09901194212-03134390020,فوتبال چمن یکساله(4 ترم),36.000.000 تومان,15,18,متوسطه2
مجموعه ورزشی تختی شاهین شهر,آدرس: شاهین شهر، خیابان مخابرات، فرعی 11 شرقی,03145225027,کاراته پیشرفته  خانم ها,1.100.000 تومان,6,9,دبستان1
مجموعه ورزشی تختی شاهین شهر,آدرس: شاهین شهر، خیابان مخابرات، فرعی 11 شرقی,03145225027,کاراته پیشرفته  خانم ها,1.100.000 تومان,9,12,دبستان2
مجموعه ورزشی تختی شاهین شهر,آدرس: شاهین شهر، خیابان مخابرات، فرعی 11 شرقی,03145225027,کاراته پیشرفته  خانم ها,1.100.000 تومان,12,15,متوسطه1
مجموعه ورزشی تختی شاهین شهر,آدرس: شاهین شهر، خیابان مخابرات، فرعی 11 شرقی,03145225027,تکواندو عمومی  خانم ها,680.000 تومان,6,9,دبستان1
مجموعه ورزشی تختی شاهین شهر,آدرس: شاهین شهر، خیابان مخابرات، فرعی 11 شرقی,03145225027,تکواندو عمومی  خانم ها,680.000 تومان,9,12,دبستان2
مجموعه ورزشی تختی شاهین شهر,آدرس: شاهین شهر، خیابان مخابرات، فرعی 11 شرقی,03145225027,تکواندو عمومی  خانم ها,680.000 تومان,12,15,متوسطه1
مجموعه ورزشی تختی شاهین شهر,آدرس: شاهین شهر، خیابان مخابرات، فرعی 11 شرقی,03145225027,تکواندو پیشرفته  خانم ها,880.000 تومان,6,9,دبستان1
مجموعه ورزشی تختی شاهین شهر,آدرس: شاهین شهر، خیابان مخابرات، فرعی 11 شرقی,03145225027,تکواندو پیشرفته  خانم ها,880.000 تومان,9,12,دبستان2
مجموعه ورزشی تختی شاهین شهر,آدرس: شاهین شهر، خیابان مخابرات، فرعی 11 شرقی,03145225027,تکواندو پیشرفته  خانم ها,880.000 تومان,12,15,متوسطه1
مجموعه ورزشی تختی شاهین شهر,آدرس: شاهین شهر، خیابان مخابرات، فرعی 11 شرقی,03145225027,نینجا عمومی  خانم ها,680.000 تومان,6,9,دبستان1
مجموعه ورزشی تختی شاهین شهر,آدرس: شاهین شهر، خیابان مخابرات، فرعی 11 شرقی,03145225027,نینجا عمومی  خانم ها,680.000 تومان,9,12,دبستان2
مجموعه ورزشی تختی شاهین شهر,آدرس: شاهین شهر، خیابان مخابرات، فرعی 11 شرقی,03145225027,نینجا عمومی  خانم ها,680.000 تومان,12,15,متوسطه1
مجموعه ورزشی تختی شاهین شهر,آدرس: شاهین شهر، خیابان مخابرات، فرعی 11 شرقی,03145225027,دفاع شخصی عمومی  خانم ها,680.000 تومان,6,9,دبستان1
مجموعه ورزشی تختی شاهین شهر,آدرس: شاهین شهر، خیابان مخابرات، فرعی 11 شرقی,03145225027,دفاع شخصی عمومی  خانم ها,680.000 تومان,9,12,دبستان2
مجموعه ورزشی تختی شاهین شهر,آدرس: شاهین شهر، خیابان مخابرات، فرعی 11 شرقی,03145225027,دفاع شخصی عمومی  خانم ها,680.000 تومان,12,15,متوسطه1
مجموعه ورزشی تختی شاهین شهر,آدرس: شاهین شهر، خیابان مخابرات، فرعی 11 شرقی,03145225027,کیک بوکس عمومی  خانم ها,680.000 تومان,6,9,دبستان1
مجموعه ورزشی تختی شاهین شهر,آدرس: شاهین شهر، خیابان مخابرات، فرعی 11 شرقی,03145225027,کیک بوکس عمومی  خانم ها,680.000 تومان,9,12,دبستان2
مجموعه ورزشی تختی شاهین شهر,آدرس: شاهین شهر، خیابان مخابرات، فرعی 11 شرقی,03145225027,کیک بوکس عمومی  خانم ها,680.000 تومان,12,15,متوسطه1
مجموعه ورزشی تختی شاهین شهر,آدرس: شاهین شهر، خیابان مخابرات، فرعی 11 شرقی,03145225027,تیراندازی  خانم ها,2.100.000 تومان,6,9,دبستان1
مجموعه ورزشی تختی شاهین شهر,آدرس: شاهین شهر، خیابان مخابرات، فرعی 11 شرقی,03145225027,تیراندازی  خانم ها,2.100.000 تومان,9,12,دبستان2
مجموعه ورزشی تختی شاهین شهر,آدرس: شاهین شهر، خیابان مخابرات، فرعی 11 شرقی,03145225027,تیراندازی  خانم ها,2.100.000 تومان,12,15,متوسطه1
مجموعه ورزشی تختی شاهین شهر,آدرس: شاهین شهر، خیابان مخابرات، فرعی 11 شرقی,03145225027,بسکتبال عمومی  خانم ها,680.000 تومان,6,9,دبستان1
مجموعه ورزشی تختی شاهین شهر,آدرس: شاهین شهر، خیابان مخابرات، فرعی 11 شرقی,03145225027,بسکتبال عمومی  خانم ها,680.000 تومان,9,12,دبستان2
مجموعه ورزشی تختی شاهین شهر,آدرس: شاهین شهر، خیابان مخابرات، فرعی 11 شرقی,03145225027,بسکتبال عمومی  خانم ها,680.000 تومان,12,15,متوسطه1
مجموعه ورزشی تختی شاهین شهر,آدرس: شاهین شهر، خیابان مخابرات، فرعی 11 شرقی,03145225027,والیبال عمومی  خانم ها,680.000 تومان,6,9,دبستان1
مجموعه ورزشی تختی شاهین شهر,آدرس: شاهین شهر، خیابان مخابرات، فرعی 11 شرقی,03145225027,والیبال عمومی  خانم ها,680.000 تومان,9,12,دبستان2
مجموعه ورزشی تختی شاهین شهر,آدرس: شاهین شهر، خیابان مخابرات، فرعی 11 شرقی,03145225027,والیبال عمومی  خانم ها,680.000 تومان,12,15,متوسطه1
مجموعه ورزشی تختی شاهین شهر,آدرس: شاهین شهر، خیابان مخابرات، فرعی 11 شرقی,03145225027,والیبال پیشرفته  خانم ها,1.100.000 تومان,6,9,دبستان1
مجموعه ورزشی تختی شاهین شهر,آدرس: شاهین شهر، خیابان مخابرات، فرعی 11 شرقی,03145225027,والیبال پیشرفته  خانم ها,1.100.000 تومان,9,12,دبستان2
مجموعه ورزشی تختی شاهین شهر,آدرس: شاهین شهر، خیابان مخابرات، فرعی 11 شرقی,03145225027,والیبال پیشرفته  خانم ها,1.100.000 تومان,12,15,متوسطه1
مجموعه ورزشی تختی شاهین شهر,آدرس: شاهین شهر، خیابان مخابرات، فرعی 11 شرقی,03145225027,فوتسال پیشرفته  خانم ها,1.500.000 تومان,6,9,دبستان1
مجموعه ورزشی تختی شاهین شهر,آدرس: شاهین شهر، خیابان مخابرات، فرعی 11 شرقی,03145225027,فوتسال پیشرفته  خانم ها,1.500.000 تومان,9,12,دبستان2
مجموعه ورزشی تختی شاهین شهر,آدرس: شاهین شهر، خیابان مخابرات، فرعی 11 شرقی,03145225027,فوتسال پیشرفته  خانم ها,1.500.000 تومان,12,15,متوسطه1
مجموعه ورزشی تختی شاهین شهر,آدرس: شاهین شهر، خیابان مخابرات، فرعی 11 شرقی,03145225027,بدمینتون عمومی  خانم ها,680.000 تومان,6,9,دبستان1
مجموعه ورزشی تختی شاهین شهر,آدرس: شاهین شهر، خیابان مخابرات، فرعی 11 شرقی,03145225027,بدمینتون عمومی  خانم ها,680.000 تومان,9,12,دبستان2
مجموعه ورزشی تختی شاهین شهر,آدرس: شاهین شهر، خیابان مخابرات، فرعی 11 شرقی,03145225027,بدمینتون عمومی  خانم ها,680.000 تومان,12,15,متوسطه1
مجموعه ورزشی تختی شاهین شهر,آدرس: شاهین شهر، خیابان مخابرات، فرعی 11 شرقی,03145225027,بدمینتون پیشرفته  خانم ها,960.000 تومان,6,9,دبستان1
مجموعه ورزشی تختی شاهین شهر,آدرس: شاهین شهر، خیابان مخابرات، فرعی 11 شرقی,03145225027,بدمینتون پیشرفته  خانم ها,960.000 تومان,9,12,دبستان2
مجموعه ورزشی تختی شاهین شهر,آدرس: شاهین شهر، خیابان مخابرات، فرعی 11 شرقی,03145225027,بدمینتون پیشرفته  خانم ها,960.000 تومان,12,15,متوسطه1
مجموعه ورزشی تختی شاهین شهر,آدرس: شاهین شهر، خیابان مخابرات، فرعی 11 شرقی,03145225027,پیلاتس عمومی,660.000 تومان,6,9,دبستان1
مجموعه ورزشی تختی شاهین شهر,آدرس: شاهین شهر، خیابان مخابرات، فرعی 11 شرقی,03145225027,پیلاتس عمومی,660.000 تومان,9,12,دبستان2
مجموعه ورزشی تختی شاهین شهر,آدرس: شاهین شهر، خیابان مخابرات، فرعی 11 شرقی,03145225027,پیلاتس عمومی,660.000 تومان,12,15,متوسطه1
مجموعه ورزشی تختی شاهین شهر,آدرس: شاهین شهر، خیابان مخابرات، فرعی 11 شرقی,03145225027,پیلاتس پیشرفته,880.000 تومان,6,9,دبستان1
مجموعه ورزشی تختی شاهین شهر,آدرس: شاهین شهر، خیابان مخابرات، فرعی 11 شرقی,03145225027,پیلاتس پیشرفته,880.000 تومان,9,12,دبستان2
مجموعه ورزشی تختی شاهین شهر,آدرس: شاهین شهر، خیابان مخابرات، فرعی 11 شرقی,03145225027,پیلاتس پیشرفته,880.000 تومان,12,15,متوسطه1
مجموعه ورزشی تختی شاهین شهر,آدرس: شاهین شهر، خیابان مخابرات، فرعی 11 شرقی,03145225027,ایروبیک عمومی,660.000 تومان,6,9,دبستان1
مجموعه ورزشی تختی شاهین شهر,آدرس: شاهین شهر، خیابان مخابرات، فرعی 11 شرقی,03145225027,ایروبیک عمومی,660.000 تومان,9,12,دبستان2
مجموعه ورزشی تختی شاهین شهر,آدرس: شاهین شهر، خیابان مخابرات، فرعی 11 شرقی,03145225027,ایروبیک عمومی,660.000 تومان,12,15,متوسطه1
مجموعه ورزشی تختی شاهین شهر,آدرس: شاهین شهر، خیابان مخابرات، فرعی 11 شرقی,03145225027,ایروبیک پیشرفته,700.000 تومان,6,9,دبستان1
مجموعه ورزشی تختی شاهین شهر,آدرس: شاهین شهر، خیابان مخابرات، فرعی 11 شرقی,03145225027,ایروبیک پیشرفته,700.000 تومان,9,12,دبستان2
مجموعه ورزشی تختی شاهین شهر,آدرس: شاهین شهر، خیابان مخابرات، فرعی 11 شرقی,03145225027,ایروبیک پیشرفته,700.000 تومان,12,15,متوسطه1
مجموعه ورزشی تختی شاهین شهر,آدرس: شاهین شهر، خیابان مخابرات، فرعی 11 شرقی,03145225027,ژیمناستیک عمومی   خانم ها(4 سال به بالا),840.000 تومان,4,6,پیش دبستانی
مجموعه ورزشی تختی شاهین شهر,آدرس: شاهین شهر، خیابان مخابرات، فرعی 11 شرقی,03145225027,ژیمناستیک عمومی   خانم ها,840.000 تومان,6,9,دبستان1
مجموعه ورزشی تختی شاهین شهر,آدرس: شاهین شهر، خیابان مخابرات، فرعی 11 شرقی,03145225027,ژیمناستیک عمومی   خانم ها,840.000 تومان,9,12,دبستان2
مجموعه ورزشی تختی شاهین شهر,آدرس: شاهین شهر، خیابان مخابرات، فرعی 11 شرقی,03145225027,ژیمناستیک عمومی   خانم ها,840.000 تومان,12,15,متوسطه1
مجموعه ورزشی تختی شاهین شهر,آدرس: شاهین شهر، خیابان مخابرات، فرعی 11 شرقی,03145225027,ژیمناستیک پیشرفته   خانم ها(4 سال به بالا),840.000 تومان,4,6,پیش دبستانی
مجموعه ورزشی تختی شاهین شهر,آدرس: شاهین شهر، خیابان مخابرات، فرعی 11 شرقی,03145225027,ژیمناستیک پیشرفته   خانم ها,840.000 تومان,6,9,دبستان1
مجموعه ورزشی تختی شاهین شهر,آدرس: شاهین شهر، خیابان مخابرات، فرعی 11 شرقی,03145225027,ژیمناستیک پیشرفته   خانم ها,840.000 تومان,9,12,دبستان2
مجموعه ورزشی تختی شاهین شهر,آدرس: شاهین شهر، خیابان مخابرات، فرعی 11 شرقی,03145225027,ژیمناستیک پیشرفته   خانم ها,840.000 تومان,12,15,متوسطه1
مجموعه ورزشی تختی شاهین شهر,آدرس: شاهین شهر، خیابان مخابرات، فرعی 11 شرقی,03145225027,والیبال عمومی  آقایان,680.000 تومان,6,9,دبستان1
مجموعه ورزشی تختی شاهین شهر,آدرس: شاهین شهر، خیابان مخابرات، فرعی 11 شرقی,03145225027,والیبال عمومی  آقایان,680.000 تومان,9,12,دبستان2
مجموعه ورزشی تختی شاهین شهر,آدرس: شاهین شهر، خیابان مخابرات، فرعی 11 شرقی,03145225027,والیبال عمومی  آقایان,680.000 تومان,12,15,متوسطه1
مجموعه ورزشی تختی شاهین شهر,آدرس: شاهین شهر، خیابان مخابرات، فرعی 11 شرقی,03145225027,والیبال پیشرفته آقایان,1.500.000 تومان,6,9,دبستان1
مجموعه ورزشی تختی شاهین شهر,آدرس: شاهین شهر، خیابان مخابرات، فرعی 11 شرقی,03145225027,والیبال پیشرفته آقایان,1.500.000 تومان,9,12,دبستان2
مجموعه ورزشی تختی شاهین شهر,آدرس: شاهین شهر، خیابان مخابرات، فرعی 11 شرقی,03145225027,والیبال پیشرفته آقایان,1.500.000 تومان,12,15,متوسطه1
مجموعه ورزشی تختی شاهین شهر,آدرس: شاهین شهر، خیابان مخابرات، فرعی 11 شرقی,03145225027,بسکتبال عمومی  آقایان,680.000 تومان,6,9,دبستان1
مجموعه ورزشی تختی شاهین شهر,آدرس: شاهین شهر، خیابان مخابرات، فرعی 11 شرقی,03145225027,بسکتبال عمومی  آقایان,680.000 تومان,9,12,دبستان2
مجموعه ورزشی تختی شاهین شهر,آدرس: شاهین شهر، خیابان مخابرات، فرعی 11 شرقی,03145225027,بسکتبال عمومی  آقایان,680.000 تومان,12,15,متوسطه1
مجموعه ورزشی تختی شاهین شهر,آدرس: شاهین شهر، خیابان مخابرات، فرعی 11 شرقی,03145225027,بسکتبال پیشرفته آقایان,980.000 تومان,6,9,دبستان1
مجموعه ورزشی تختی شاهین شهر,آدرس: شاهین شهر، خیابان مخابرات، فرعی 11 شرقی,03145225027,بسکتبال پیشرفته آقایان,980.000 تومان,9,12,دبستان2
مجموعه ورزشی تختی شاهین شهر,آدرس: شاهین شهر، خیابان مخابرات، فرعی 11 شرقی,03145225027,بسکتبال پیشرفته آقایان,980.000 تومان,12,15,متوسطه1
مجموعه ورزشی تختی شاهین شهر,آدرس: شاهین شهر، خیابان مخابرات، فرعی 11 شرقی,03145225027,بدمینتون عمومی  آقایان,850.000 تومان,6,9,دبستان1
مجموعه ورزشی تختی شاهین شهر,آدرس: شاهین شهر، خیابان مخابرات، فرعی 11 شرقی,03145225027,بدمینتون عمومی  آقایان,850.000 تومان,9,12,دبستان2
مجموعه ورزشی تختی شاهین شهر,آدرس: شاهین شهر، خیابان مخابرات، فرعی 11 شرقی,03145225027,بدمینتون عمومی  آقایان,850.000 تومان,12,15,متوسطه1
مجموعه ورزشی تختی شاهین شهر,آدرس: شاهین شهر، خیابان مخابرات، فرعی 11 شرقی,03145225027,فوتسال  آقایان,1.500.000 تومان,6,9,دبستان1
مجموعه ورزشی تختی شاهین شهر,آدرس: شاهین شهر، خیابان مخابرات، فرعی 11 شرقی,03145225027,فوتسال  آقایان,1.500.000 تومان,9,12,دبستان2
مجموعه ورزشی تختی شاهین شهر,آدرس: شاهین شهر، خیابان مخابرات، فرعی 11 شرقی,03145225027,فوتسال  آقایان,1.500.000 تومان,12,15,متوسطه1
مجموعه ورزشی تختی شاهین شهر,آدرس: شاهین شهر، خیابان مخابرات، فرعی 11 شرقی,03145225027,فوتبال  آقایان,1.500.000 تومان,6,9,دبستان1
مجموعه ورزشی تختی شاهین شهر,آدرس: شاهین شهر، خیابان مخابرات، فرعی 11 شرقی,03145225027,فوتبال  آقایان,1.500.000 تومان,9,12,دبستان2
مجموعه ورزشی تختی شاهین شهر,آدرس: شاهین شهر، خیابان مخابرات، فرعی 11 شرقی,03145225027,فوتبال  آقایان,1.500.000 تومان,12,15,متوسطه1
مجموعه ورزشی تختی شاهین شهر,آدرس: شاهین شهر، خیابان مخابرات، فرعی 11 شرقی,03145225027,کاراته عمومی  آقایان,680.000 تومان,6,9,دبستان1
مجموعه ورزشی تختی شاهین شهر,آدرس: شاهین شهر، خیابان مخابرات، فرعی 11 شرقی,03145225027,کاراته عمومی  آقایان,680.000 تومان,9,12,دبستان2
مجموعه ورزشی تختی شاهین شهر,آدرس: شاهین شهر، خیابان مخابرات، فرعی 11 شرقی,03145225027,کاراته عمومی  آقایان,680.000 تومان,12,15,متوسطه1
مجموعه ورزشی تختی شاهین شهر,آدرس: شاهین شهر، خیابان مخابرات، فرعی 11 شرقی,03145225027,کاراته پیشرفته  آقایان,750.000 تومان,6,9,دبستان1
مجموعه ورزشی تختی شاهین شهر,آدرس: شاهین شهر، خیابان مخابرات، فرعی 11 شرقی,03145225027,کاراته پیشرفته  آقایان,750.000 تومان,9,12,دبستان2
مجموعه ورزشی تختی شاهین شهر,آدرس: شاهین شهر، خیابان مخابرات، فرعی 11 شرقی,03145225027,کاراته پیشرفته  آقایان,750.000 تومان,12,15,متوسطه1
مجموعه ورزشی تختی شاهین شهر,آدرس: شاهین شهر، خیابان مخابرات، فرعی 11 شرقی,03145225027,ووشو عمومی  آقایان,680.000 تومان,6,9,دبستان1
مجموعه ورزشی تختی شاهین شهر,آدرس: شاهین شهر، خیابان مخابرات، فرعی 11 شرقی,03145225027,ووشو عمومی  آقایان,680.000 تومان,9,12,دبستان2
مجموعه ورزشی تختی شاهین شهر,آدرس: شاهین شهر، خیابان مخابرات، فرعی 11 شرقی,03145225027,ووشو عمومی  آقایان,680.000 تومان,12,15,متوسطه1
مجموعه ورزشی تختی شاهین شهر,آدرس: شاهین شهر، خیابان مخابرات، فرعی 11 شرقی,03145225027,تیراندازی  آقایان,2.100.000 تومان,6,9,دبستان1
مجموعه ورزشی تختی شاهین شهر,آدرس: شاهین شهر، خیابان مخابرات، فرعی 11 شرقی,03145225027,تیراندازی  آقایان,2.100.000 تومان,9,12,دبستان2
مجموعه ورزشی تختی شاهین شهر,آدرس: شاهین شهر، خیابان مخابرات، فرعی 11 شرقی,03145225027,تیراندازی  آقایان,2.100.000 تومان,12,15,متوسطه1
مجموعه ورزشی تختی شاهین شهر,آدرس: شاهین شهر، خیابان مخابرات، فرعی 11 شرقی,03145225027,ژیمناستیک عمومی آقایان(4 سال به بالا),840.000 تومان,4,6,پیش دبستانی
مجموعه ورزشی تختی شاهین شهر,آدرس: شاهین شهر، خیابان مخابرات، فرعی 11 شرقی,03145225027,ژیمناستیک عمومی آقایان,840.000 تومان,6,9,دبستان1
مجموعه ورزشی تختی شاهین شهر,آدرس: شاهین شهر، خیابان مخابرات، فرعی 11 شرقی,03145225027,ژیمناستیک عمومی آقایان,840.000 تومان,9,12,دبستان2
مجموعه ورزشی تختی شاهین شهر,آدرس: شاهین شهر، خیابان مخابرات، فرعی 11 شرقی,03145225027,ژیمناستیک عمومی آقایان,840.000 تومان,12,15,متوسطه1
کلینیک تخصصی شاهراه(استاد پیمان اربابیان),آدرس: خیابان مرداویج، جنب درب ورودی مجموعه پرواز,09130222315,هر جلسه مشاوره  مرتبط با هدایت تحصیلی پایه نهم,880.000 تومان,12,15,متوسطه1
باشگاه ورزشی اوتانا نجف آباد,آدرس: نجف آباد، خیابان امام خمینی، نبش خیابان فارابی,09133312400,بدنسازی آقایان 24 جلسه,1.400.000 تومان,9,12,دبستان2
باشگاه ورزشی اوتانا نجف آباد,آدرس: نجف آباد، خیابان امام خمینی، نبش خیابان فارابی,09133312400,بدنسازی آقایان 24 جلسه,1.400.000 تومان,12,15,متوسطه1
باشگاه ورزشی اوتانا نجف آباد,آدرس: نجف آباد، خیابان امام خمینی، نبش خیابان فارابی,09133312400,بدنسازی آقایان 24 جلسه,1.400.000 تومان,15,18,متوسطه2
باشگاه ورزشی اوتانا نجف آباد,آدرس: نجف آباد، خیابان امام خمینی، نبش خیابان فارابی,09133312400,بدنسازی آقایان 24 جلسه,1.400.000 تومان,19,99,بزرگسالان
باشگاه ورزشی اوتانا نجف آباد,آدرس: نجف آباد، خیابان امام خمینی، نبش خیابان فارابی,09133312400,بدنسازی بانوان 12 جلسه,1.000.000 تومان,9,12,دبستان2
باشگاه ورزشی اوتانا نجف آباد,آدرس: نجف آباد، خیابان امام خمینی، نبش خیابان فارابی,09133312400,بدنسازی بانوان 12 جلسه,1.000.000 تومان,12,15,متوسطه1
باشگاه ورزشی اوتانا نجف آباد,آدرس: نجف آباد، خیابان امام خمینی، نبش خیابان فارابی,09133312400,بدنسازی بانوان 12 جلسه,1.000.000 تومان,15,18,متوسطه2
باشگاه ورزشی اوتانا نجف آباد,آدرس: نجف آباد، خیابان امام خمینی، نبش خیابان فارابی,09133312400,بدنسازی بانوان 12 جلسه,1.000.000 تومان,19,99,بزرگسالان
باشگاه ورزشی اوتانا نجف آباد,آدرس: نجف آباد، خیابان امام خمینی، نبش خیابان فارابی,09133312400,بدنسازی بانوان 24 جلسه,1.400.000 تومان,9,12,دبستان2
باشگاه ورزشی اوتانا نجف آباد,آدرس: نجف آباد، خیابان امام خمینی، نبش خیابان فارابی,09133312400,بدنسازی بانوان 24 جلسه,1.400.000 تومان,12,15,متوسطه1
باشگاه ورزشی اوتانا نجف آباد,آدرس: نجف آباد، خیابان امام خمینی، نبش خیابان فارابی,09133312400,بدنسازی بانوان 24 جلسه,1.400.000 تومان,15,18,متوسطه2
باشگاه ورزشی اوتانا نجف آباد,آدرس: نجف آباد، خیابان امام خمینی، نبش خیابان فارابی,09133312400,بدنسازی بانوان 24 جلسه,1.400.000 تومان,19,99,بزرگسالان
باشگاه ورزشی اوتانا نجف آباد,آدرس: نجف آباد، خیابان امام خمینی، نبش خیابان فارابی,09133312400,فیتنس بانوان تک جلسه ای,150.000 تومان,9,12,دبستان2
باشگاه ورزشی اوتانا نجف آباد,آدرس: نجف آباد، خیابان امام خمینی، نبش خیابان فارابی,09133312400,فیتنس بانوان تک جلسه ای,150.000 تومان,12,15,متوسطه1
باشگاه ورزشی اوتانا نجف آباد,آدرس: نجف آباد، خیابان امام خمینی، نبش خیابان فارابی,09133312400,فیتنس بانوان تک جلسه ای,150.000 تومان,15,18,متوسطه2
باشگاه ورزشی اوتانا نجف آباد,آدرس: نجف آباد، خیابان امام خمینی، نبش خیابان فارابی,09133312400,فیتنس بانوان تک جلسه ای,150.000 تومان,19,99,بزرگسالان
باشگاه ورزشی اوتانا نجف آباد,آدرس: نجف آباد، خیابان امام خمینی، نبش خیابان فارابی,09133312400,فیتنس بانوان 12 جلسه,1.000.000 تومان,9,12,دبستان2
باشگاه ورزشی اوتانا نجف آباد,آدرس: نجف آباد، خیابان امام خمینی، نبش خیابان فارابی,09133312400,فیتنس بانوان 12 جلسه,1.000.000 تومان,12,15,متوسطه1
باشگاه ورزشی اوتانا نجف آباد,آدرس: نجف آباد، خیابان امام خمینی، نبش خیابان فارابی,09133312400,فیتنس بانوان 12 جلسه,1.000.000 تومان,15,18,متوسطه2
باشگاه ورزشی اوتانا نجف آباد,آدرس: نجف آباد، خیابان امام خمینی، نبش خیابان فارابی,09133312400,فیتنس بانوان 12 جلسه,1.000.000 تومان,19,99,بزرگسالان
باشگاه ورزشی اوتانا نجف آباد,آدرس: نجف آباد، خیابان امام خمینی، نبش خیابان فارابی,09133312400,زوم فیت بانوان تک جلسه ای,150.000 تومان,9,12,دبستان2
باشگاه ورزشی اوتانا نجف آباد,آدرس: نجف آباد، خیابان امام خمینی، نبش خیابان فارابی,09133312400,زوم فیت بانوان تک جلسه ای,150.000 تومان,12,15,متوسطه1
باشگاه ورزشی اوتانا نجف آباد,آدرس: نجف آباد، خیابان امام خمینی، نبش خیابان فارابی,09133312400,زوم فیت بانوان تک جلسه ای,150.000 تومان,15,18,متوسطه2
باشگاه ورزشی اوتانا نجف آباد,آدرس: نجف آباد، خیابان امام خمینی، نبش خیابان فارابی,09133312400,زوم فیت بانوان تک جلسه ای,150.000 تومان,19,99,بزرگسالان
باشگاه ورزشی اوتانا نجف آباد,آدرس: نجف آباد، خیابان امام خمینی، نبش خیابان فارابی,09133312400,زوم فیت بانوان 12 جلسه,1.000.000 تومان,9,12,دبستان2
باشگاه ورزشی اوتانا نجف آباد,آدرس: نجف آباد، خیابان امام خمینی، نبش خیابان فارابی,09133312400,زوم فیت بانوان 12 جلسه,1.000.000 تومان,12,15,متوسطه1
باشگاه ورزشی اوتانا نجف آباد,آدرس: نجف آباد، خیابان امام خمینی، نبش خیابان فارابی,09133312400,زوم فیت بانوان 12 جلسه,1.000.000 تومان,15,18,متوسطه2
باشگاه ورزشی اوتانا نجف آباد,آدرس: نجف آباد، خیابان امام خمینی، نبش خیابان فارابی,09133312400,زوم فیت بانوان 12 جلسه,1.000.000 تومان,19,99,بزرگسالان
باشگاه ورزشی اوتانا نجف آباد,آدرس: نجف آباد، خیابان امام خمینی، نبش خیابان فارابی,09133312400,ایروبیک CX  بانوان تک جلسه ای,150.000 تومان,9,12,دبستان2
باشگاه ورزشی اوتانا نجف آباد,آدرس: نجف آباد، خیابان امام خمینی، نبش خیابان فارابی,09133312400,ایروبیک CX  بانوان تک جلسه ای,150.000 تومان,12,15,متوسطه1
باشگاه ورزشی اوتانا نجف آباد,آدرس: نجف آباد، خیابان امام خمینی، نبش خیابان فارابی,09133312400,ایروبیک CX  بانوان تک جلسه ای,150.000 تومان,15,18,متوسطه2
باشگاه ورزشی اوتانا نجف آباد,آدرس: نجف آباد، خیابان امام خمینی، نبش خیابان فارابی,09133312400,ایروبیک CX  بانوان تک جلسه ای,150.000 تومان,19,99,بزرگسالان
باشگاه ورزشی اوتانا نجف آباد,آدرس: نجف آباد، خیابان امام خمینی، نبش خیابان فارابی,09133312400,ایروبیک CX  بانوان 12 جلسه,1.000.000 تومان,9,12,دبستان2
باشگاه ورزشی اوتانا نجف آباد,آدرس: نجف آباد، خیابان امام خمینی، نبش خیابان فارابی,09133312400,ایروبیک CX  بانوان 12 جلسه,1.000.000 تومان,12,15,متوسطه1
باشگاه ورزشی اوتانا نجف آباد,آدرس: نجف آباد، خیابان امام خمینی، نبش خیابان فارابی,09133312400,ایروبیک CX  بانوان 12 جلسه,1.000.000 تومان,15,18,متوسطه2
باشگاه ورزشی اوتانا نجف آباد,آدرس: نجف آباد، خیابان امام خمینی، نبش خیابان فارابی,09133312400,ایروبیک CX  بانوان 12 جلسه,1.000.000 تومان,19,99,بزرگسالان
باشگاه ورزشی اوتانا نجف آباد,آدرس: نجف آباد، خیابان امام خمینی، نبش خیابان فارابی,09133312400,پیلاتس بانوان تک جلسه ای,150.000 تومان,9,12,دبستان2
باشگاه ورزشی اوتانا نجف آباد,آدرس: نجف آباد، خیابان امام خمینی، نبش خیابان فارابی,09133312400,پیلاتس بانوان تک جلسه ای,150.000 تومان,12,15,متوسطه1
باشگاه ورزشی اوتانا نجف آباد,آدرس: نجف آباد، خیابان امام خمینی، نبش خیابان فارابی,09133312400,پیلاتس بانوان تک جلسه ای,150.000 تومان,15,18,متوسطه2
باشگاه ورزشی اوتانا نجف آباد,آدرس: نجف آباد، خیابان امام خمینی، نبش خیابان فارابی,09133312400,پیلاتس بانوان تک جلسه ای,150.000 تومان,19,99,بزرگسالان
باشگاه ورزشی اوتانا نجف آباد,آدرس: نجف آباد، خیابان امام خمینی، نبش خیابان فارابی,09133312400,پیلاتس بانوان 12 جلسه,1.000.000 تومان,9,12,دبستان2
باشگاه ورزشی اوتانا نجف آباد,آدرس: نجف آباد، خیابان امام خمینی، نبش خیابان فارابی,09133312400,پیلاتس بانوان 12 جلسه,1.000.000 تومان,12,15,متوسطه1
باشگاه ورزشی اوتانا نجف آباد,آدرس: نجف آباد، خیابان امام خمینی، نبش خیابان فارابی,09133312400,پیلاتس بانوان 12 جلسه,1.000.000 تومان,15,18,متوسطه2
باشگاه ورزشی اوتانا نجف آباد,آدرس: نجف آباد، خیابان امام خمینی، نبش خیابان فارابی,09133312400,پیلاتس بانوان 12 جلسه,1.000.000 تومان,19,99,بزرگسالان
باشگاه ورزشی اوتانا نجف آباد,آدرس: نجف آباد، خیابان امام خمینی، نبش خیابان فارابی,09133312400,چربی سوزی بانوان تک جلسه ای,150.000 تومان,9,12,دبستان2
باشگاه ورزشی اوتانا نجف آباد,آدرس: نجف آباد، خیابان امام خمینی، نبش خیابان فارابی,09133312400,چربی سوزی بانوان تک جلسه ای,150.000 تومان,12,15,متوسطه1
باشگاه ورزشی اوتانا نجف آباد,آدرس: نجف آباد، خیابان امام خمینی، نبش خیابان فارابی,09133312400,چربی سوزی بانوان تک جلسه ای,150.000 تومان,15,18,متوسطه2
باشگاه ورزشی اوتانا نجف آباد,آدرس: نجف آباد، خیابان امام خمینی، نبش خیابان فارابی,09133312400,چربی سوزی بانوان تک جلسه ای,150.000 تومان,19,99,بزرگسالان
باشگاه ورزشی اوتانا نجف آباد,آدرس: نجف آباد، خیابان امام خمینی، نبش خیابان فارابی,09133312400,چربی سوزی بانوان 12 جلسه,1.000.000 تومان,9,12,دبستان2
باشگاه ورزشی اوتانا نجف آباد,آدرس: نجف آباد، خیابان امام خمینی، نبش خیابان فارابی,09133312400,چربی سوزی بانوان 12 جلسه,1.000.000 تومان,12,15,متوسطه1
باشگاه ورزشی اوتانا نجف آباد,آدرس: نجف آباد، خیابان امام خمینی، نبش خیابان فارابی,09133312400,چربی سوزی بانوان 12 جلسه,1.000.000 تومان,15,18,متوسطه2
باشگاه ورزشی اوتانا نجف آباد,آدرس: نجف آباد، خیابان امام خمینی، نبش خیابان فارابی,09133312400,چربی سوزی بانوان 12 جلسه,1.000.000 تومان,19,99,بزرگسالان
باشگاه ورزشی اوتانا نجف آباد,آدرس: نجف آباد، خیابان امام خمینی، نبش خیابان فارابی,09133312400,TRX بانوان تک جلسه ای,150.000 تومان,9,12,دبستان2
باشگاه ورزشی اوتانا نجف آباد,آدرس: نجف آباد، خیابان امام خمینی، نبش خیابان فارابی,09133312400,TRX بانوان تک جلسه ای,150.000 تومان,12,15,متوسطه1
باشگاه ورزشی اوتانا نجف آباد,آدرس: نجف آباد، خیابان امام خمینی، نبش خیابان فارابی,09133312400,TRX بانوان تک جلسه ای,150.000 تومان,15,18,متوسطه2
باشگاه ورزشی اوتانا نجف آباد,آدرس: نجف آباد، خیابان امام خمینی، نبش خیابان فارابی,09133312400,TRX بانوان تک جلسه ای,150.000 تومان,19,99,بزرگسالان
باشگاه ورزشی اوتانا نجف آباد,آدرس: نجف آباد، خیابان امام خمینی، نبش خیابان فارابی,09133312400,TRX بانوان 12 جلسه,1.000.000 تومان,9,12,دبستان2
باشگاه ورزشی اوتانا نجف آباد,آدرس: نجف آباد، خیابان امام خمینی، نبش خیابان فارابی,09133312400,TRX بانوان 12 جلسه,1.000.000 تومان,12,15,متوسطه1
باشگاه ورزشی اوتانا نجف آباد,آدرس: نجف آباد، خیابان امام خمینی، نبش خیابان فارابی,09133312400,TRX بانوان 12 جلسه,1.000.000 تومان,15,18,متوسطه2
باشگاه ورزشی اوتانا نجف آباد,آدرس: نجف آباد، خیابان امام خمینی، نبش خیابان فارابی,09133312400,TRX بانوان 12 جلسه,1.000.000 تومان,19,99,بزرگسالان
باشگاه ورزشی اوتانا نجف آباد,آدرس: نجف آباد، خیابان امام خمینی، نبش خیابان فارابی,09133312400,کاردیو زوم بانوان تک جلسه ای,150.000 تومان,9,12,دبستان2
باشگاه ورزشی اوتانا نجف آباد,آدرس: نجف آباد، خیابان امام خمینی، نبش خیابان فارابی,09133312400,کاردیو زوم بانوان تک جلسه ای,150.000 تومان,12,15,متوسطه1
باشگاه ورزشی اوتانا نجف آباد,آدرس: نجف آباد، خیابان امام خمینی، نبش خیابان فارابی,09133312400,کاردیو زوم بانوان تک جلسه ای,150.000 تومان,15,18,متوسطه2
باشگاه ورزشی اوتانا نجف آباد,آدرس: نجف آباد، خیابان امام خمینی، نبش خیابان فارابی,09133312400,کاردیو زوم بانوان تک جلسه ای,150.000 تومان,19,99,بزرگسالان
باشگاه ورزشی اوتانا نجف آباد,آدرس: نجف آباد، خیابان امام خمینی، نبش خیابان فارابی,09133312400,کاردیو زوم بانوان 12 جلسه,1.000.000 تومان,9,12,دبستان2
باشگاه ورزشی اوتانا نجف آباد,آدرس: نجف آباد، خیابان امام خمینی، نبش خیابان فارابی,09133312400,کاردیو زوم بانوان 12 جلسه,1.000.000 تومان,12,15,متوسطه1
باشگاه ورزشی اوتانا نجف آباد,آدرس: نجف آباد، خیابان امام خمینی، نبش خیابان فارابی,09133312400,کاردیو زوم بانوان 12 جلسه,1.000.000 تومان,15,18,متوسطه2
باشگاه ورزشی اوتانا نجف آباد,آدرس: نجف آباد، خیابان امام خمینی، نبش خیابان فارابی,09133312400,کاردیو زوم بانوان 12 جلسه,1.000.000 تومان,19,99,بزرگسالان
باشگاه ورزشی اوتانا نجف آباد,آدرس: نجف آباد، خیابان امام خمینی، نبش خیابان فارابی,09133312400,حرکات اصلاحی-فیتنس بانوان تک جلسه ای,150.000 تومان,9,12,دبستان2
باشگاه ورزشی اوتانا نجف آباد,آدرس: نجف آباد، خیابان امام خمینی، نبش خیابان فارابی,09133312400,حرکات اصلاحی-فیتنس بانوان تک جلسه ای,150.000 تومان,12,15,متوسطه1
باشگاه ورزشی اوتانا نجف آباد,آدرس: نجف آباد، خیابان امام خمینی، نبش خیابان فارابی,09133312400,حرکات اصلاحی-فیتنس بانوان تک جلسه ای,150.000 تومان,15,18,متوسطه2
باشگاه ورزشی اوتانا نجف آباد,آدرس: نجف آباد، خیابان امام خمینی، نبش خیابان فارابی,09133312400,حرکات اصلاحی-فیتنس بانوان تک جلسه ای,150.000 تومان,19,99,بزرگسالان
باشگاه ورزشی اوتانا نجف آباد,آدرس: نجف آباد، خیابان امام خمینی، نبش خیابان فارابی,09133312400,حرکات اصلاحی-فیتنس بانوان 12 جلسه,1.000.000 تومان,9,12,دبستان2
باشگاه ورزشی اوتانا نجف آباد,آدرس: نجف آباد، خیابان امام خمینی، نبش خیابان فارابی,09133312400,حرکات اصلاحی-فیتنس بانوان 12 جلسه,1.000.000 تومان,12,15,متوسطه1
باشگاه ورزشی اوتانا نجف آباد,آدرس: نجف آباد، خیابان امام خمینی، نبش خیابان فارابی,09133312400,حرکات اصلاحی-فیتنس بانوان 12 جلسه,1.000.000 تومان,15,18,متوسطه2
باشگاه ورزشی اوتانا نجف آباد,آدرس: نجف آباد، خیابان امام خمینی، نبش خیابان فارابی,09133312400,حرکات اصلاحی-فیتنس بانوان 12 جلسه,1.000.000 تومان,19,99,بزرگسالان
باشگاه ورزشی اوتانا نجف آباد,آدرس: نجف آباد، خیابان امام خمینی، نبش خیابان فارابی,09133312400,CX-TRX بانوان تک جلسه ای,150.000 تومان,9,12,دبستان2
باشگاه ورزشی اوتانا نجف آباد,آدرس: نجف آباد، خیابان امام خمینی، نبش خیابان فارابی,09133312400,CX-TRX بانوان تک جلسه ای,150.000 تومان,12,15,متوسطه1
باشگاه ورزشی اوتانا نجف آباد,آدرس: نجف آباد، خیابان امام خمینی، نبش خیابان فارابی,09133312400,CX-TRX بانوان تک جلسه ای,150.000 تومان,15,18,متوسطه2
باشگاه ورزشی اوتانا نجف آباد,آدرس: نجف آباد، خیابان امام خمینی، نبش خیابان فارابی,09133312400,CX-TRX بانوان تک جلسه ای,150.000 تومان,19,99,بزرگسالان
باشگاه ورزشی اوتانا نجف آباد,آدرس: نجف آباد، خیابان امام خمینی، نبش خیابان فارابی,09133312400,CX-TRX بانوان 12 جلسه,1.000.000 تومان,9,12,دبستان2
باشگاه ورزشی اوتانا نجف آباد,آدرس: نجف آباد، خیابان امام خمینی، نبش خیابان فارابی,09133312400,CX-TRX بانوان 12 جلسه,1.000.000 تومان,12,15,متوسطه1
باشگاه ورزشی اوتانا نجف آباد,آدرس: نجف آباد، خیابان امام خمینی، نبش خیابان فارابی,09133312400,CX-TRX بانوان 12 جلسه,1.000.000 تومان,15,18,متوسطه2
باشگاه ورزشی اوتانا نجف آباد,آدرس: نجف آباد، خیابان امام خمینی، نبش خیابان فارابی,09133312400,CX-TRX بانوان 12 جلسه,1.000.000 تومان,19,99,بزرگسالان
باشگاه ورزشی اوتانا نجف آباد,آدرس: نجف آباد، خیابان امام خمینی، نبش خیابان فارابی,09133312400,ایروفیت بانوان تک جلسه ای,150.000 تومان,9,12,دبستان2
باشگاه ورزشی اوتانا نجف آباد,آدرس: نجف آباد، خیابان امام خمینی، نبش خیابان فارابی,09133312400,ایروفیت بانوان تک جلسه ای,150.000 تومان,12,15,متوسطه1
باشگاه ورزشی اوتانا نجف آباد,آدرس: نجف آباد، خیابان امام خمینی، نبش خیابان فارابی,09133312400,ایروفیت بانوان تک جلسه ای,150.000 تومان,15,18,متوسطه2
باشگاه ورزشی اوتانا نجف آباد,آدرس: نجف آباد، خیابان امام خمینی، نبش خیابان فارابی,09133312400,ایروفیت بانوان تک جلسه ای,150.000 تومان,19,99,بزرگسالان
باشگاه ورزشی اوتانا نجف آباد,آدرس: نجف آباد، خیابان امام خمینی، نبش خیابان فارابی,09133312400,ایروفیت بانوان 12 جلسه,1.000.000 تومان,9,12,دبستان2
باشگاه ورزشی اوتانا نجف آباد,آدرس: نجف آباد، خیابان امام خمینی، نبش خیابان فارابی,09133312400,ایروفیت بانوان 12 جلسه,1.000.000 تومان,12,15,متوسطه1
باشگاه ورزشی اوتانا نجف آباد,آدرس: نجف آباد، خیابان امام خمینی، نبش خیابان فارابی,09133312400,ایروفیت بانوان 12 جلسه,1.000.000 تومان,15,18,متوسطه2
باشگاه ورزشی اوتانا نجف آباد,آدرس: نجف آباد، خیابان امام خمینی، نبش خیابان فارابی,09133312400,ایروفیت بانوان 12 جلسه,1.000.000 تومان,19,99,بزرگسالان
باشگاه ورزشی اوتانا نجف آباد,آدرس: نجف آباد، خیابان امام خمینی، نبش خیابان فارابی,09133312400,کاردیوفیت بانوان تک جلسه ای,150.000 تومان,9,12,دبستان2
باشگاه ورزشی اوتانا نجف آباد,آدرس: نجف آباد، خیابان امام خمینی، نبش خیابان فارابی,09133312400,کاردیوفیت بانوان تک جلسه ای,150.000 تومان,12,15,متوسطه1
باشگاه ورزشی اوتانا نجف آباد,آدرس: نجف آباد، خیابان امام خمینی، نبش خیابان فارابی,09133312400,کاردیوفیت بانوان تک جلسه ای,150.000 تومان,15,18,متوسطه2
باشگاه ورزشی اوتانا نجف آباد,آدرس: نجف آباد، خیابان امام خمینی، نبش خیابان فارابی,09133312400,کاردیوفیت بانوان تک جلسه ای,150.000 تومان,19,99,بزرگسالان
باشگاه ورزشی اوتانا نجف آباد,آدرس: نجف آباد، خیابان امام خمینی، نبش خیابان فارابی,09133312400,کاردیوفیت بانوان 12 جلسه,1.000.000 تومان,9,12,دبستان2
باشگاه ورزشی اوتانا نجف آباد,آدرس: نجف آباد، خیابان امام خمینی، نبش خیابان فارابی,09133312400,کاردیوفیت بانوان 12 جلسه,1.000.000 تومان,12,15,متوسطه1
باشگاه ورزشی اوتانا نجف آباد,آدرس: نجف آباد، خیابان امام خمینی، نبش خیابان فارابی,09133312400,کاردیوفیت بانوان 12 جلسه,1.000.000 تومان,15,18,متوسطه2
باشگاه ورزشی اوتانا نجف آباد,آدرس: نجف آباد، خیابان امام خمینی، نبش خیابان فارابی,09133312400,کاردیوفیت بانوان 12 جلسه,1.000.000 تومان,19,99,بزرگسالان
باشگاه ورزشی اوتانا نجف آباد,آدرس: نجف آباد، خیابان امام خمینی، نبش خیابان فارابی,09133312400,حرکات اصلاحی بانوان تک جلسه ای,150.000 تومان,9,12,دبستان2
باشگاه ورزشی اوتانا نجف آباد,آدرس: نجف آباد، خیابان امام خمینی، نبش خیابان فارابی,09133312400,حرکات اصلاحی بانوان تک جلسه ای,150.000 تومان,12,15,متوسطه1
باشگاه ورزشی اوتانا نجف آباد,آدرس: نجف آباد، خیابان امام خمینی، نبش خیابان فارابی,09133312400,حرکات اصلاحی بانوان تک جلسه ای,150.000 تومان,15,18,متوسطه2
باشگاه ورزشی اوتانا نجف آباد,آدرس: نجف آباد، خیابان امام خمینی، نبش خیابان فارابی,09133312400,حرکات اصلاحی بانوان تک جلسه ای,150.000 تومان,19,99,بزرگسالان
باشگاه ورزشی اوتانا نجف آباد,آدرس: نجف آباد، خیابان امام خمینی، نبش خیابان فارابی,09133312400,حرکات اصلاحی بانوان 12 جلسه,1.000.000 تومان,9,12,دبستان2
باشگاه ورزشی اوتانا نجف آباد,آدرس: نجف آباد، خیابان امام خمینی، نبش خیابان فارابی,09133312400,حرکات اصلاحی بانوان 12 جلسه,1.000.000 تومان,12,15,متوسطه1
باشگاه ورزشی اوتانا نجف آباد,آدرس: نجف آباد، خیابان امام خمینی، نبش خیابان فارابی,09133312400,حرکات اصلاحی بانوان 12 جلسه,1.000.000 تومان,15,18,متوسطه2
باشگاه ورزشی اوتانا نجف آباد,آدرس: نجف آباد، خیابان امام خمینی، نبش خیابان فارابی,09133312400,حرکات اصلاحی بانوان 12 جلسه,1.000.000 تومان,19,99,بزرگسالان
باشگاه ورزشی اوتانا نجف آباد,آدرس: نجف آباد، خیابان امام خمینی، نبش خیابان فارابی,09133312400,جامپینگ بانوان تک جلسه ای,150.000 تومان,9,12,دبستان2
باشگاه ورزشی اوتانا نجف آباد,آدرس: نجف آباد، خیابان امام خمینی، نبش خیابان فارابی,09133312400,جامپینگ بانوان تک جلسه ای,150.000 تومان,12,15,متوسطه1
باشگاه ورزشی اوتانا نجف آباد,آدرس: نجف آباد، خیابان امام خمینی، نبش خیابان فارابی,09133312400,جامپینگ بانوان تک جلسه ای,150.000 تومان,15,18,متوسطه2
باشگاه ورزشی اوتانا نجف آباد,آدرس: نجف آباد، خیابان امام خمینی، نبش خیابان فارابی,09133312400,جامپینگ بانوان تک جلسه ای,150.000 تومان,19,99,بزرگسالان
باشگاه ورزشی اوتانا نجف آباد,آدرس: نجف آباد، خیابان امام خمینی، نبش خیابان فارابی,09133312400,جامپینگ بانوان 12 جلسه,1.000.000 تومان,9,12,دبستان2
باشگاه ورزشی اوتانا نجف آباد,آدرس: نجف آباد، خیابان امام خمینی، نبش خیابان فارابی,09133312400,جامپینگ بانوان 12 جلسه,1.000.000 تومان,12,15,متوسطه1
باشگاه ورزشی اوتانا نجف آباد,آدرس: نجف آباد، خیابان امام خمینی، نبش خیابان فارابی,09133312400,جامپینگ بانوان 12 جلسه,1.000.000 تومان,15,18,متوسطه2
باشگاه ورزشی اوتانا نجف آباد,آدرس: نجف آباد، خیابان امام خمینی، نبش خیابان فارابی,09133312400,جامپینگ بانوان 12 جلسه,1.000.000 تومان,19,99,بزرگسالان
باشگاه ورزشی اوتانا نجف آباد,آدرس: نجف آباد، خیابان امام خمینی، نبش خیابان فارابی,09133312400,CX و حرکات اصلاحی بانوان تک جلسه ای,150.000 تومان,9,12,دبستان2
باشگاه ورزشی اوتانا نجف آباد,آدرس: نجف آباد، خیابان امام خمینی، نبش خیابان فارابی,09133312400,CX و حرکات اصلاحی بانوان تک جلسه ای,150.000 تومان,12,15,متوسطه1
باشگاه ورزشی اوتانا نجف آباد,آدرس: نجف آباد، خیابان امام خمینی، نبش خیابان فارابی,09133312400,CX و حرکات اصلاحی بانوان تک جلسه ای,150.000 تومان,15,18,متوسطه2
باشگاه ورزشی اوتانا نجف آباد,آدرس: نجف آباد، خیابان امام خمینی، نبش خیابان فارابی,09133312400,CX و حرکات اصلاحی بانوان تک جلسه ای,150.000 تومان,19,99,بزرگسالان
باشگاه ورزشی اوتانا نجف آباد,آدرس: نجف آباد، خیابان امام خمینی، نبش خیابان فارابی,09133312400,CX و حرکات اصلاحی بانوان 12 جلسه,1.000.000 تومان,9,12,دبستان2
باشگاه ورزشی اوتانا نجف آباد,آدرس: نجف آباد، خیابان امام خمینی، نبش خیابان فارابی,09133312400,CX و حرکات اصلاحی بانوان 12 جلسه,1.000.000 تومان,12,15,متوسطه1
باشگاه ورزشی اوتانا نجف آباد,آدرس: نجف آباد، خیابان امام خمینی، نبش خیابان فارابی,09133312400,CX و حرکات اصلاحی بانوان 12 جلسه,1.000.000 تومان,15,18,متوسطه2
باشگاه ورزشی اوتانا نجف آباد,آدرس: نجف آباد، خیابان امام خمینی، نبش خیابان فارابی,09133312400,CX و حرکات اصلاحی بانوان 12 جلسه,1.000.000 تومان,19,99,بزرگسالان
باشگاه ورزشی اوتانا نجف آباد,آدرس: نجف آباد، خیابان امام خمینی، نبش خیابان فارابی,09133312400,TRX ترکیبی بانوان تک جلسه ای,150.000 تومان,9,12,دبستان2
باشگاه ورزشی اوتانا نجف آباد,آدرس: نجف آباد، خیابان امام خمینی، نبش خیابان فارابی,09133312400,TRX ترکیبی بانوان تک جلسه ای,150.000 تومان,12,15,متوسطه1
باشگاه ورزشی اوتانا نجف آباد,آدرس: نجف آباد، خیابان امام خمینی، نبش خیابان فارابی,09133312400,TRX ترکیبی بانوان تک جلسه ای,150.000 تومان,15,18,متوسطه2
باشگاه ورزشی اوتانا نجف آباد,آدرس: نجف آباد، خیابان امام خمینی، نبش خیابان فارابی,09133312400,TRX ترکیبی بانوان تک جلسه ای,150.000 تومان,19,99,بزرگسالان
باشگاه ورزشی اوتانا نجف آباد,آدرس: نجف آباد، خیابان امام خمینی، نبش خیابان فارابی,09133312400,TRX ترکیبی بانوان 12 جلسه,1.000.000 تومان,9,12,دبستان2
باشگاه ورزشی اوتانا نجف آباد,آدرس: نجف آباد، خیابان امام خمینی، نبش خیابان فارابی,09133312400,TRX ترکیبی بانوان 12 جلسه,1.000.000 تومان,12,15,متوسطه1
باشگاه ورزشی اوتانا نجف آباد,آدرس: نجف آباد، خیابان امام خمینی، نبش خیابان فارابی,09133312400,TRX ترکیبی بانوان 12 جلسه,1.000.000 تومان,15,18,متوسطه2
باشگاه ورزشی اوتانا نجف آباد,آدرس: نجف آباد، خیابان امام خمینی، نبش خیابان فارابی,09133312400,TRX ترکیبی بانوان 12 جلسه,1.000.000 تومان,19,99,بزرگسالان
باشگاه ورزشی اوتانا نجف آباد,آدرس: نجف آباد، خیابان امام خمینی، نبش خیابان فارابی,09133312400,فانکشنال بانوان تک جلسه ای,150.000 تومان,9,12,دبستان2
باشگاه ورزشی اوتانا نجف آباد,آدرس: نجف آباد، خیابان امام خمینی، نبش خیابان فارابی,09133312400,فانکشنال بانوان تک جلسه ای,150.000 تومان,12,15,متوسطه1
باشگاه ورزشی اوتانا نجف آباد,آدرس: نجف آباد، خیابان امام خمینی، نبش خیابان فارابی,09133312400,فانکشنال بانوان تک جلسه ای,150.000 تومان,15,18,متوسطه2
باشگاه ورزشی اوتانا نجف آباد,آدرس: نجف آباد، خیابان امام خمینی، نبش خیابان فارابی,09133312400,فانکشنال بانوان تک جلسه ای,150.000 تومان,19,99,بزرگسالان
باشگاه ورزشی اوتانا نجف آباد,آدرس: نجف آباد، خیابان امام خمینی، نبش خیابان فارابی,09133312400,فانکشنال بانوان 12 جلسه,1.000.000 تومان,9,12,دبستان2
باشگاه ورزشی اوتانا نجف آباد,آدرس: نجف آباد، خیابان امام خمینی، نبش خیابان فارابی,09133312400,فانکشنال بانوان 12 جلسه,1.000.000 تومان,12,15,متوسطه1
باشگاه ورزشی اوتانا نجف آباد,آدرس: نجف آباد، خیابان امام خمینی، نبش خیابان فارابی,09133312400,فانکشنال بانوان 12 جلسه,1.000.000 تومان,15,18,متوسطه2
باشگاه ورزشی اوتانا نجف آباد,آدرس: نجف آباد، خیابان امام خمینی، نبش خیابان فارابی,09133312400,فانکشنال بانوان 12 جلسه,1.000.000 تومان,19,99,بزرگسالان
باشگاه ورزشی اوتانا نجف آباد,آدرس: نجف آباد، خیابان امام خمینی، نبش خیابان فارابی,09133312400,ایروبیک CX بانوان تک جلسه ای,150.000 تومان,9,12,دبستان2
باشگاه ورزشی اوتانا نجف آباد,آدرس: نجف آباد، خیابان امام خمینی، نبش خیابان فارابی,09133312400,ایروبیک CX بانوان تک جلسه ای,150.000 تومان,12,15,متوسطه1
باشگاه ورزشی اوتانا نجف آباد,آدرس: نجف آباد، خیابان امام خمینی، نبش خیابان فارابی,09133312400,ایروبیک CX بانوان تک جلسه ای,150.000 تومان,15,18,متوسطه2
باشگاه ورزشی اوتانا نجف آباد,آدرس: نجف آباد، خیابان امام خمینی، نبش خیابان فارابی,09133312400,ایروبیک CX بانوان تک جلسه ای,150.000 تومان,19,99,بزرگسالان
باشگاه ورزشی اوتانا نجف آباد,آدرس: نجف آباد، خیابان امام خمینی، نبش خیابان فارابی,09133312400,ایروبیک CX  بانوان 12 جلسه,1.000.000 تومان,9,12,دبستان2
باشگاه ورزشی اوتانا نجف آباد,آدرس: نجف آباد، خیابان امام خمینی، نبش خیابان فارابی,09133312400,ایروبیک CX  بانوان 12 جلسه,1.000.000 تومان,12,15,متوسطه1
باشگاه ورزشی اوتانا نجف آباد,آدرس: نجف آباد، خیابان امام خمینی، نبش خیابان فارابی,09133312400,ایروبیک CX  بانوان 12 جلسه,1.000.000 تومان,15,18,متوسطه2
باشگاه ورزشی اوتانا نجف آباد,آدرس: نجف آباد، خیابان امام خمینی، نبش خیابان فارابی,09133312400,ایروبیک CX  بانوان 12 جلسه,1.000.000 تومان,19,99,بزرگسالان
آموزشگاه فنی و حرفه ای قله استوار 20 درصد,آدرس: خیابان ارباب، کوچه 2,09137062125,تحلیل بنیادی(مقدماتی و پیشرفته),8.500.000 تومان,19,99,بزرگسالان
آموزشگاه فنی و حرفه ای قله استوار 20 درصد,آدرس: خیابان ارباب، کوچه 2,09137062125,دوره مالی(رفتاری، روانشناسی و سرمایه گذاری),6.500.000 تومان,19,99,بزرگسالان
آموزشگاه فنی و حرفه ای قله استوار 20 درصد,آدرس: خیابان ارباب، کوچه 2,09137062125,مدیریت ریسک و سرمایه گذاری در بازارهای مالی,6.500.000 تومان,19,99,بزرگسالان
آموزشگاه فنی و حرفه ای قله استوار 20 درصد,آدرس: خیابان ارباب، کوچه 2,09137062125,ارزش گذاری سهام و اوراق,8.500.000 تومان,19,99,بزرگسالان
آموزشگاه فنی و حرفه ای قله استوار 20 درصد,آدرس: خیابان ارباب، کوچه 2,09137062125,تابلوخوانی بورس,5.500.000 تومان,19,99,بزرگسالان
آموزشگاه فنی و حرفه ای قله استوار 20 درصد,آدرس: خیابان ارباب، کوچه 2,09137062125,آشنایی با بورس و سهام بازار سرمایه,6.500.000 تومان,19,99,بزرگسالان
آموزشگاه فنی و حرفه ای قله استوار 20 درصد,آدرس: خیابان ارباب، کوچه 2,09137062125,مدیریت مالی برای مدیران غیرمالی,6.500.000 تومان,19,99,بزرگسالان
آموزشگاه فنی و حرفه ای قله استوار 20 درصد,آدرس: خیابان ارباب، کوچه 2,09137062125,MBA فشرده,24.500.000 تومان,19,99,بزرگسالان
آموزشگاه فنی و حرفه ای قله استوار 20 درصد,آدرس: خیابان ارباب، کوچه 2,09137062125,DBA فشرده,25.500.000 تومان,19,99,بزرگسالان
آموزشگاه فنی و حرفه ای قله استوار 20 درصد,آدرس: خیابان ارباب، کوچه 2,09137062125,اکسل برای مدیران مالی(مقدماتی),5.500.000 تومان,19,99,بزرگسالان
آموزشگاه فنی و حرفه ای قله استوار 20 درصد,آدرس: خیابان ارباب، کوچه 2,09137062125,سواد مالی(مقدماتی-فردی-خانوادگی),5.500.000 تومان,19,99,بزرگسالان
آموزشگاه فنی و حرفه ای قله استوار 20 درصد,آدرس: خیابان ارباب، کوچه 2,09137062125,سواد مالی و آموزش سرمایه گذاری,6.500.000 تومان,19,99,بزرگسالان
آموزشگاه فنی و حرفه ای قله استوار 20 درصد,آدرس: خیابان ارباب، کوچه 2,09137062125,مدیریت ارتباط با مشتری(CRM),6.500.000 تومان,19,99,بزرگسالان
آموزشگاه فنی و حرفه ای قله استوار 20 درصد,آدرس: خیابان ارباب، کوچه 2,09137062125,دوره ایده تا محصول فناورانه,4.500.000 تومان,19,99,بزرگسالان
آموزشگاه فنی و حرفه ای قله استوار 20 درصد,آدرس: خیابان ارباب، کوچه 2,09137062125,سیستم سازی کسب و کار(مقدماتی),5.500.000 تومان,19,99,بزرگسالان
آموزشگاه فنی و حرفه ای قله استوار 20 درصد,آدرس: خیابان ارباب، کوچه 2,09137062125,سیستم سازی کسب و کار(پیشرفته),18.500.000 تومان,19,99,بزرگسالان
آموزشگاه فنی و حرفه ای قله استوار 20 درصد,آدرس: خیابان ارباب، کوچه 2,09137062125,هنر خودمربیگری در کسب و کار,7.500.000 تومان,19,99,بزرگسالان
آموزشگاه فنی و حرفه ای قله استوار 20 درصد,آدرس: خیابان ارباب، کوچه 2,09137062125,بازاریابی صادراتی,5.500.000 تومان,19,99,بزرگسالان
آموزشگاه فنی و حرفه ای قله استوار 20 درصد,آدرس: خیابان ارباب، کوچه 2,09137062125,مبانی واردات و صادرات,8.500.000 تومان,19,99,بزرگسالان
آموزشگاه فنی و حرفه ای قله استوار 20 درصد,آدرس: خیابان ارباب، کوچه 2,09137062125,فن بیان و سخنوری,6.500.000 تومان,19,99,بزرگسالان
آموزشگاه فنی و حرفه ای قله استوار 20 درصد,آدرس: خیابان ارباب، کوچه 2,09137062125,زبان بدن,5.500.000 تومان,19,99,بزرگسالان
آموزشگاه فنی و حرفه ای قله استوار 20 درصد,آدرس: خیابان ارباب، کوچه 2,09137062125,کارآفرینی و مدیریت استارتاپ با کمک هوش مصنوعی,8.500.000 تومان,19,99,بزرگسالان
آموزشگاه فنی و حرفه ای قله استوار 20 درصد,آدرس: خیابان ارباب، کوچه 2,09137062125,هوش تجاری,6.500.000 تومان,19,99,بزرگسالان
آموزشگاه فنی و حرفه ای قله استوار 20 درصد,آدرس: خیابان ارباب، کوچه 2,09137062125,مدیریت فروش و اصول مذاکره,8.500.000 تومان,19,99,بزرگسالان
آموزشگاه فنی و حرفه ای قله استوار 20 درصد,آدرس: خیابان ارباب، کوچه 2,09137062125,مدیریت بازرگانی(مارکتینگ),8.500.000 تومان,19,99,بزرگسالان
آموزشگاه فنی و حرفه ای قله استوار 20 درصد,آدرس: خیابان ارباب، کوچه 2,09137062125,اکسل در داشبورد مدیریتی,7.500.000 تومان,19,99,بزرگسالان
آموزشگاه فنی و حرفه ای قله استوار 20 درصد,آدرس: خیابان ارباب، کوچه 2,09137062125,دیجیتال مارکتینگ,7.500.000 تومان,19,99,بزرگسالان
آموزشگاه فنی و حرفه ای قله استوار 20 درصد,آدرس: خیابان ارباب، کوچه 2,09137062125,تحلیل کسب و کار و R&D,7.500.000 تومان,19,99,بزرگسالان
آموزشگاه فنی و حرفه ای قله استوار 20 درصد,آدرس: خیابان ارباب، کوچه 2,09137062125,حسابداری مقدماتی و پیشرفته,7.500.000 تومان,19,99,بزرگسالان
آموزشگاه فنی و حرفه ای قله استوار 20 درصد,آدرس: خیابان ارباب، کوچه 2,09137062125,حسابداری حقوق و دستمزد(نرم افزار),9.500.000 تومان,19,99,بزرگسالان
آموزشگاه فنی و حرفه ای قله استوار 20 درصد,آدرس: خیابان ارباب، کوچه 2,09137062125,حسابداری مالیاتی,8.500.000 تومان,19,99,بزرگسالان
آموزشگاه فنی و حرفه ای قله استوار 20 درصد,آدرس: خیابان ارباب، کوچه 2,09137062125,مشاور مالیاتی,7.500.000 تومان,19,99,بزرگسالان
آموزشگاه فنی و حرفه ای قله استوار 20 درصد,آدرس: خیابان ارباب، کوچه 2,09137062125,آموزش نرم افزار حسابداری سپیدار,7.500.000 تومان,19,99,بزرگسالان
آموزشگاه فنی و حرفه ای قله استوار 20 درصد,آدرس: خیابان ارباب، کوچه 2,09137062125,آموزش نرم افزار حسابداری نوآوران,7.500.000 تومان,19,99,بزرگسالان
آموزشگاه فنی و حرفه ای قله استوار 20 درصد,آدرس: خیابان ارباب، کوچه 2,09137062125,آموزش نرم افزار حسابداری آساسیستم,7.500.000 تومان,19,99,بزرگسالان
آموزشگاه فنی و حرفه ای قله استوار 20 درصد,آدرس: خیابان ارباب، کوچه 2,09137062125,آموزش تئوری حسابداری و نرم افزار پارسیان,8.500.000 تومان,19,99,بزرگسالان
آموزشگاه فنی و حرفه ای قله استوار 20 درصد,آدرس: خیابان ارباب، کوچه 2,09137062125,اکسل ویژه حسابداری,7.500.000 تومان,19,99,بزرگسالان
آموزشگاه فنی و حرفه ای قله استوار 20 درصد,آدرس: خیابان ارباب، کوچه 2,09137062125,آموزش حسابرسی,6.500.000 تومان,19,99,بزرگسالان
آموزشگاه فنی و حرفه ای قله استوار 20 درصد,آدرس: خیابان ارباب، کوچه 2,09137062125,تنظیم و نگارش قراردادها,6.500.000 تومان,19,99,بزرگسالان
آموزشگاه فنی و حرفه ای قله استوار 20 درصد,آدرس: خیابان ارباب، کوچه 2,09137062125,دوره جامع حسابداری(از مبتدی تا بازار کار),27.500.000 تومان,19,99,بزرگسالان
آموزشگاه فنی و حرفه ای قله استوار 20 درصد,آدرس: خیابان ارباب، کوچه 2,09137062125,سیستم اطلاعات MIS,7.500.000 تومان,19,99,بزرگسالان
آموزشگاه فنی و حرفه ای قله استوار 20 درصد,آدرس: خیابان ارباب، کوچه 2,09137062125,اصول لجستیک و زنجیره تامین(SCM),8.500.000 تومان,19,99,بزرگسالان
آموزشگاه فنی و حرفه ای قله استوار 20 درصد,آدرس: خیابان ارباب، کوچه 2,09137062125,مدیریت کیفیت(ISO 9001),9.500.000 تومان,19,99,بزرگسالان
آموزشگاه فنی و حرفه ای قله استوار 20 درصد,آدرس: خیابان ارباب، کوچه 2,09137062125,برنامه نویسی پایتون,12.500.000 تومان,19,99,بزرگسالان
آموزشگاه فنی و حرفه ای قله استوار 20 درصد,آدرس: خیابان ارباب، کوچه 2,09137062125,برنامه نویسی پایتون,9.500.000 تومان,19,99,بزرگسالان
آموزشگاه فنی و حرفه ای قله استوار 20 درصد,آدرس: خیابان ارباب، کوچه 2,09137062125,نرم افزار گمز,12.500.000 تومان,19,99,بزرگسالان
آموزشگاه فنی و حرفه ای قله استوار 20 درصد,آدرس: خیابان ارباب، کوچه 2,09137062125,نرم افزار متلب,12.500.000 تومان,19,99,بزرگسالان
آموزشگاه فنی و حرفه ای قله استوار 20 درصد,آدرس: خیابان ارباب، کوچه 2,09137062125,نرم افزار SPSS,7.500.000 تومان,19,99,بزرگسالان
آموزشگاه فنی و حرفه ای قله استوار 20 درصد,آدرس: خیابان ارباب، کوچه 2,09137062125,نرم افزار مینی تب,9.500.000 تومان,19,99,بزرگسالان
آموزشگاه فنی و حرفه ای قله استوار 20 درصد,آدرس: خیابان ارباب، کوچه 2,09137062125,مدیریت منابع انسانی کاربردی,6.500.000 تومان,19,99,بزرگسالان
آموزشگاه فنی و حرفه ای قله استوار 20 درصد,آدرس: خیابان ارباب، کوچه 2,09137062125,اصول 5S و بهره وری,6.500.000 تومان,19,99,بزرگسالان
آموزشگاه فنی و حرفه ای قله استوار 20 درصد,آدرس: خیابان ارباب، کوچه 2,09137062125,برنامه نویسی تولید,7.500.000 تومان,19,99,بزرگسالان
آموزشگاه فنی و حرفه ای قله استوار 20 درصد,آدرس: خیابان ارباب، کوچه 2,09137062125,تحلیل سیستم ها,7.500.000 تومان,19,99,بزرگسالان
آموزشگاه فنی و حرفه ای قله استوار 20 درصد,آدرس: خیابان ارباب، کوچه 2,09137062125,اکسل برای گروه مهندسی صنایع,7.500.000 تومان,19,99,بزرگسالان
آموزشگاه فنی و حرفه ای قله استوار 20 درصد,آدرس: خیابان ارباب، کوچه 2,09137062125,اکسل برای برنامه ریزی و کنترل پروژه,7.500.000 تومان,19,99,بزرگسالان
آموزشگاه فنی و حرفه ای قله استوار 20 درصد,آدرس: خیابان ارباب، کوچه 2,09137062125,HSE Plan,4.500.000 تومان,19,99,بزرگسالان
آموزشگاه فنی و حرفه ای قله استوار 20 درصد,آدرس: خیابان ارباب، کوچه 2,09137062125,PMBOK,12.500.000 تومان,19,99,بزرگسالان
آموزشگاه فنی و حرفه ای قله استوار 20 درصد,آدرس: خیابان ارباب، کوچه 2,09137062125,تحلیل ریسک با نرم افزار پریماورا,8.500.000 تومان,19,99,بزرگسالان
آموزشگاه فنی و حرفه ای قله استوار 20 درصد,آدرس: خیابان ارباب، کوچه 2,09137062125,COMFAR,8.500.000 تومان,19,99,بزرگسالان
آموزشگاه فنی و حرفه ای قله استوار 20 درصد,آدرس: خیابان ارباب، کوچه 2,09137062125,پریماورا P6 (مقدماتی و پیشرفته),14.500.000 تومان,19,99,بزرگسالان
آموزشگاه فنی و حرفه ای قله استوار 20 درصد,آدرس: خیابان ارباب، کوچه 2,09137062125,MS-Project (مقدماتی و پیشرفته),12.900.000 تومان,19,99,بزرگسالان
آموزشگاه فنی و حرفه ای قله استوار 20 درصد,آدرس: خیابان ارباب، کوچه 2,09137062125,EPC,7.500.000 تومان,19,99,بزرگسالان
آموزشگاه فنی و حرفه ای قله استوار 20 درصد,آدرس: خیابان ارباب، کوچه 2,09137062125,AutoCad الکتریکال,8.500.000 تومان,19,99,بزرگسالان
آموزشگاه فنی و حرفه ای قله استوار 20 درصد,آدرس: خیابان ارباب، کوچه 2,09137062125,برنامه نویسی PLC,9.500.000 تومان,19,99,بزرگسالان
آموزشگاه فنی و حرفه ای قله استوار 20 درصد,آدرس: خیابان ارباب، کوچه 2,09137062125,MATLAB Simulink,9.500.000 تومان,19,99,بزرگسالان
آموزشگاه فنی و حرفه ای قله استوار 20 درصد,آدرس: خیابان ارباب، کوچه 2,09137062125,Network+,7.500.000 تومان,19,99,بزرگسالان
آموزشگاه فنی و حرفه ای قله استوار 20 درصد,آدرس: خیابان ارباب، کوچه 2,09137062125,Security+,7.500.000 تومان,19,99,بزرگسالان
آموزشگاه فنی و حرفه ای قله استوار 20 درصد,آدرس: خیابان ارباب، کوچه 2,09137062125,CCNA,12.500.000 تومان,19,99,بزرگسالان
آموزشگاه فنی و حرفه ای قله استوار 20 درصد,آدرس: خیابان ارباب، کوچه 2,09137062125,CCNP,14.500.000 تومان,19,99,بزرگسالان
آموزشگاه فنی و حرفه ای قله استوار 20 درصد,آدرس: خیابان ارباب، کوچه 2,09137062125,Linux,8.500.000 تومان,19,99,بزرگسالان
آموزشگاه فنی و حرفه ای قله استوار 20 درصد,آدرس: خیابان ارباب، کوچه 2,09137062125,وایرلس,8.500.000 تومان,19,99,بزرگسالان
آموزشگاه فنی و حرفه ای قله استوار 20 درصد,آدرس: خیابان ارباب، کوچه 2,09137062125,نصب سیستم های امنیتی مقدماتی,6.500.000 تومان,19,99,بزرگسالان
آموزشگاه فنی و حرفه ای قله استوار 20 درصد,آدرس: خیابان ارباب، کوچه 2,09137062125,نصب سیستم های امنیتی پیشرفته,7.500.000 تومان,19,99,بزرگسالان
آموزشگاه فنی و حرفه ای قله استوار 20 درصد,آدرس: خیابان ارباب، کوچه 2,09137062125,مدیریت شبکه های ماکروسافت ویندوز,10.500.000 تومان,19,99,بزرگسالان
آموزشگاه فنی و حرفه ای قله استوار 20 درصد,آدرس: خیابان ارباب، کوچه 2,09137062125,پیکربندی و مدیریت میکروتیک,8.500.000 تومان,19,99,بزرگسالان
آموزشگاه فنی و حرفه ای قله استوار 20 درصد,آدرس: خیابان ارباب، کوچه 2,09137062125,مجازی سازی سرور با Vmware,9.500.000 تومان,19,99,بزرگسالان
آموزشگاه فنی و حرفه ای قله استوار 20 درصد,آدرس: خیابان ارباب، کوچه 2,09137062125,استقرار فایروال و مدیریت امنیت شبکه,8.500.000 تومان,19,99,بزرگسالان
آموزشگاه فنی و حرفه ای قله استوار 20 درصد,آدرس: خیابان ارباب، کوچه 2,09137062125,استقرار تلفن اینترنتی(Voip),8.500.000 تومان,19,99,بزرگسالان
آموزشگاه فنی و حرفه ای قله استوار 20 درصد,آدرس: خیابان ارباب، کوچه 2,09137062125,سیستم های امنیت تصویری,7.500.000 تومان,19,99,بزرگسالان
آموزشگاه فنی و حرفه ای قله استوار 20 درصد,آدرس: خیابان ارباب، کوچه 2,09137062125,سیستم های امنیتی Genetec,7.500.000 تومان,19,99,بزرگسالان
آموزشگاه فنی و حرفه ای قله استوار 20 درصد,آدرس: خیابان ارباب، کوچه 2,09137062125,ICDL سطح 1,5.500.000 تومان,19,99,بزرگسالان
آموزشگاه فنی و حرفه ای قله استوار 20 درصد,آدرس: خیابان ارباب، کوچه 2,09137062125,ICDL سطح 2,7.500.000 تومان,19,99,بزرگسالان
آموزشگاه فنی و حرفه ای قله استوار 20 درصد,آدرس: خیابان ارباب، کوچه 2,09137062125,Excel,8.500.000 تومان,19,99,بزرگسالان
آموزشگاه فنی و حرفه ای قله استوار 20 درصد,آدرس: خیابان ارباب، کوچه 2,09137062125,Word,5.500.000 تومان,19,99,بزرگسالان
آموزشگاه فنی و حرفه ای قله استوار 20 درصد,آدرس: خیابان ارباب، کوچه 2,09137062125,PowerPoint,5.500.000 تومان,19,99,بزرگسالان
آموزشگاه فنی و حرفه ای قله استوار 20 درصد,آدرس: خیابان ارباب، کوچه 2,09137062125,فوتوشاپ مقدماتی,7.500.000 تومان,19,99,بزرگسالان
آموزشگاه فنی و حرفه ای قله استوار 20 درصد,آدرس: خیابان ارباب، کوچه 2,09137062125,فوتوشاپ پیشرفته,7.500.000 تومان,19,99,بزرگسالان
آموزشگاه فنی و حرفه ای قله استوار 20 درصد,آدرس: خیابان ارباب، کوچه 2,09137062125,طراحی وبسایت,8.500.000 تومان,19,99,بزرگسالان
آموزشگاه فنی و حرفه ای قله استوار 20 درصد,آدرس: خیابان ارباب، کوچه 2,09137062125,برنامه نویسی اندروید,12.500.000 تومان,19,99,بزرگسالان
آموزشگاه فنی و حرفه ای قله استوار 20 درصد,آدرس: خیابان ارباب، کوچه 2,09137062125,طراحی وب با CSS و HTML,8.500.000 تومان,19,99,بزرگسالان
آموزشگاه فنی و حرفه ای قله استوار 20 درصد,آدرس: خیابان ارباب، کوچه 2,09137062125,اتوماسیون و یکپارچه سازی فرآیندها با N&N,10.500.000 تومان,19,99,بزرگسالان
آموزشگاه فنی و حرفه ای قله استوار 20 درصد,آدرس: خیابان ارباب، کوچه 2,09137062125,برنامه نویسی با JavaScript,7.500.000 تومان,19,99,بزرگسالان
آموزشگاه فنی و حرفه ای قله استوار 20 درصد,آدرس: خیابان ارباب، کوچه 2,09137062125,طراحی و مدیریت سایت با WordPress,7.500.000 تومان,19,99,بزرگسالان
آموزشگاه فنی و حرفه ای قله استوار 20 درصد,آدرس: خیابان ارباب، کوچه 2,09137062125,توسعه بک اند با Node.js,8.500.000 تومان,19,99,بزرگسالان
آموزشگاه فنی و حرفه ای قله استوار 20 درصد,آدرس: خیابان ارباب، کوچه 2,09137062125,توسعه فرانت اند با React,11.500.000 تومان,19,99,بزرگسالان
آموزشگاه فنی و حرفه ای قله استوار 20 درصد,آدرس: خیابان ارباب، کوچه 2,09137062125,برنامه جامع مهارت های کامپیوتری,26.500.000 تومان,19,99,بزرگسالان
آموزشگاه فنی و حرفه ای قله استوار 20 درصد,آدرس: خیابان ارباب، کوچه 2,09137062125,ETABS,12.150.000 تومان,19,99,بزرگسالان
آموزشگاه فنی و حرفه ای قله استوار 20 درصد,آدرس: خیابان ارباب، کوچه 2,09137062125,SAFE,9.900.000 تومان,19,99,بزرگسالان
آموزشگاه فنی و حرفه ای قله استوار 20 درصد,آدرس: خیابان ارباب، کوچه 2,09137062125,AutoCad برای مهندسی عمران,9.500.000 تومان,19,99,بزرگسالان
آموزشگاه فنی و حرفه ای قله استوار 20 درصد,آدرس: خیابان ارباب، کوچه 2,09137062125,متره و برآورد,12.150.000 تومان,19,99,بزرگسالان
آموزشگاه فنی و حرفه ای قله استوار 20 درصد,آدرس: خیابان ارباب، کوچه 2,09137062125,امور قراردادها(عمران),6.500.000 تومان,19,99,بزرگسالان
آموزشگاه فنی و حرفه ای قله استوار 20 درصد,آدرس: خیابان ارباب، کوچه 2,09137062125,نرم افزار Tadbir,12.200.000 تومان,19,99,بزرگسالان
آموزشگاه فنی و حرفه ای قله استوار 20 درصد,آدرس: خیابان ارباب، کوچه 2,09137062125,نرم افزار Tekla,12.200.000 تومان,19,99,بزرگسالان
آموزشگاه فنی و حرفه ای قله استوار 20 درصد,آدرس: خیابان ارباب، کوچه 2,09137062125,نرم افزار Tadkaar,12.200.000 تومان,19,99,بزرگسالان
آموزشگاه فنی و حرفه ای قله استوار 20 درصد,آدرس: خیابان ارباب، کوچه 2,09137062125,اکسل برای مهندسی عمران,7.500.000 تومان,19,99,بزرگسالان
آموزشگاه فنی و حرفه ای قله استوار 20 درصد,آدرس: خیابان ارباب، کوچه 2,09137062125,نقشه خوانی سازه و معماری,7.500.000 تومان,19,99,بزرگسالان
آموزشگاه فنی و حرفه ای قله استوار 20 درصد,آدرس: خیابان ارباب، کوچه 2,09137062125,دوره جامع مهندسی عمران,35.500.000 تومان,19,99,بزرگسالان
آموزشگاه فنی و حرفه ای قله استوار 20 درصد,آدرس: خیابان ارباب، کوچه 2,09137062125,هوش مصنوعی و ترفند بازار کار,9.500.000 تومان,19,99,بزرگسالان
آموزشگاه فنی و حرفه ای قله استوار 20 درصد,آدرس: خیابان ارباب، کوچه 2,09137062125,دوره نظام مهندسی طراحی,12.500.000 تومان,19,99,بزرگسالان
آموزشگاه فنی و حرفه ای قله استوار 20 درصد,آدرس: خیابان ارباب، کوچه 2,09137062125,دوره نظام مهندسی اجرا,11.000.000 تومان,19,99,بزرگسالان
آموزشگاه فنی و حرفه ای قله استوار 20 درصد,آدرس: خیابان ارباب، کوچه 2,09137062125,دوره نظام مهندسی نظارت,11.500.000 تومان,19,99,بزرگسالان
آموزشگاه فنی و حرفه ای قله استوار 20 درصد,آدرس: خیابان ارباب، کوچه 2,09137062125,نقشه کشی(مقدماتی و پیشرفته),12.500.000 تومان,19,99,بزرگسالان
آموزشگاه فنی و حرفه ای قله استوار 20 درصد,آدرس: خیابان ارباب، کوچه 2,09137062125,اکسل برای معماری,7.500.000 تومان,19,99,بزرگسالان
آموزشگاه فنی و حرفه ای قله استوار 20 درصد,آدرس: خیابان ارباب، کوچه 2,09137062125,طراحی داخلی,12.500.000 تومان,19,99,بزرگسالان
آموزشگاه فنی و حرفه ای قله استوار 20 درصد,آدرس: خیابان ارباب، کوچه 2,09137062125,فوتوشاپ معماری,7.500.000 تومان,19,99,بزرگسالان
آموزشگاه فنی و حرفه ای قله استوار 20 درصد,آدرس: خیابان ارباب، کوچه 2,09137062125,Lumion,9.500.000 تومان,19,99,بزرگسالان
آموزشگاه فنی و حرفه ای قله استوار 20 درصد,آدرس: خیابان ارباب، کوچه 2,09137062125,Corona Render,9.500.000 تومان,19,99,بزرگسالان
آموزشگاه فنی و حرفه ای قله استوار 20 درصد,آدرس: خیابان ارباب، کوچه 2,09137062125,V-Ray,9.500.000 تومان,19,99,بزرگسالان
آموزشگاه فنی و حرفه ای قله استوار 20 درصد,آدرس: خیابان ارباب، کوچه 2,09137062125,Revit,12.200.000 تومان,19,99,بزرگسالان
آموزشگاه فنی و حرفه ای قله استوار 20 درصد,آدرس: خیابان ارباب، کوچه 2,09137062125,3ds Max,9.200.000 تومان,19,99,بزرگسالان
آموزشگاه فنی و حرفه ای قله استوار 20 درصد,آدرس: خیابان ارباب، کوچه 2,09137062125,AutoCad,9.500.000 تومان,19,99,بزرگسالان
آموزشگاه فنی و حرفه ای قله استوار 20 درصد,آدرس: خیابان ارباب، کوچه 2,09137062125,دوره جامع معماری,35.500.000 تومان,19,99,بزرگسالان
آموزشگاه فنی و حرفه ای قله استوار 20 درصد,آدرس: خیابان ارباب، کوچه 2,09137062125,اصول ثبت اختراع و مالکیت معنوی,4.500.000 تومان,19,99,بزرگسالان
آموزشگاه فنی و حرفه ای قله استوار 20 درصد,آدرس: خیابان ارباب، کوچه 2,09137062125,رزومه نویسی,4.500.000 تومان,19,99,بزرگسالان
آموزشگاه فنی و حرفه ای قله استوار 20 درصد,آدرس: خیابان ارباب، کوچه 2,09137062125,مقاله نویسی (مقدماتی),6.500.000 تومان,19,99,بزرگسالان
آموزشگاه فنی و حرفه ای قله استوار 20 درصد,آدرس: خیابان ارباب، کوچه 2,09137062125,مقاله نویسی (پیشرفته),7.500.000 تومان,19,99,بزرگسالان
آموزشگاه فنی و حرفه ای قله استوار 20 درصد,آدرس: خیابان ارباب، کوچه 2,09137062125,فروش آنلاین طلا بدون سرمایه,12.500.000 تومان,19,99,بزرگسالان
آموزشگاه فنی و حرفه ای قله استوار 20 درصد,آدرس: خیابان ارباب، کوچه 2,09137062125,فروشندگی طلا با سرمایه گذاری,14.500.000 تومان,19,99,بزرگسالان
استخر قصر موج,آدرس: خانه اصفهان، میدان ماه فرخی، خیابان ماه فرخی,03134343461,سانس استخر,150.000 تومان,9,12,دبستان2
استخر قصر موج,آدرس: خانه اصفهان، میدان ماه فرخی، خیابان ماه فرخی,03134343461,سانس استخر,150.000 تومان,12,15,متوسطه1
استخر قصر موج,آدرس: خانه اصفهان، میدان ماه فرخی، خیابان ماه فرخی,03134343461,سانس استخر,150.000 تومان,15,18,متوسطه2
استخر قصر موج,آدرس: خانه اصفهان، میدان ماه فرخی، خیابان ماه فرخی,03134343461,سانس استخر,150.000 تومان,19,99,بزرگسالان
موسسه آموزشی تکین,آدرس: خیابان آبشار اول، روبروی خانه هنرمندان,03136624957-09131008133,ریاضی(پایه اول),6.220.000 تومان,6,9,دبستان1
موسسه آموزشی تکین,آدرس: خیابان آبشار اول، روبروی خانه هنرمندان,03136624957-09131008133,هوش و استعداد ریاضی(پایه چهارم),6.950.000 تومان,9,12,دبستان2
موسسه آموزشی تکین,آدرس: خیابان آبشار اول، روبروی خانه هنرمندان,03136624957-09131008133,ریاضی(پایه هفتم),5.790.000 تومان,12,15,متوسطه1
موسسه آموزشی تکین,آدرس: خیابان آبشار اول، روبروی خانه هنرمندان,03136624957-09131008133,ریاضی(پایه دهم),5.580.000 تومان,15,18,متوسطه2
موسسه آموزشی تکین,آدرس: خیابان آبشار اول، روبروی خانه هنرمندان,03136624957-09131008133,ریاضی(پایه اول),7.290.000 تومان,6,9,دبستان1
موسسه آموزشی تکین,آدرس: خیابان آبشار اول، روبروی خانه هنرمندان,03136624957-09131008133,ادبیات و هوش کلامی(پایه چهارم),6.950.000 تومان,9,12,دبستان2
موسسه آموزشی تکین,آدرس: خیابان آبشار اول، روبروی خانه هنرمندان,03136624957-09131008133,فیزیک(پایه هفتم),8.840.000 تومان,12,15,متوسطه1
موسسه آموزشی تکین,آدرس: خیابان آبشار اول، روبروی خانه هنرمندان,03136624957-09131008133,هندسه(پایه دهم),8.840.000 تومان,15,18,متوسطه2
موسسه آموزشی تکین,آدرس: خیابان آبشار اول، روبروی خانه هنرمندان,03136624957-09131008133,فارسی(پایه اول),6.220.000 تومان,6,9,دبستان1
موسسه آموزشی تکین,آدرس: خیابان آبشار اول، روبروی خانه هنرمندان,03136624957-09131008133,ریاضی(پایه چهارم),10.420.000 تومان,9,12,دبستان2
موسسه آموزشی تکین,آدرس: خیابان آبشار اول، روبروی خانه هنرمندان,03136624957-09131008133,فیزیک(پایه هفتم),5.790.000 تومان,12,15,متوسطه1
موسسه آموزشی تکین,آدرس: خیابان آبشار اول، روبروی خانه هنرمندان,03136624957-09131008133,فیزیک(پایه دهم),15.690.000 تومان,15,18,متوسطه2
موسسه آموزشی تکین,آدرس: خیابان آبشار اول، روبروی خانه هنرمندان,03136624957-09131008133,فارسی(پایه اول),7.290.000 تومان,6,9,دبستان1
موسسه آموزشی تکین,آدرس: خیابان آبشار اول، روبروی خانه هنرمندان,03136624957-09131008133,ریاضی(پایه چهارم),9.260.000 تومان,9,12,دبستان2
موسسه آموزشی تکین,آدرس: خیابان آبشار اول، روبروی خانه هنرمندان,03136624957-09131008133,شیمی(پایه هفتم),8.840.000 تومان,12,15,متوسطه1
موسسه آموزشی تکین,آدرس: خیابان آبشار اول، روبروی خانه هنرمندان,03136624957-09131008133,فیزیک(پایه دهم),16.210.000 تومان,15,18,متوسطه2
موسسه آموزشی تکین,آدرس: خیابان آبشار اول، روبروی خانه هنرمندان,03136624957-09131008133,هوش و استعداد تحصیلی(پایه دوم),6.220.000 تومان,6,9,دبستان1
موسسه آموزشی تکین,آدرس: خیابان آبشار اول، روبروی خانه هنرمندان,03136624957-09131008133,علوم(پایه چهارم),6.950.000 تومان,9,12,دبستان2
موسسه آموزشی تکین,آدرس: خیابان آبشار اول، روبروی خانه هنرمندان,03136624957-09131008133,شیمی(پایه هفتم),5.790.000 تومان,12,15,متوسطه1
موسسه آموزشی تکین,آدرس: خیابان آبشار اول، روبروی خانه هنرمندان,03136624957-09131008133,فیزیک(پایه دهم),7.260.000 تومان,15,18,متوسطه2
موسسه آموزشی تکین,آدرس: خیابان آبشار اول، روبروی خانه هنرمندان,03136624957-09131008133,هوش کلامی(پایه دوم),6.220.000 تومان,6,9,دبستان1
موسسه آموزشی تکین,آدرس: خیابان آبشار اول، روبروی خانه هنرمندان,03136624957-09131008133,المپیاد ریاضی(پایه چهارم),2.500.000 تومان,9,12,دبستان2
موسسه آموزشی تکین,آدرس: خیابان آبشار اول، روبروی خانه هنرمندان,03136624957-09131008133,زیست شناسی(پایه هفتم),6.000.000 تومان,12,15,متوسطه1
موسسه آموزشی تکین,آدرس: خیابان آبشار اول، روبروی خانه هنرمندان,03136624957-09131008133,شیمی(پایه دهم),16.740.000 تومان,15,18,متوسطه2
موسسه آموزشی تکین,آدرس: خیابان آبشار اول، روبروی خانه هنرمندان,03136624957-09131008133,ریاضی(پایه دوم),6.220.000 تومان,6,9,دبستان1
موسسه آموزشی تکین,آدرس: خیابان آبشار اول، روبروی خانه هنرمندان,03136624957-09131008133,هوش و استعداد تحصیلی(پایه پنجم),6.950.000 تومان,9,12,دبستان2
موسسه آموزشی تکین,آدرس: خیابان آبشار اول، روبروی خانه هنرمندان,03136624957-09131008133,ادبیات(پایه هفتم),4.100.000 تومان,12,15,متوسطه1
موسسه آموزشی تکین,آدرس: خیابان آبشار اول، روبروی خانه هنرمندان,03136624957-09131008133,شیمی(پایه دهم),7.260.000 تومان,15,18,متوسطه2
موسسه آموزشی تکین,آدرس: خیابان آبشار اول، روبروی خانه هنرمندان,03136624957-09131008133,ریاضی(پایه دوم),7.290.000 تومان,6,9,دبستان1
موسسه آموزشی تکین,آدرس: خیابان آبشار اول، روبروی خانه هنرمندان,03136624957-09131008133,ادبیات و هوش کلامی(پایه پنجم),9.260.000 تومان,9,12,دبستان2
موسسه آموزشی تکین,آدرس: خیابان آبشار اول، روبروی خانه هنرمندان,03136624957-09131008133,عربی(پایه هفتم),6.000.000 تومان,12,15,متوسطه1
موسسه آموزشی تکین,آدرس: خیابان آبشار اول، روبروی خانه هنرمندان,03136624957-09131008133,شیمی(پایه دهم),15.690.000 تومان,15,18,متوسطه2
موسسه آموزشی تکین,آدرس: خیابان آبشار اول، روبروی خانه هنرمندان,03136624957-09131008133,هوش و استعداد تحصیلی(پایه سوم),6.950.000 تومان,6,9,دبستان1
موسسه آموزشی تکین,آدرس: خیابان آبشار اول، روبروی خانه هنرمندان,03136624957-09131008133,ریاضی(پایه پنجم),6.950.000 تومان,9,12,دبستان2
موسسه آموزشی تکین,آدرس: خیابان آبشار اول، روبروی خانه هنرمندان,03136624957-09131008133,زبان(پایه هفتم),4.100.000 تومان,12,15,متوسطه1
موسسه آموزشی تکین,آدرس: خیابان آبشار اول، روبروی خانه هنرمندان,03136624957-09131008133,زیست شناسی(پایه دهم),15.690.000 تومان,15,18,متوسطه2
موسسه آموزشی تکین,آدرس: خیابان آبشار اول، روبروی خانه هنرمندان,03136624957-09131008133,هوش کلامی(پایه سوم),6.950.000 تومان,6,9,دبستان1
موسسه آموزشی تکین,آدرس: خیابان آبشار اول، روبروی خانه هنرمندان,03136624957-09131008133,ریاضی(پایه پنجم),10.420.000 تومان,9,12,دبستان2
موسسه آموزشی تکین,آدرس: خیابان آبشار اول، روبروی خانه هنرمندان,03136624957-09131008133,ریاضی(پایه هشتم),8.840.000 تومان,12,15,متوسطه1
موسسه آموزشی تکین,آدرس: خیابان آبشار اول، روبروی خانه هنرمندان,03136624957-09131008133,زیست شناسی(پایه دهم),5.580.000 تومان,15,18,متوسطه2
موسسه آموزشی تکین,آدرس: خیابان آبشار اول، روبروی خانه هنرمندان,03136624957-09131008133,ریاضی(پایه سوم),10.420.000 تومان,6,9,دبستان1
موسسه آموزشی تکین,آدرس: خیابان آبشار اول، روبروی خانه هنرمندان,03136624957-09131008133,ریاضی(پایه پنجم),9.260.000 تومان,9,12,دبستان2
موسسه آموزشی تکین,آدرس: خیابان آبشار اول، روبروی خانه هنرمندان,03136624957-09131008133,ریاضی(پایه هشتم),10.420.000 تومان,12,15,متوسطه1
موسسه آموزشی تکین,آدرس: خیابان آبشار اول، روبروی خانه هنرمندان,03136624957-09131008133,ادبیات(پایه دهم),8.320.000 تومان,15,18,متوسطه2
موسسه آموزشی تکین,آدرس: خیابان آبشار اول، روبروی خانه هنرمندان,03136624957-09131008133,علوم(پایه پنجم),6.950.000 تومان,9,12,دبستان2
موسسه آموزشی تکین,آدرس: خیابان آبشار اول، روبروی خانه هنرمندان,03136624957-09131008133,ریاضی(پایه هشتم),6.210.000 تومان,12,15,متوسطه1
موسسه آموزشی تکین,آدرس: خیابان آبشار اول، روبروی خانه هنرمندان,03136624957-09131008133,عربی(پایه دهم),8.320.000 تومان,15,18,متوسطه2
موسسه آموزشی تکین,آدرس: خیابان آبشار اول، روبروی خانه هنرمندان,03136624957-09131008133,المپیاد ریاضی(پایه پنجم),2.500.000 تومان,9,12,دبستان2
موسسه آموزشی تکین,آدرس: خیابان آبشار اول، روبروی خانه هنرمندان,03136624957-09131008133,فیزیک(پایه هشتم),10.420.000 تومان,12,15,متوسطه1
موسسه آموزشی تکین,آدرس: خیابان آبشار اول، روبروی خانه هنرمندان,03136624957-09131008133,زبان(پایه دهم),8.320.000 تومان,15,18,متوسطه2
موسسه آموزشی تکین,آدرس: خیابان آبشار اول، روبروی خانه هنرمندان,03136624957-09131008133,هوش و استعداد تحصیلی(پایه ششم),7.800.000 تومان,9,12,دبستان2
موسسه آموزشی تکین,آدرس: خیابان آبشار اول، روبروی خانه هنرمندان,03136624957-09131008133,فیزیک(پایه هشتم),6.210.000 تومان,12,15,متوسطه1
موسسه آموزشی تکین,آدرس: خیابان آبشار اول، روبروی خانه هنرمندان,03136624957-09131008133,ریاضی(پایه یازدهم),16.740.000 تومان,15,18,متوسطه2
موسسه آموزشی تکین,آدرس: خیابان آبشار اول، روبروی خانه هنرمندان,03136624957-09131008133,هوش محاسباتی(پایه ششم),7.800.000 تومان,9,12,دبستان2
موسسه آموزشی تکین,آدرس: خیابان آبشار اول، روبروی خانه هنرمندان,03136624957-09131008133,شیمی(پایه هشتم),10.420.000 تومان,12,15,متوسطه1
موسسه آموزشی تکین,آدرس: خیابان آبشار اول، روبروی خانه هنرمندان,03136624957-09131008133,ریاضی(پایه یازدهم),7.260.000 تومان,15,18,متوسطه2
موسسه آموزشی تکین,آدرس: خیابان آبشار اول، روبروی خانه هنرمندان,03136624957-09131008133,هوش ترکیبی(پایه ششم),7.800.000 تومان,9,12,دبستان2
موسسه آموزشی تکین,آدرس: خیابان آبشار اول، روبروی خانه هنرمندان,03136624957-09131008133,شیمی(پایه هشتم),6.210.000 تومان,12,15,متوسطه1
موسسه آموزشی تکین,آدرس: خیابان آبشار اول، روبروی خانه هنرمندان,03136624957-09131008133,حسابان(پایه یازدهم),16.740.000 تومان,15,18,متوسطه2
موسسه آموزشی تکین,آدرس: خیابان آبشار اول، روبروی خانه هنرمندان,03136624957-09131008133,هوش و خلاقیت مرشد(پایه ششم),7.800.000 تومان,9,12,دبستان2
موسسه آموزشی تکین,آدرس: خیابان آبشار اول، روبروی خانه هنرمندان,03136624957-09131008133,زیست شناسی(پایه هشتم),7.260.000 تومان,12,15,متوسطه1
موسسه آموزشی تکین,آدرس: خیابان آبشار اول، روبروی خانه هنرمندان,03136624957-09131008133,حسابان(پایه یازدهم),7.260.000 تومان,15,18,متوسطه2
موسسه آموزشی تکین,آدرس: خیابان آبشار اول، روبروی خانه هنرمندان,03136624957-09131008133,هوش و استعداد ریاضی(پایه ششم),7.800.000 تومان,9,12,دبستان2
موسسه آموزشی تکین,آدرس: خیابان آبشار اول، روبروی خانه هنرمندان,03136624957-09131008133,زیست شناسی(پایه هشتم),6.000.000 تومان,12,15,متوسطه1
موسسه آموزشی تکین,آدرس: خیابان آبشار اول، روبروی خانه هنرمندان,03136624957-09131008133,هندسه(پایه یازدهم),9.370.000 تومان,15,18,متوسطه2
موسسه آموزشی تکین,آدرس: خیابان آبشار اول، روبروی خانه هنرمندان,03136624957-09131008133,هوش کلامی(پایه ششم),7.800.000 تومان,9,12,دبستان2
موسسه آموزشی تکین,آدرس: خیابان آبشار اول، روبروی خانه هنرمندان,03136624957-09131008133,ادبیات(پایه هشتم),4.095.000 تومان,12,15,متوسطه1
موسسه آموزشی تکین,آدرس: خیابان آبشار اول، روبروی خانه هنرمندان,03136624957-09131008133,فیزیک(پایه یازدهم),16.740.000 تومان,15,18,متوسطه2
موسسه آموزشی تکین,آدرس: خیابان آبشار اول، روبروی خانه هنرمندان,03136624957-09131008133,ادبیات(پایه ششم),7.800.000 تومان,9,12,دبستان2
موسسه آموزشی تکین,آدرس: خیابان آبشار اول، روبروی خانه هنرمندان,03136624957-09131008133,عربی(پایه هشتم),6.000.000 تومان,12,15,متوسطه1
موسسه آموزشی تکین,آدرس: خیابان آبشار اول، روبروی خانه هنرمندان,03136624957-09131008133,فیزیک(پایه یازدهم),7.260.000 تومان,15,18,متوسطه2
موسسه آموزشی تکین,آدرس: خیابان آبشار اول، روبروی خانه هنرمندان,03136624957-09131008133,ریاضی(پایه ششم),7.800.000 تومان,9,12,دبستان2
موسسه آموزشی تکین,آدرس: خیابان آبشار اول، روبروی خانه هنرمندان,03136624957-09131008133,زبان(پایه هشتم),4.100.000 تومان,12,15,متوسطه1
موسسه آموزشی تکین,آدرس: خیابان آبشار اول، روبروی خانه هنرمندان,03136624957-09131008133,شیمی(پایه یازدهم),16.740.000 تومان,15,18,متوسطه2
موسسه آموزشی تکین,آدرس: خیابان آبشار اول، روبروی خانه هنرمندان,03136624957-09131008133,ریاضی(پایه ششم),11.460.000 تومان,9,12,دبستان2
موسسه آموزشی تکین,آدرس: خیابان آبشار اول، روبروی خانه هنرمندان,03136624957-09131008133,ریاضی(پایه نهم),8.840.000 تومان,12,15,متوسطه1
موسسه آموزشی تکین,آدرس: خیابان آبشار اول، روبروی خانه هنرمندان,03136624957-09131008133,شیمی(پایه یازدهم),7.260.000 تومان,15,18,متوسطه2
موسسه آموزشی تکین,آدرس: خیابان آبشار اول، روبروی خانه هنرمندان,03136624957-09131008133,علوم(پایه ششم),7.800.000 تومان,9,12,دبستان2
موسسه آموزشی تکین,آدرس: خیابان آبشار اول، روبروی خانه هنرمندان,03136624957-09131008133,ریاضی(پایه نهم),10.420.000 تومان,12,15,متوسطه1
موسسه آموزشی تکین,آدرس: خیابان آبشار اول، روبروی خانه هنرمندان,03136624957-09131008133,زیست شناسی(پایه یازدهم),16.740.000 تومان,15,18,متوسطه2
موسسه آموزشی تکین,آدرس: خیابان آبشار اول، روبروی خانه هنرمندان,03136624957-09131008133,المپیاد ریاضی(پایه ششم),2.500.000 تومان,9,12,دبستان2
موسسه آموزشی تکین,آدرس: خیابان آبشار اول، روبروی خانه هنرمندان,03136624957-09131008133,ریاضی(پایه نهم),6.210.000 تومان,12,15,متوسطه1
موسسه آموزشی تکین,آدرس: خیابان آبشار اول، روبروی خانه هنرمندان,03136624957-09131008133,زیست شناسی(پایه یازدهم),7.260.000 تومان,15,18,متوسطه2
موسسه آموزشی تکین,آدرس: خیابان آبشار اول، روبروی خانه هنرمندان,03136624957-09131008133,فیزیک(پایه نهم),10.420.000 تومان,12,15,متوسطه1
موسسه آموزشی تکین,آدرس: خیابان آبشار اول، روبروی خانه هنرمندان,03136624957-09131008133,ادبیات(پایه یازدهم),8.320.000 تومان,15,18,متوسطه2
موسسه آموزشی تکین,آدرس: خیابان آبشار اول، روبروی خانه هنرمندان,03136624957-09131008133,فیزیک(پایه نهم),8.840.000 تومان,12,15,متوسطه1
موسسه آموزشی تکین,آدرس: خیابان آبشار اول، روبروی خانه هنرمندان,03136624957-09131008133,عربی(پایه یازدهم),8.320.000 تومان,15,18,متوسطه2
موسسه آموزشی تکین,آدرس: خیابان آبشار اول، روبروی خانه هنرمندان,03136624957-09131008133,فیزیک(پایه نهم),6.210.000 تومان,12,15,متوسطه1
موسسه آموزشی تکین,آدرس: خیابان آبشار اول، روبروی خانه هنرمندان,03136624957-09131008133,زبان(پایه یازدهم),8.320.000 تومان,15,18,متوسطه2
موسسه آموزشی تکین,آدرس: خیابان آبشار اول، روبروی خانه هنرمندان,03136624957-09131008133,شیمی(پایه نهم),10.420.000 تومان,12,15,متوسطه1
موسسه آموزشی تکین,آدرس: خیابان آبشار اول، روبروی خانه هنرمندان,03136624957-09131008133,ریاضی(پایه دوازدهم),16.740.000 تومان,15,18,متوسطه2
موسسه آموزشی تکین,آدرس: خیابان آبشار اول، روبروی خانه هنرمندان,03136624957-09131008133,شیمی(پایه نهم),11.580.000 تومان,12,15,متوسطه1
موسسه آموزشی تکین,آدرس: خیابان آبشار اول، روبروی خانه هنرمندان,03136624957-09131008133,ریاضی(پایه دوازدهم),7.260.000 تومان,15,18,متوسطه2
موسسه آموزشی تکین,آدرس: خیابان آبشار اول، روبروی خانه هنرمندان,03136624957-09131008133,شیمی(پایه نهم),5.790.000 تومان,12,15,متوسطه1
موسسه آموزشی تکین,آدرس: خیابان آبشار اول، روبروی خانه هنرمندان,03136624957-09131008133,حسابان(پایه دوازدهم),16.740.000 تومان,15,18,متوسطه2
موسسه آموزشی تکین,آدرس: خیابان آبشار اول، روبروی خانه هنرمندان,03136624957-09131008133,زیست شناسی(پایه نهم),7.260.000 تومان,12,15,متوسطه1
موسسه آموزشی تکین,آدرس: خیابان آبشار اول، روبروی خانه هنرمندان,03136624957-09131008133,حسابان(پایه دوازدهم),7.260.000 تومان,15,18,متوسطه2
موسسه آموزشی تکین,آدرس: خیابان آبشار اول، روبروی خانه هنرمندان,03136624957-09131008133,زیست شناسی(پایه نهم),6.000.000 تومان,12,15,متوسطه1
موسسه آموزشی تکین,آدرس: خیابان آبشار اول، روبروی خانه هنرمندان,03136624957-09131008133,هندسه(پایه دوازدهم),9.900.000 تومان,15,18,متوسطه2
موسسه آموزشی تکین,آدرس: خیابان آبشار اول، روبروی خانه هنرمندان,03136624957-09131008133,هوش و استعداد تحصیلی(پایه نهم),8.840.000 تومان,12,15,متوسطه1
موسسه آموزشی تکین,آدرس: خیابان آبشار اول، روبروی خانه هنرمندان,03136624957-09131008133,فیزیک(پایه دوازدهم),16.740.000 تومان,15,18,متوسطه2
موسسه آموزشی تکین,آدرس: خیابان آبشار اول، روبروی خانه هنرمندان,03136624957-09131008133,هوش و استعداد تحصیلی(پایه نهم),5.790.000 تومان,12,15,متوسطه1
موسسه آموزشی تکین,آدرس: خیابان آبشار اول، روبروی خانه هنرمندان,03136624957-09131008133,فیزیک(پایه دوازدهم),7.260.000 تومان,15,18,متوسطه2
موسسه آموزشی تکین,آدرس: خیابان آبشار اول، روبروی خانه هنرمندان,03136624957-09131008133,ادبیات و هوش کلامی(پایه نهم),8.840.000 تومان,12,15,متوسطه1
موسسه آموزشی تکین,آدرس: خیابان آبشار اول، روبروی خانه هنرمندان,03136624957-09131008133,شیمی(پایه دوازدهم),16.740.000 تومان,15,18,متوسطه2
موسسه آموزشی تکین,آدرس: خیابان آبشار اول، روبروی خانه هنرمندان,03136624957-09131008133,عربی(پایه نهم),6.000.000 تومان,12,15,متوسطه1
موسسه آموزشی تکین,آدرس: خیابان آبشار اول، روبروی خانه هنرمندان,03136624957-09131008133,شیمی(پایه دوازدهم),7.260.000 تومان,15,18,متوسطه2
موسسه آموزشی تکین,آدرس: خیابان آبشار اول، روبروی خانه هنرمندان,03136624957-09131008133,زبان(پایه نهم),4.100.000 تومان,12,15,متوسطه1
موسسه آموزشی تکین,آدرس: خیابان آبشار اول، روبروی خانه هنرمندان,03136624957-09131008133,زیست شناسی(پایه دوازدهم),16.740.000 تومان,15,18,متوسطه2
موسسه آموزشی تکین,آدرس: خیابان آبشار اول، روبروی خانه هنرمندان,03136624957-09131008133,ادبیات(پایه دوازدهم),8.295.000 تومان,15,18,متوسطه2
موسسه آموزشی تکین,آدرس: خیابان آبشار اول، روبروی خانه هنرمندان,03136624957-09131008133,عربی(پایه دوازدهم),8.295.000 تومان,15,18,متوسطه2
موسسه آموزشی تکین,آدرس: خیابان آبشار اول، روبروی خانه هنرمندان,03136624957-09131008133,زبان(پایه دوازدهم),8.320.000 تومان,15,18,متوسطه2
موسسه آموزشی تکین,آدرس: خیابان آبشار اول، روبروی خانه هنرمندان,03136624957-09131008133,زبان(پایه دوازدهم),7.260.000 تومان,15,18,متوسطه2
استخر شاهین خمینی شهر,آدرس: خمینی شهر، خیابان شریعتی شمالی، کوچه 94، استخر و تالار شاهین,03133629991-09131187291-09373818917,آموزش نیمه خصوصی شنا,4.000.000 تومان,6,9,دبستان1
استخر شاهین خمینی شهر,آدرس: خمینی شهر، خیابان شریعتی شمالی، کوچه 94، استخر و تالار شاهین,03133629991-09131187291-09373818917,آموزش نیمه خصوصی شنا,4.000.000 تومان,9,12,دبستان2
استخر شاهین خمینی شهر,آدرس: خمینی شهر، خیابان شریعتی شمالی، کوچه 94، استخر و تالار شاهین,03133629991-09131187291-09373818917,آموزش نیمه خصوصی شنا,4.000.000 تومان,12,15,متوسطه1
استخر شاهین خمینی شهر,آدرس: خمینی شهر، خیابان شریعتی شمالی، کوچه 94، استخر و تالار شاهین,03133629991-09131187291-09373818917,آموزش نیمه خصوصی شنا,4.000.000 تومان,15,18,متوسطه2
استخر شاهین خمینی شهر,آدرس: خمینی شهر، خیابان شریعتی شمالی، کوچه 94، استخر و تالار شاهین,03133629991-09131187291-09373818917,آموزش نیمه خصوصی شنا,4.000.000 تومان,19,99,بزرگسالان
استخر شاهین خمینی شهر,آدرس: خمینی شهر، خیابان شریعتی شمالی، کوچه 94، استخر و تالار شاهین,03133629991-09131187291-09373818917,آموزش عمومی شنا,3.000.000 تومان,6,9,دبستان1
استخر شاهین خمینی شهر,آدرس: خمینی شهر، خیابان شریعتی شمالی، کوچه 94، استخر و تالار شاهین,03133629991-09131187291-09373818917,آموزش عمومی شنا,3.000.000 تومان,9,12,دبستان2
استخر شاهین خمینی شهر,آدرس: خمینی شهر، خیابان شریعتی شمالی، کوچه 94، استخر و تالار شاهین,03133629991-09131187291-09373818917,آموزش عمومی شنا,3.000.000 تومان,12,15,متوسطه1
استخر شاهین خمینی شهر,آدرس: خمینی شهر، خیابان شریعتی شمالی، کوچه 94، استخر و تالار شاهین,03133629991-09131187291-09373818917,آموزش عمومی شنا,3.000.000 تومان,15,18,متوسطه2
استخر شاهین خمینی شهر,آدرس: خمینی شهر، خیابان شریعتی شمالی، کوچه 94، استخر و تالار شاهین,03133629991-09131187291-09373818917,آموزش عمومی شنا,3.000.000 تومان,19,99,بزرگسالان
باشگاه ورزشی شهدای مخابرات,آدرس: اصفهان، انتهای خیابان بی سیم شرقی,09131020810,آموزش بسکتبال پسران,1.900.000 تومان,9,12,دبستان2
باشگاه ورزشی شهدای مخابرات,آدرس: اصفهان، انتهای خیابان بی سیم شرقی,09131020810,آموزش بسکتبال پسران,1.900.000 تومان,12,15,متوسطه1
باشگاه ورزشی شهدای مخابرات,آدرس: اصفهان، انتهای خیابان بی سیم شرقی,09131020810,آموزش بسکتبال دختران,1.900.000 تومان,9,12,دبستان2
باشگاه ورزشی شهدای مخابرات,آدرس: اصفهان، انتهای خیابان بی سیم شرقی,09131020810,آموزش بسکتبال دختران,1.900.000 تومان,12,15,متوسطه1
خانه شطرنج اصفهان,آدرس: اتوبان چمران، خیابان محمدطاهر، خانه شطرنج اصفهان,03135685100,آموزش شطرنج متوسطه,850.000 تومان,6,9,دبستان1
خانه شطرنج اصفهان,آدرس: اتوبان چمران، خیابان محمدطاهر، خانه شطرنج اصفهان,03135685100,آموزش شطرنج متوسطه,850.000 تومان,9,12,دبستان2
خانه شطرنج اصفهان,آدرس: اتوبان چمران، خیابان محمدطاهر، خانه شطرنج اصفهان,03135685100,آموزش شطرنج متوسطه,850.000 تومان,12,15,متوسطه1
خانه شطرنج اصفهان,آدرس: اتوبان چمران، خیابان محمدطاهر، خانه شطرنج اصفهان,03135685100,آموزش شطرنج متوسطه,850.000 تومان,15,18,متوسطه2
خانه شطرنج اصفهان,آدرس: اتوبان چمران، خیابان محمدطاهر، خانه شطرنج اصفهان,03135685100,آموزش شطرنج متوسطه,850.000 تومان,19,99,بزرگسالان
خانه شطرنج اصفهان,آدرس: اتوبان چمران، خیابان محمدطاهر، خانه شطرنج اصفهان,03135685100,آموزش شطرنج پیشرفته,1.000.000 تومان,6,9,دبستان1
خانه شطرنج اصفهان,آدرس: اتوبان چمران، خیابان محمدطاهر، خانه شطرنج اصفهان,03135685100,آموزش شطرنج پیشرفته,1.000.000 تومان,9,12,دبستان2
خانه شطرنج اصفهان,آدرس: اتوبان چمران، خیابان محمدطاهر، خانه شطرنج اصفهان,03135685100,آموزش شطرنج پیشرفته,1.000.000 تومان,12,15,متوسطه1
خانه شطرنج اصفهان,آدرس: اتوبان چمران، خیابان محمدطاهر، خانه شطرنج اصفهان,03135685100,آموزش شطرنج پیشرفته,1.000.000 تومان,15,18,متوسطه2
خانه شطرنج اصفهان,آدرس: اتوبان چمران، خیابان محمدطاهر، خانه شطرنج اصفهان,03135685100,آموزش شطرنج پیشرفته,1.000.000 تومان,19,99,بزرگسالان
مرکز رشد فطرت,آدرس: میدان برازنده، مسجد بقیه الله، طبقه فوقانی,09934991335,تئاتر دختران,1.000.000 تومان,12,15,متوسطه1
مرکز رشد فطرت,آدرس: میدان برازنده، مسجد بقیه الله، طبقه فوقانی,09934991335,تئاتر دختران,1.000.000 تومان,15,18,متوسطه2
مرکز رشد فطرت,آدرس: میدان برازنده، مسجد بقیه الله، طبقه فوقانی,09934991335,جعبه گفتار(فن بیان) دختران,900.000 تومان,9,12,دبستان2
مرکز رشد فطرت,آدرس: میدان برازنده، مسجد بقیه الله، طبقه فوقانی,09934991335,مهارت های زندگی کودک,700.000 تومان,6,9,دبستان1
مرکز رشد فطرت,آدرس: میدان برازنده، مسجد بقیه الله، طبقه فوقانی,09934991335,خوشنویسی دختران,700.000 تومان,9,12,دبستان2
مرکز رشد فطرت,آدرس: میدان برازنده، مسجد بقیه الله، طبقه فوقانی,09934991335,خوشنویسی دختران,700.000 تومان,12,15,متوسطه1
مرکز رشد فطرت,آدرس: میدان برازنده، مسجد بقیه الله، طبقه فوقانی,09934991335,خوشنویسی دختران,700.000 تومان,15,18,متوسطه2
مرکز رشد فطرت,آدرس: میدان برازنده، مسجد بقیه الله، طبقه فوقانی,09934991335,گلدوزی دختران,700.000 تومان,12,15,متوسطه1
مرکز رشد فطرت,آدرس: میدان برازنده، مسجد بقیه الله، طبقه فوقانی,09934991335,گلدوزی دختران,700.000 تومان,15,18,متوسطه2
مرکز رشد فطرت,آدرس: میدان برازنده، مسجد بقیه الله، طبقه فوقانی,09934991335,نقاشی روی پارچه دختران,700.000 تومان,9,12,دبستان2
مرکز رشد فطرت,آدرس: میدان برازنده، مسجد بقیه الله، طبقه فوقانی,09934991335,نقاشی روی پارچه دختران,700.000 تومان,12,15,متوسطه1
مرکز رشد فطرت,آدرس: میدان برازنده، مسجد بقیه الله، طبقه فوقانی,09934991335,نقاشی روی پارچه دختران,700.000 تومان,15,18,متوسطه2
مرکز رشد فطرت,آدرس: میدان برازنده، مسجد بقیه الله، طبقه فوقانی,09934991335,نقاشی دختران,700.000 تومان,6,9,دبستان1
مرکز رشد فطرت,آدرس: میدان برازنده، مسجد بقیه الله، طبقه فوقانی,09934991335,نقاشی دختران,700.000 تومان,9,12,دبستان2
مرکز رشد فطرت,آدرس: میدان برازنده، مسجد بقیه الله، طبقه فوقانی,09934991335,دوخت مقدماتی بانوان,2.500.000 تومان,19,99,بزرگسالان
مرکز رشد فطرت,آدرس: میدان برازنده، مسجد بقیه الله، طبقه فوقانی,09934991335,دوخت تکمیلی بانوان,2.500.000 تومان,19,99,بزرگسالان
مرکز رشد فطرت,آدرس: میدان برازنده، مسجد بقیه الله، طبقه فوقانی,09934991335,کارگاه چرم(دوخت چرم، نقاشی روی چرم و معرق چرم) دختران,700.000 تومان,9,12,دبستان2
مرکز رشد فطرت,آدرس: میدان برازنده، مسجد بقیه الله، طبقه فوقانی,09934991335,کارگاه چرم(دوخت چرم، نقاشی روی چرم و معرق چرم) دختران,700.000 تومان,12,15,متوسطه1
مرکز رشد فطرت,آدرس: میدان برازنده، مسجد بقیه الله، طبقه فوقانی,09934991335,کارگاه چرم(دوخت چرم، نقاشی روی چرم و معرق چرم) دختران,700.000 تومان,15,18,متوسطه2
مرکز رشد فطرت,آدرس: میدان برازنده، مسجد بقیه الله، طبقه فوقانی,09934991335,رزین دختران,700.000 تومان,9,12,دبستان2
مرکز رشد فطرت,آدرس: میدان برازنده، مسجد بقیه الله، طبقه فوقانی,09934991335,رزین دختران,700.000 تومان,12,15,متوسطه1
مرکز رشد فطرت,آدرس: میدان برازنده، مسجد بقیه الله، طبقه فوقانی,09934991335,رزین دختران,700.000 تومان,15,18,متوسطه2
مرکز رشد فطرت,آدرس: میدان برازنده، مسجد بقیه الله، طبقه فوقانی,09934991335,آموزش سنگ  مصنوعی و دکوراسیون دختران,700.000 تومان,9,12,دبستان2
مرکز رشد فطرت,آدرس: میدان برازنده، مسجد بقیه الله، طبقه فوقانی,09934991335,آموزش سنگ  مصنوعی و دکوراسیون دختران,700.000 تومان,12,15,متوسطه1
مرکز رشد فطرت,آدرس: میدان برازنده، مسجد بقیه الله، طبقه فوقانی,09934991335,آموزش سنگ  مصنوعی و دکوراسیون دختران,700.000 تومان,15,18,متوسطه2
مرکز رشد فطرت,آدرس: میدان برازنده، مسجد بقیه الله، طبقه فوقانی,09934991335,کونگ فو دختران,900.000 تومان,6,9,دبستان1
مرکز رشد فطرت,آدرس: میدان برازنده، مسجد بقیه الله، طبقه فوقانی,09934991335,کونگ فو دختران,900.000 تومان,9,12,دبستان2
مرکز رشد فطرت,آدرس: میدان برازنده، مسجد بقیه الله، طبقه فوقانی,09934991335,کونگ فو دختران,900.000 تومان,12,15,متوسطه1
مرکز رشد فطرت,آدرس: میدان برازنده، مسجد بقیه الله، طبقه فوقانی,09934991335,کونگ فو دختران,900.000 تومان,15,18,متوسطه2
مرکز رشد فطرت,آدرس: میدان برازنده، مسجد بقیه الله، طبقه فوقانی,09934991335,ژیمناستیک دختران,900.000 تومان,6,9,دبستان1
مرکز رشد فطرت,آدرس: میدان برازنده، مسجد بقیه الله، طبقه فوقانی,09934991335,ژیمناستیک دختران,900.000 تومان,9,12,دبستان2
مرکز رشد فطرت,آدرس: میدان برازنده، مسجد بقیه الله، طبقه فوقانی,09934991335,ژیمناستیک دختران,900.000 تومان,12,15,متوسطه1
مرکز رشد فطرت,آدرس: میدان برازنده، مسجد بقیه الله، طبقه فوقانی,09934991335,ژیمناستیک دختران,900.000 تومان,15,18,متوسطه2
مرکز رشد فطرت,آدرس: میدان برازنده، مسجد بقیه الله، طبقه فوقانی,09934991335,تکواندو دختران,900.000 تومان,6,9,دبستان1
مرکز رشد فطرت,آدرس: میدان برازنده، مسجد بقیه الله، طبقه فوقانی,09934991335,تکواندو دختران,900.000 تومان,9,12,دبستان2
مرکز رشد فطرت,آدرس: میدان برازنده، مسجد بقیه الله، طبقه فوقانی,09934991335,تکواندو دختران,900.000 تومان,12,15,متوسطه1
مرکز رشد فطرت,آدرس: میدان برازنده، مسجد بقیه الله، طبقه فوقانی,09934991335,تکواندو دختران,900.000 تومان,15,18,متوسطه2
مرکز رشد فطرت,آدرس: میدان برازنده، مسجد بقیه الله، طبقه فوقانی,09934991335,کاراته دختران,900.000 تومان,6,9,دبستان1
مرکز رشد فطرت,آدرس: میدان برازنده، مسجد بقیه الله، طبقه فوقانی,09934991335,کاراته دختران,900.000 تومان,9,12,دبستان2
مرکز رشد فطرت,آدرس: میدان برازنده، مسجد بقیه الله، طبقه فوقانی,09934991335,کاراته دختران,900.000 تومان,12,15,متوسطه1
مرکز رشد فطرت,آدرس: میدان برازنده، مسجد بقیه الله، طبقه فوقانی,09934991335,کاراته دختران,900.000 تومان,15,18,متوسطه2
مرکز رشد فطرت,آدرس: میدان برازنده، مسجد بقیه الله، طبقه فوقانی,09934991335,پیلاتس بانوان,900.000 تومان,19,99,بزرگسالان
مرکز رشد فطرت,آدرس: میدان برازنده، مسجد بقیه الله، طبقه فوقانی,09934991335,فوتسال دختران,1.200.000 تومان,6,9,دبستان1
مرکز رشد فطرت,آدرس: میدان برازنده، مسجد بقیه الله، طبقه فوقانی,09934991335,فوتسال دختران,1.200.000 تومان,9,12,دبستان2
مرکز رشد فطرت,آدرس: میدان برازنده، مسجد بقیه الله، طبقه فوقانی,09934991335,فوتسال دختران,1.200.000 تومان,12,15,متوسطه1
مرکز رشد فطرت,آدرس: میدان برازنده، مسجد بقیه الله، طبقه فوقانی,09934991335,فوتسال دختران,1.200.000 تومان,15,18,متوسطه2
مرکز رشد فطرت,آدرس: میدان برازنده، مسجد بقیه الله، طبقه فوقانی,09934991335,والیبال دختران,1.200.000 تومان,9,12,دبستان2
مرکز رشد فطرت,آدرس: میدان برازنده، مسجد بقیه الله، طبقه فوقانی,09934991335,والیبال دختران,1.200.000 تومان,12,15,متوسطه1
مرکز رشد فطرت,آدرس: میدان برازنده، مسجد بقیه الله، طبقه فوقانی,09934991335,والیبال دختران,1.200.000 تومان,15,18,متوسطه2
مرکز رشد فطرت,آدرس: میدان برازنده، مسجد بقیه الله، طبقه فوقانی,09934991335,شنا دختران(قد 120 سانت به بالا),2.500.000 تومان,9,12,دبستان2
مرکز رشد فطرت,آدرس: میدان برازنده، مسجد بقیه الله، طبقه فوقانی,09934991335,شنا دختران(قد 120 سانت به بالا),2.500.000 تومان,12,15,متوسطه1
مرکز رشد فطرت,آدرس: میدان برازنده، مسجد بقیه الله، طبقه فوقانی,09934991335,شنا دختران(قد 120 سانت به بالا),2.500.000 تومان,15,18,متوسطه2
مرکز رشد فطرت,آدرس: میدان برازنده، مسجد بقیه الله، طبقه فوقانی,09934991335,ریاضی(اول به دوم) دختران,800.000 تومان,6,9,دبستان1
مرکز رشد فطرت,آدرس: میدان برازنده، مسجد بقیه الله، طبقه فوقانی,09934991335,فارسی(اول به دوم) دختران,800.000 تومان,6,9,دبستان1
مرکز رشد فطرت,آدرس: میدان برازنده، مسجد بقیه الله، طبقه فوقانی,09934991335,چرتکه دختران,800.000 تومان,9,12,دبستان2
مرکز رشد فطرت,آدرس: میدان برازنده، مسجد بقیه الله، طبقه فوقانی,09934991335,چرتکه دختران,800.000 تومان,12,15,متوسطه1
مرکز رشد فطرت,آدرس: میدان برازنده، مسجد بقیه الله، طبقه فوقانی,09934991335,چرتکه دختران,800.000 تومان,15,18,متوسطه2
مرکز رشد فطرت,آدرس: میدان برازنده، مسجد بقیه الله، طبقه فوقانی,09934991335,روان خوانی قرآن دختران,500.000 تومان,9,12,دبستان2
مرکز رشد فطرت,آدرس: میدان برازنده، مسجد بقیه الله، طبقه فوقانی,09934991335,روان خوانی قرآن دختران,500.000 تومان,12,15,متوسطه1
مرکز رشد فطرت,آدرس: میدان برازنده، مسجد بقیه الله، طبقه فوقانی,09934991335,روان خوانی قرآن دختران,500.000 تومان,15,18,متوسطه2
مرکز رشد فطرت,آدرس: میدان برازنده، مسجد بقیه الله، طبقه فوقانی,09934991335,چرتکه پسران,800.000 تومان,9,12,دبستان2
مرکز رشد فطرت,آدرس: میدان برازنده، مسجد بقیه الله، طبقه فوقانی,09934991335,چرتکه پسران,800.000 تومان,12,15,متوسطه1
مرکز رشد فطرت,آدرس: میدان برازنده، مسجد بقیه الله، طبقه فوقانی,09934991335,چرتکه پسران,800.000 تومان,15,18,متوسطه2
مرکز رشد فطرت,آدرس: میدان برازنده، مسجد بقیه الله، طبقه فوقانی,09934991335,زبان  Family & Friends پسران,1.500.000 تومان,9,12,دبستان2
مرکز رشد فطرت,آدرس: میدان برازنده، مسجد بقیه الله، طبقه فوقانی,09934991335,زبان  Family & Friends پسران,1.500.000 تومان,12,15,متوسطه1
مرکز رشد فطرت,آدرس: میدان برازنده، مسجد بقیه الله، طبقه فوقانی,09934991335,زبان  Family & Friends پسران,1.500.000 تومان,15,18,متوسطه2
مرکز رشد فطرت,آدرس: میدان برازنده، مسجد بقیه الله، طبقه فوقانی,09934991335,خوشنویسی پسران,700.000 تومان,9,12,دبستان2
مرکز رشد فطرت,آدرس: میدان برازنده، مسجد بقیه الله، طبقه فوقانی,09934991335,خوشنویسی پسران,700.000 تومان,12,15,متوسطه1
مرکز رشد فطرت,آدرس: میدان برازنده، مسجد بقیه الله، طبقه فوقانی,09934991335,خوشنویسی پسران,700.000 تومان,15,18,متوسطه2
مرکز رشد فطرت,آدرس: میدان برازنده، مسجد بقیه الله، طبقه فوقانی,09934991335,نقاشی پسران,700.000 تومان,6,9,دبستان1
مرکز رشد فطرت,آدرس: میدان برازنده، مسجد بقیه الله، طبقه فوقانی,09934991335,نقاشی پسران,700.000 تومان,9,12,دبستان2
مرکز رشد فطرت,آدرس: میدان برازنده، مسجد بقیه الله، طبقه فوقانی,09934991335,شنا پسران(قد 120 سانت به بالا),2.500.000 تومان,9,12,دبستان2
مرکز رشد فطرت,آدرس: میدان برازنده، مسجد بقیه الله، طبقه فوقانی,09934991335,شنا پسران(قد 120 سانت به بالا),2.500.000 تومان,12,15,متوسطه1
مرکز رشد فطرت,آدرس: میدان برازنده، مسجد بقیه الله، طبقه فوقانی,09934991335,شنا پسران(قد 120 سانت به بالا),2.500.000 تومان,15,18,متوسطه2
مرکز رشد فطرت,آدرس: میدان برازنده، مسجد بقیه الله، طبقه فوقانی,09934991335,کاراته پسران,900.000 تومان,6,9,دبستان1
مرکز رشد فطرت,آدرس: میدان برازنده، مسجد بقیه الله، طبقه فوقانی,09934991335,کاراته پسران,900.000 تومان,9,12,دبستان2
مرکز رشد فطرت,آدرس: میدان برازنده، مسجد بقیه الله، طبقه فوقانی,09934991335,کاراته پسران,900.000 تومان,12,15,متوسطه1
مرکز رشد فطرت,آدرس: میدان برازنده، مسجد بقیه الله، طبقه فوقانی,09934991335,کاراته پسران,900.000 تومان,15,18,متوسطه2
مرکز رشد فطرت,آدرس: میدان برازنده، مسجد بقیه الله، طبقه فوقانی,09934991335,کونگ فو پسران,900.000 تومان,6,9,دبستان1
مرکز رشد فطرت,آدرس: میدان برازنده، مسجد بقیه الله، طبقه فوقانی,09934991335,کونگ فو پسران,900.000 تومان,9,12,دبستان2
مرکز رشد فطرت,آدرس: میدان برازنده، مسجد بقیه الله، طبقه فوقانی,09934991335,کونگ فو پسران,900.000 تومان,12,15,متوسطه1
مرکز رشد فطرت,آدرس: میدان برازنده، مسجد بقیه الله، طبقه فوقانی,09934991335,کونگ فو پسران,900.000 تومان,15,18,متوسطه2
مرکز رشد فطرت,آدرس: میدان برازنده، مسجد بقیه الله، طبقه فوقانی,09934991335,ژیمناستیک پسران,900.000 تومان,6,9,دبستان1
مرکز رشد فطرت,آدرس: میدان برازنده، مسجد بقیه الله، طبقه فوقانی,09934991335,ژیمناستیک پسران,900.000 تومان,9,12,دبستان2
مرکز رشد فطرت,آدرس: میدان برازنده، مسجد بقیه الله، طبقه فوقانی,09934991335,ژیمناستیک پسران,900.000 تومان,12,15,متوسطه1
مرکز رشد فطرت,آدرس: میدان برازنده، مسجد بقیه الله، طبقه فوقانی,09934991335,ژیمناستیک پسران,900.000 تومان,15,18,متوسطه2
مرکز رشد فطرت,آدرس: میدان برازنده، مسجد بقیه الله، طبقه فوقانی,09934991335,فوتسال پسران,1.200.000 تومان,6,9,دبستان1
مرکز رشد فطرت,آدرس: میدان برازنده، مسجد بقیه الله، طبقه فوقانی,09934991335,فوتسال پسران,1.200.000 تومان,9,12,دبستان2
مرکز رشد فطرت,آدرس: میدان برازنده، مسجد بقیه الله، طبقه فوقانی,09934991335,فوتسال پسران,1.200.000 تومان,12,15,متوسطه1
مرکز رشد فطرت,آدرس: میدان برازنده، مسجد بقیه الله، طبقه فوقانی,09934991335,فوتسال پسران,1.200.000 تومان,15,18,متوسطه2
مرکز رشد فطرت,آدرس: میدان برازنده، مسجد بقیه الله، طبقه فوقانی,09934991335,نقاشی و خلاقیت کودک,700.000 تومان,4,6,پیش دبستانی
مرکز رشد فطرت,آدرس: میدان برازنده، مسجد بقیه الله، طبقه فوقانی,09934991335,سفال,700.000 تومان,4,6,پیش دبستانی
مرکز رشد فطرت,آدرس: میدان برازنده، مسجد بقیه الله، طبقه فوقانی,09934991335,قرآن شکوفه ها,500.000 تومان,4,6,پیش دبستانی
مرکز رشد فطرت,آدرس: میدان برازنده، مسجد بقیه الله، طبقه فوقانی,09934991335,پرورش استعداد کودکان,900.000 تومان,9,12,دبستان2
آموزش تنیس خاکی,آدرس:  پرواز پلاس,09130202670,آموزش تنیس خاکی 3 نفره,7.500.000 تومان,19,99,بزرگسالان
آموزش تنیس خاکی,آدرس:  پرواز پلاس,09130202670,آموزش تنیس خاکی 2 نفره,9.500.000 تومان,19,99,بزرگسالان
آموزش تنیس خاکی,آدرس:  پرواز پلاس,09130202670,مبلغ یارانه(م.ت),15,4,6,پیش دبستانی
آموزش تنیس خاکی,آدرس:  پرواز پلاس,09130202670,مقطع,پیش دبستانی,12,15,متوسطه1
آموزش تنیس خاکی,آدرس:  پرواز پلاس,09130202670,تعداد,170,15,18,متوسطه2
آموزش تنیس خاکی,آدرس:  پرواز پلاس,09130202670,پیش دبستانی,دبستان 1,12,15,متوسطه1
آموزش تنیس خاکی,آدرس:  پرواز پلاس,09130202670,دبستان 1,دبستان 2,12,15,متوسطه1
آموزش تنیس خاکی,آدرس:  پرواز پلاس,09130202670,دبستان 2,متوسطه اول,12,15,متوسطه1
آموزش تنیس خاکی,آدرس:  پرواز پلاس,09130202670,متوسطه اول,متوسطه دوم,12,15,متوسطه1
آموزش تنیس خاکی,آدرس:  پرواز پلاس,09130202670,متوسطه دوم,مقاطع بالاتر,12,15,متوسطه1
